code,name,chain,city,area,cuisines,rating,reviews,min_order,delivery_fee,delivery_time_min,lat,lng,address,post_code
oid3,Dibbles,Dibbles Gulshan,Dhaka,,Chicken|Snacks|Meat|Burgers|Western|Fast Food,4.7,30,50.0,38.0,35.0,23.86918812,90.38888949,"SH Tower, 4th Floor, House: 35, Gawsul azom avenue, Sector: 14, Uttara, Dhaka 1230",1230
ewqw,Honest Bistro & Dine,,Dhaka,,Beverage|Cafe|Breakfast|Dessert|Burgers|Western|Faluda,0.0,0,50.0,61.0,35.0,23.86246345,90.39401645,HOUSE-13 road-18 sector-3 Uttara-1230,1230
tr0z,Khaddo Bilash,,Dhaka,,Snacks|Rice Dishes,4.1,26,50.0,52.0,45.0,23.8749548,90.3952232,": H#49, R#1, S#9,",1230
cf65,Two spoons,,Dhaka,,Western|Fast Food,4.7,23,50.0,38.0,30.0,23.8724054,90.3909436,"Two spoons,plot 38,Gareeb E Newaz Ave,Sector 13,uttara,Dhaka",1230
fflz,All That,,Dhaka,,Snacks|Burgers|Western|Fast Food,0.0,0,50.0,37.0,30.0,23.8672233,90.3838547,"Plot 3, Shah Makhdum Avenue, Sector 14, Uttara Dhaka-1230",1230
iy2u,Crosta Express,,Dhaka,,Snacks|Beverage|Cafe|Fast Food,4.0,15,50.0,37.0,30.0,23.8672233,90.3838547,"plot 1, shah makdum avenue, sector 14, Uttara Dhaka-1230",1230
fejm,Rice Lab - Uttara,Rice Lab - Mirpur,Dhaka,,Rice Dishes|Chinese|Asian|Fast Food,4.2,30,50.0,38.0,30.0,23.86918812,90.38888949,"SH Tower, 4th Floor, House: 35, Gawsul azom avenue, Sector: 14, Uttara, Dhaka 1230",1230
vudf,Tehari Ghar + (Uttara Sec 12),Tehari Ghor Plus,Dhaka,,Rice Dishes|Indian|Biryani|Asian,4.8,30,50.0,28.0,30.0,23.86928849,90.38377097,"31, Shah Makhdum Ave (12-13 More) Sector 12, Uttara, Dhaka- 1230",1230
s6ka,Cheez - Uttara,Cheez,Dhaka,,Italian|Mediterranean|Pizza|Western,4.8,30,50.0,34.0,35.0,23.8772382,90.39084735,"Gareeb-e-Nawaz Avenue, House No. 34, Sector 11, Uttara, Dhaka",1230
r3n8,BiteCraft - Uttara,,Dhaka,,Rice Dishes|Burgers|Western,4.5,17,50.0,38.0,30.0,23.86455007,90.38672435,"Sector -14, House -24, Road-09,Sector-14, Uttara., 1230 Uttara, Dhaka, Bangladesh",1230
ulta,Food Lab,,Dhaka,,Italian|Mediterranean|Pizza|Burgers|Western|Fast Food,3.5,30,50.0,28.0,55.0,23.87613218,90.38903845,"House: 22, road:17, Sector:11 Uttara Sector 11 No Park,  Uttara , 11no sector, Dahaka",.
yxgi,Uncle Bobo's - Uttara,Uncle Bobo's,Dhaka,,Fast Food,4.9,30,50.0,52.0,35.0,23.8667142,90.39411705,"House No. 54, Road No. 13, Sector No. 3, Uttara Model Town, Dhaka-1230",1230
o4qm,Waffle Up - Uttara,Waffle Up,Dhaka,,Dessert,4.9,30,50.0,38.0,25.0,23.871721,90.390698,29 Garib Newaz Avenue  Sector  13,1230
cj62,B-Baria Restaurant - Uttara,B-Baria Restaurant - Uttara,Dhaka,,Curry|Indian|Biryani|Bangladeshi|Asian,1.9,30,50.0,61.0,30.0,23.87935425,90.4014715,"Sector 8, Sujon Road, Right side of polwel carnation shopping center, abdul kadir super market, Uttara",1230
s3md,Jalapenos,Jalapenos,Dhaka,,Wraps|Snacks|Rice Dishes|Burgers|Western,4.4,30,50.0,38.0,30.0,23.8655809,90.3840992,"Sector 14, Road 23, Jatrabari Road, Pakuria, Beside Daraz Office, Dhaka, Bangladesh",1230
aszk,House of Rice,,Dhaka,,Snacks|Rice Dishes|Beverage,4.7,30,50.0,52.0,45.0,23.8652674,90.3891714,"johura market ,Plot-15/C, (1st Floor) Sector # 14, Road 05, Uttara,Dhaka 1230",1230
clml,Foodelux,,Dhaka,,Italian|Mediterranean|Pizza|Western|Bangladeshi|Asian,3.5,30,50.0,31.0,50.0,23.8761185,90.3889192,"Shop no:03, House:22, Road:17, Sector:11, Uttara, Dhaka-1230, beside Uttara Evergreen Students Hostel",1230
waua,Rice & More,Rice & More,Dhaka,,Rice Dishes|Chinese|Western|Asian|Fast Food,4.3,30,50.0,38.0,35.0,23.86918812,90.38888949,"SH Tower, 4th Floor, House: 35, Gawsul azom avenue, Sector: 14, Uttara, Dhaka 1230",1230
ge20,Dream Burger,Dream Burger,Dhaka,,Burgers|Western|Fast Food,4.1,30,50.0,38.0,30.0,23.86918812,90.38888949,"SH Tower, 4th Floor, House: 35, Gawsul azom avenue, Sector: 14, Uttara, Dhaka 1230",1230
d71c,Fries & Rice,Fries & Rice,Dhaka,,Chicken|Meat|Fast Food,4.3,30,50.0,38.0,30.0,23.86915223,90.38887361,"House- 35, FH Tower, Lift- (level 4), Road- Gausul Azam Avenue, Dhaka-1230",1230
xioq,Tehari & Khichuri Ghor,,Dhaka,,Rice Dishes|Bangladeshi|Asian,4.2,30,50.0,37.0,30.0,23.874267,90.3907017,Zam Zam Tower East Side Uttara-1230,1230
pi92,Wrap & Meat Box,Wrap & Meat Box,Dhaka,,Wraps|Snacks|Middle Eastern|Shawarma|Fast Food,4.4,30,50.0,38.0,30.0,23.86917568,90.38885766,"SH Tower, 4th Floor, House: 35, Gawsul Azam Avenue, Sector: 14, Uttara, Dhaka 1230",1230
scgo,Cafe Cino,Cafe Cino,Dhaka,,Fast Food,4.8,30,50.0,61.0,35.0,23.8633332,90.3941384,House-26 sector-3 road -18 uttara sector-3  Dhaka-1230,1230
gu4a,Allahr Dan Kacchi Ghor,,Dhaka,,Rice Dishes|Indian|Biryani|Asian,3.8,30,50.0,38.0,25.0,23.8799228,90.3919475,Sector -10/11 Road-13 Swicth gate Mosques Uttara-1230,1230
h6dp,Maa Home Delivery - Uttara,Maa Home Delivery - Uttara,Dhaka,,Snacks|Curry|Rice Dishes|Bangladeshi|Asian,3.4,30,50.0,19.0,35.0,23.8712417,90.384845,"House-39, Road-18,Sector-13, Uttara.",1230
yeua,O Bhai Kacchi,O Bhai Kacchi,Dhaka,,Rice Dishes|Indian|Biryani|Asian,3.8,30,50.0,83.0,30.0,23.87650172,90.40622822,"Holding - 916, Hazi Bahar Uddin Market, Near Railgate, Faidabad, Sector - 8, Uttara",1230
oeq3,Shaandar Khichuri & Rice,,Dhaka,,Snacks|Curry|Rice Dishes|Bangladeshi|Asian|Khichuri,3.3,23,50.0,52.0,40.0,23.861315,90.385555,"আহলিয়া মসজিদ, আহালিয়া মসজিদের সামনে আহালিয়া মসজিদের গেটের সামনে দাঁড়াতে হবে, 1230 উত্তরা, ঢাকা, Bangladesh",1230
jee5,Daily Cup,,Dhaka,,Snacks|Italian|Pasta|Mediterranean|Western|Fast Food,4.3,11,50.0,52.0,35.0,23.8643831,90.3903533,"Sector -05, Road-01,house- 27 Connecting road between road -1 and road - 6/A, 1230 Uttara, Dhaka, Bangladesh",1230
srb1,Hot & Steamy - Bangla,,Dhaka,,Curry|Rice Dishes|Bangladeshi|Asian|Khichuri,4.7,30,50.0,41.0,50.0,23.8647251,90.38266235,"House : Bagan Bari, Pakuria Main Road, Uttara - 14",1230
r7q1,Care Kitchen,,Dhaka,,Snacks|Rice Dishes,4.7,27,50.0,38.0,35.0,23.8646555,90.3865646,"House 24, Road 9, Sector 14, Uttara",1230
y6wf,Chef Kitchen,,Dhaka,,Snacks|Rice Dishes|Fast Food,4.3,30,50.0,38.0,30.0,23.8655809,90.3840992,"Sector 14, Road 23, Jatrabari Road, Pakuria, Beside Daraz Office, Dhaka, Bangladesh",1230
ymbq,Punch Monkey Lazzy Bite,,Dhaka,,Snacks|Beverage|Dessert,4.3,30,50.0,28.0,30.0,23.8692645,90.38514865,"Chefs Corner, House-81 Gausul Azam Ave, Dhaka 1230, 1230 Uttara, Dhaka, Bangladesh",1230
crd8,Crispy Corner,,Dhaka,,Curry|Rice Dishes,2.0,5,50.0,41.0,30.0,23.864707,90.3865154,"House-25, Road-09, Sector-14, Uttara -1230, Dhaka",1230
k7ax,Crustease,Crustease,Dhaka,,Snacks|Italian|Mediterranean|Pizza|Western,4.3,30,50.0,38.0,30.0,23.86540725,90.38487855,"House-6, Road-22, Sector 14. Uttara, Dhaka
near Al-Manar Adarsho Qawmi Madrasa",1230
r3gn,Seoul Spice Kitchen,,Dhaka,,Snacks|Rice Dishes|Korean|Asian,4.6,30,50.0,52.0,40.0,23.8699201,90.3943159,"Road-18/House-43/G-1 Road-18/House-43/G-1, 1230 Uttara, Dhaka, Bangladesh",1230
c972,Ledor- Uttara,Ledor,Dhaka,,Dessert|Fast Food,4.9,28,50.0,52.0,35.0,23.86716355,90.39399545,"Range KM Square, Plot 53,Rabindra Sarani, Road 18. Sector 3, Uttara, Dhaka 1230",1230
rhcp,Flavour Spot,,Dhaka,,Italian|Pasta|Mediterranean|Burgers|Western|Fast Food,3.0,10,50.0,52.0,30.0,23.86435453,90.39029945,"House 27, Sector 05,road 1 Connecting road between road -1 and road - 6/A, 1230 Uttara, Dhaka, Bangladesh",1230
dcgk,The Pizzario,,Dhaka,,Italian|Mediterranean|Pizza|Western,3.6,3,50.0,9.0,35.0,23.8758569,90.3834064,Rd:18 House: 1 Uttara 12 sector,1230
qbn3,Moti's Kitchen,,Dhaka,,Snacks|Curry,3.9,30,50.0,41.0,35.0,23.8866408,90.3881789,"House-63, Sector-10, Road-10, House-63, Sector-10, Road-10, Dhaka-1230, Bangladesh",1230
mnxb,Uttara Homemade Biriyani House,,Dhaka,,Indian|Biryani|Bangladeshi|Asian|Khichuri,1.9,30,50.0,56.0,50.0,23.8564355,90.38558875,"বাউনিয়া রোড, প্রিয়াঙ্কা রায় সিটি",1230
uq4y,Matir Hari Kitchen,,Dhaka,,,4.8,10,50.0,19.0,30.0,23.87116589,90.38477217,Sector.13 Road.18 House.41,1230
hj3u,Meat & Bhat,,Dhaka,,Curry|Rice Dishes|Bangladeshi|Asian,3.8,30,50.0,52.0,35.0,23.86109335,90.3888295,"মজুমদার ফাউন্ডেশন মসজিদ।, রোড-6/A সেক্টর-5, 1230 উত্তরা, ঢাকা, Bangladesh",1230
yu73,Cheese Please,,Dhaka,,Western|Fast Food,4.3,30,50.0,38.0,30.0,23.8654545,90.3849333,"House-6, Road-22, Sector 14, Uttara, Dhaka 1230",1230
amhc,Chicken Junction - Uttara,Chicken Junction,Dhaka,,Chicken|Meat|Burgers|Western|Fried Chicken,3.5,2,50.0,38.0,35.0,23.86563188,90.38395337,"sector 14,jatrabari road, pakuria,beside daraz office, uttara",1230
ad8f,Tehari & More,,Dhaka,,Rice Dishes,3.6,30,50.0,38.0,35.0,23.86540725,90.38487855,"house-06, road-22, sector 14, Uttara Dhaka",1230
l76d,LiteBites & Juices,,Dhaka,,Snacks|Beverage,3.0,15,50.0,31.0,40.0,23.876098,90.3889652,"Uttara, Sector:11, Road:17, House:22, Shop no:01.",1230
blvr,Rice Express - Uttara,,Dhaka,,Rice Dishes|Asian,0.0,0,50.0,38.0,30.0,23.86565327,90.38410456,"House - 18, Road - 23, Sector - 14, Opposite of Mizan Medical Hall, Pakuria, Jatrabari Bazar, Uttara, Dhaka - 1230",1230
xrdo,Hot & Steamy,,Dhaka,,Snacks|Rice Dishes,4.8,30,50.0,41.0,65.0,23.8647066,90.3826333,"House : Bagan Bari, Pakuria Main Road, Uttara - 14",1230
hfeb,Bunstar,,Dhaka,,Snacks|Burgers|Western,4.6,4,50.0,52.0,40.0,23.8652961,90.38918,"johura market ,Plot-15/C, (1st Floor) Sector # 14, Road 05, Uttara,Dhaka 1230",1220
ctg1,Chunkz,,Dhaka,,Fast Food,3.8,19,50.0,38.0,35.0,23.8866767,90.3881393,"Road 10, Rd 10, house 63 sector 10, road 10, house 63",1230
kjb0,Bachelor's Kitchen,,Dhaka,,Curry|Bangladeshi|Asian,0.0,0,50.0,31.0,35.0,23.8791543,90.3873466,Uttara sector 10 road 1 house 44 1st floor 1A,1230
s4so,Bon Cafe,Bon Cafe,Dhaka,,Steak|Italian|Pasta|Beverage|Mediterranean|Cafe|Soups|Dessert|Meat|Western,4.6,5,50.0,78.0,35.0,23.86128605,90.39590915,"House 34, Sector 3, Road 1, Uttara Jashimuddin Road, Dhaka",1230
vmcp,Lunch Villa - Uttara,Lunch Villa - Paltan,Dhaka,,Snacks|Rice Dishes,4.7,1,50.0,38.0,35.0,23.86559,90.3840017,"sector 14,jatrabari road, pakuria,beside daraz office, uttara",1230
n8qg,Uttara Home Biriyani House,,Dhaka,,Rice Dishes|Indian|Biryani|Asian,2.3,13,50.0,56.0,45.0,23.8564341,90.3855728,"Bawnia Road, Priyanka Runway City ,Landing Zone Restaurant & Cafe",1230
rofg,Uttara Home Kitchen,,Dhaka,,Indian|Biryani|Asian,2.1,2,50.0,56.0,45.0,23.8563,90.3856733,"City: Dhaka
Area: Dhaka Division
1230
Bawnia Road, Priyanka Runway City ,Landing Zone Restaurant & Cafe",1230
r22h,Best Home made,,Dhaka,,Cakes|Dessert,4.7,30,50.0,78.0,30.0,23.8620003,90.3962443,"Sector 03, Rd 10, house 03, 1230 উত্তরা, ঢাকা, Bangladesh, 1230 Dhaka, Bangladesh, 1230 Dhaka, Bangladesh",1230
urgf,Nobanno,,Dhaka,,Curry|Bangladeshi|Asian,3.6,18,50.0,31.0,35.0,23.8678824,90.3810836,"House#20 Road#5 Sector#12, Priyanka city, Uttara, Dhaka.",1230
wiq0,GOBBLS,,Dhaka,,Chicken|Snacks|Rice Dishes|Meat|Fast Food,3.6,27,50.0,52.0,50.0,23.8749517,90.395162,"House 49, Road 1, Sector 9, Uttora",1230
zgqg,Red Onion - Uttara,Red Onion,Dhaka,,Snacks|Curry|Italian|Pasta|Mediterranean|Noodles|Western,3.9,4,50.0,38.0,35.0,23.8655798,90.3840035,"sector 14,jatrabari road, pakuria,beside daraz office, uttara",1230
wsz1,Homestyle Beef and Rice,,Dhaka,,Curry|Rice Dishes|Bangladeshi|Asian,3.9,15,50.0,52.0,30.0,23.8611363,90.3890334,"মজুমদার ফাউন্ডেশন মসজিদ।, রোড-6/A সেক্টর-5 ইসরাইল মজুমদার হাই স্কুল!!, 1230 উত্তরা, ঢাকা, Bangladesh",1230
dzmu,Late Night Kitchen,,Dhaka,,Snacks,4.6,14,50.0,31.0,35.0,23.8678824,90.3810836,"House#20 Road#5 Sector#12, Priyanka city, Uttara, Dhaka.",1230
aow7,Pure Food Zone,,Dhaka,,Bangladeshi|Asian,0.0,0,50.0,9.0,0.0,23.8758547,90.3795438,"Uttara, H/F-241 Dhaka,Abdullahpur,Atipara,Rajabari,Khristan para, 1230 Uttara, Dhaka, Bangladesh",1230
v998,Tehari Ghar - Uttara Khalpar Sector 12,Tehari Ghar,Dhaka,,Rice Dishes|Indian|Biryani|Bangladeshi|Asian,4.9,30,50.0,9.0,0.0,23.87424945,90.3797134,"Muktijoddha K.S tower, sector-12, Uttara, Dhaka",1230
q4zf,Sayra's kitchen,,Dhaka,,Rice Dishes|Fast Food,0.0,0,50.0,9.0,0.0,23.87413746,90.37857523,"Sector 12, 01/4109, 1711 Uttara, Dhaka, Bangladesh",1711
qa4k,West Lake Restaurant,,Dhaka,,Curry|Rice Dishes|Soups|Seafood,0.0,0,50.0,9.0,35.0,23.87205985,90.3798712,"Uttara-12 ,, Road No. 6C,  House -36, Sector 12, 1230 Uttara, Dhaka, Bangladesh",1230
upor,ENZO,,Dhaka,,Rice Dishes,0.0,0,50.0,15.0,0.0,23.8713904,90.380721,"Sector 12, rod 5 . 50 home, 1230 Uttara, Dhaka, Bangladesh",1230
mqko,Juice & Fuchka,,Dhaka,,Juice Corner|Snacks|Beverage|Chotpoti & Fuchka|Dessert|Bangladeshi|Doi|Asian,4.6,30,50.0,15.0,0.0,23.8729241,90.3840633,"86 Shah Makhdum Ave, Dhaka 1230",1230
uojy,Next Bite,,Dhaka,,Snacks|Rice Dishes,3.8,30,50.0,15.0,35.0,23.8703049,90.3803155,"House-55,Road-06,Sector-12,Uttara,Dhaka-1230",1230
wz8j,Pick Li,,Dhaka,,Snacks|Rice Dishes|Bangladeshi|Asian,0.0,1,50.0,19.0,0.0,23.8727258,90.3856876,"Rd 12 House 11 House 11 Road 12 sector-10, 1230 Uttara, Dhaka, Bangladesh",1230
n9ch,The Coffee Club,,Dhaka,,Beverage|Cafe,4.8,11,50.0,19.0,35.0,23.8707439,90.3841361,"House 16, Shah Makdum Avenue sector 13, 1230 Uttara, Dhaka, Bangladesh",1230
okg3,Home Flavor,,Dhaka,,Curry|Rice Dishes|Bangladeshi|Asian,0.0,0,50.0,31.0,0.0,23.8710194,90.3858473,"19 Road No. 18, House: 19 Road: 18 Sector: 13 Flat: A1, 1230 Uttara, Dhaka, Bangladesh",1230
djtz,Dhakaiya Polao,,Dhaka,,Bangladeshi|Asian,2.4,5,50.0,28.0,35.0,23.8686783,90.383228,"Dhakaiya Polao, House 2 Road 2 Sector 12, 1230 Uttara, Dhaka, Bangladesh",1230
ysod,Choi Choi,,Dhaka,,Curry|Rice Dishes,0.0,1,50.0,31.0,35.0,23.8687733,90.3843377,"Nivriti, H 90,R 19, Sector 14, Uttara, Dhaka, 1230 Uttara, Dhaka, Bangladesh",1230
ro6t,Uttara Mojammel Mamar shera Chotpoti Fuchka,,Dhaka,,Juice Corner|Beverage|Chotpoti & Fuchka|Bangladeshi|Asian,1.6,1,50.0,31.0,0.0,23.8692483,90.3857769,"\Mastermind School samna,gausul azam ave, uttara,Dhaka",5678
voss,Delifrance - Uttara,Delifrance Gulshan Avenue,Dhaka,,Cakes|Beverage|Western|Fast Food,4.7,30,50.0,28.0,0.0,23.86937295,90.38626725,"Plot – 67, Rd #5, Gausul Azam Avenue, Sector – 14, Uttara ,Dhaka, (Level 2)",1230
i0w0,Radhuni's Secret,,Dhaka,,Asian,3.6,5,50.0,37.0,0.0,23.8672609,90.3830614,"Shah Makhdum Ave 2 Sector 12 , Road 1/A , near BIT , sorkar market Gate , Uttara, 1230 Uttara, Dhaka, Bangladesh",1230
avrd,Indulge - Uttara,Indulge,Dhaka,,Dessert|Fast Food,4.9,28,50.0,34.0,0.0,23.86955765,90.38701505,"House-54, Gausul Azam Avenue, Sector 13, uttara",1230
oobv,Chowmeenia,,Dhaka,,Noodles,0.0,0,50.0,36.0,0.0,23.880242,90.388662,"Moonlit winter house, House 33,road 3,sector 10,Uttara,Dhaka, 1230 Uttara, Dhaka, Bangladesh",1230
mo3s,RamenYum - Uttara,,Dhaka,,Snacks|Beverage|Noodles,4.4,30,50.0,34.0,0.0,23.8670907,90.3837473,"Plot # 01, Shah
Mokhdhum Avenue, Sector # 14, Uttara, Dhaka- 1230. Bangladesh",1230
msny,Musafir Khana,,Dhaka,,Curry|Rice Dishes|Bangladeshi|Asian,0.0,0,50.0,33.0,0.0,23.874624,90.3690081,"Musafirkhana Hotel & Restaurant, 44 Sonargaon janopth road, diabari, Turag, 1230 Uttara, Dhaka, Bangladesh",1230
aatt,Mukta's Kitchen,,Dhaka,,Snacks|Dessert,2.6,0,50.0,37.0,0.0,23.86748075,90.3848155,"House-62, Road-13, Sec:tor-14, Uttara",1230
h2im,Hot & Spicy Pizza,,Dhaka,,Snacks|Burgers|Western,0.0,4,50.0,36.0,0.0,23.8744314,90.368581,"Dia Bari Metro Station under Pillar No 6, Uttara, Dhaka-1230",1230
pqy9,DIET PACK,,Dhaka,,Healthy,2.2,4,50.0,36.0,0.0,23.88012391,90.38956437,"Uttara Sector 10 Central Jame Mosque, Uttara 10,Road 02,house 22, anabil, 1230 Uttara, Dhaka, Bangladesh",1230
aidf,Bengal Food,,Dhaka,,Bangladeshi|Asian,0.0,0,50.0,37.0,35.0,23.8657817,90.38219562,"Bengol Food, sercot 14,Road 23,cartoon factory Uttara sector 14,Road 23,cartoon factory, 1230 Dhaka, Bangladesh",1231
hsry,House of Ramen,,Dhaka,,Japanese|Chinese|Korean|Asian|Dumpling,4.6,26,50.0,34.0,0.0,23.8789331,90.3906835,"House-21, Road - 10/A , Sector-11 , Uttara ( Opposite of meenabazar)",
z1ec,Puro Pastry & Bakery - Uttara11,Puro Pastry & Bakery - Dhaka,Dhaka,,Cakes|Dessert|Fast Food,4.9,30,50.0,34.0,0.0,23.8785502,90.39082175,"House No: 24, Ground Floor, Road No-10B, Garib-E-Newaz Avenue,Sector-11,Dhaka-1230",1230
nbb0,Kacchi & Crust,,Dhaka,,Fast Food,0.0,1,50.0,38.0,35.0,23.87575265,90.39165755,"Kacchi & Crust, Road 04, House 49,  Sector 11, 1230 Uttara, Dhaka, Bangladesh",1230
z5jl,Lobon Kitchen,,Dhaka,,Bangladeshi|Asian,4.9,30,50.0,41.0,35.0,23.8852143,90.3865989,"38, Ranavola Main Road, Uttara, Dhaka, Ranavola Main Road, 38 Number Cumilla Store House",1230
xen9,Biryani House,,Dhaka,,Snacks|Curry|Rice Dishes|Fish|Seafood|Bangladeshi|Asian,3.9,7,50.0,38.0,0.0,23.87039716,90.36759347,দিয়াবাড়ি মেইন রোড 95 HAZI MUNSUR MARKET DIYABARI MAIN ROAD (SECTOR 15) TURAG UTTARA DHAKA 1230,1230
ixh7,Ruu's The Garden Cafe,,Dhaka,,Curry|Chinese|Asian,4.4,2,50.0,38.0,35.0,23.8656174,90.3870874,"Road-11 Sector 14 Plot 50, 1230 Uttara, Dhaka, Bangladesh",1230
d8yj,Fiori Coffee and Bakery,,Dhaka,,Snacks|Beverage|Bakery,3.4,5,50.0,52.0,0.0,23.86586065,90.3922165,House 11 Road-2,1230
yjwi,Fork Wave,,Dhaka,,Snacks|Curry|Rice Dishes|Beverage|Asian,4.8,30,50.0,52.0,0.0,23.8675375,90.3942455,"Holding # 01, Vivek Heights, 1st floor, Road # 18 Rabindra Sarani, Dhaka 1230",1230
dral,Mr Food,,Dhaka,,Juice Corner|Snacks|Italian|Pasta|Beverage|Mediterranean|Burgers|Western,4.4,4,50.0,52.0,0.0,23.87341105,90.39665155,"House-18, Road-27, Sector-7, Uttara Dhaka",1230
u137,Hungry Hub Briyani,,Dhaka,,Bangladeshi|Asian,3.6,25,50.0,52.0,35.0,23.8773861,90.3968499,"Road no : 06 , Sector : 09 , Chairman market, 06/126/09, Uttara, Dhaka 1230, Dhaka",1230
vg3s,Deshi Delights,,Dhaka,,Snacks|Dessert,3.5,3,50.0,51.0,0.0,23.8904382,90.387321,"sector#10,road#15,house#15,shahanara monjil,uttora Dhaka 1230",1230
xity,Koryori Uttara - pandago,,Dhaka,,Bangladeshi|Asian,0.0,0,50.0,52.0,35.0,23.86674072,90.3942409,"54, Road-13, Koryori - Uttara Shop-6",1230
svdn,Shumi's Hot Cake - Uttara -7,Shumi's Hot Cake,Dhaka,,Cakes|Dessert|Fast Food,4.9,30,50.0,52.0,0.0,23.8743697,90.3975319,"House-21, Sector-7, Sonargaon Janapath Road, Uttara, Dhaka.",1230
g1qg,Pizza On,,Dhaka,,Italian|Mediterranean|Sandwiches|Pizza|Burgers|Western|American,2.7,9,50.0,52.0,35.0,23.87513,90.3976467,"House-29, Road 1, Floor 1, Shop 2, Sector - 9, Uttara, Dhaka - 1230",1230
qjum,Maimuna Chotpoti & Fuchka,,Dhaka,,Snacks|Chotpoti & Fuchka|Bangladeshi|Asian,1.7,3,50.0,52.0,0.0,23.8622389,90.3907452,House 38 road 5/a sector 5 Uttara Dhaka,1230
cehq,Dessert House,,Dhaka,,Snacks|Beverage|Dessert,0.0,0,50.0,52.0,0.0,23.8699734,90.3971376,"Uttara, Sector 7 Park, Sector 7 road 10 house 10, 1230 Uttara, Dhaka, Bangladesh",1230
amq0,Maa’r Hater Ranna,,Dhaka,,Snacks,0.0,1,50.0,52.0,35.0,23.8734667,90.3982427,"Shova Bilash, Sector 7 Road 32 house 8 2nd floor, 1230 Uttara, Dhaka, Bangladesh",1230
vzde,The Beef Lab,,Dhaka,,Curry|Bangladeshi|Asian,0.0,0,50.0,61.0,35.0,23.87895472,90.39997551,"Rriyanka ranway city, Road-08, House-07, flat-6A, Uttar,Dhaka-1230, Rriyanka ranway city, Road-08, House-07, flat-6A, Uttar,Dhaka-1230 Bandhan tower, 1230 Uttara, Dhaka, Bangladesh",1230
fckc,Khichuri Ghar,,Dhaka,,Rice Dishes,3.4,3,50.0,61.0,0.0,23.8746146,90.4017305,House 10/ Alawel avenue # Sector 06# uttara dhaka 1230,1230
vuto,MOMOSi,,Dhaka,,Snacks|Chinese|Asian|Dumpling,4.8,30,50.0,78.0,0.0,23.8635841,90.3989021,house 28/a road 02 sector 03 Road 28/A Road 02 Sector 03 Uttara,1230
hnhk,Creamy Creation By Alpona,,Dhaka,,Cakes|Snacks|Dessert,4.5,9,50.0,73.0,0.0,23.862207,90.360878,"⁠E-23, Road: 1 & 4, Sector-15, Uttara, Dhaka",1230
n7su,Organio Kitchen,,Dhaka,,Curry|Bangladeshi|Asian,4.7,30,50.0,83.0,0.0,23.86864298,90.40284021,"Sector: 6, Road: 13/A, House: 8, level 6, Uttara",1230
dgfc,Henshel Bari,,Dhaka,,Curry|Bangladeshi|Asian,4.3,6,50.0,83.0,0.0,23.86865588,90.40287481,"Sector: 6, Road: 13/A, House: 8, level 2, Uttara",1230
l3po,Kabita's Home Kitchen,,Dhaka,,Bangladeshi|Asian,4.5,6,50.0,83.0,0.0,23.8750022,90.4050192,"Postal Quater ,Sector 8 ,Uttara  , Dhaka -1230, 1230 Uttara, Dhaka, Bangladesh",1230
umsh,Tasty Treat-Shahjalal Avenue-Uttara-4,Tasty Treat,Dhaka,,Cakes|Dessert|Doi|Fast Food,4.9,9,50.0,83.0,0.0,23.8679674,90.4043609,"House – 36, Shahjalal Avenue, Sector – 4, Uttara, Dhaka",1230
a4a6,Rizik Biryani House,,Dhaka,,Rice Dishes|Indian|Biryani|Asian,3.2,20,50.0,83.0,0.0,23.8765733,90.4063083,"House - 328, Kadam Ali Complex, Adam Ali Market, Near Rail Gate, Matbor Bari Road, Sector 8, Uttara",1230
ctpe,Graam Cha - Uttara,Graam Cha,Dhaka,,Beverage,0.0,1,50.0,83.0,0.0,23.8604648,90.4009828,"House 11 Road 06 Sector 4, Uttara Dhaka-1230",1230
u3ax,Mithai - Joynal Market,Mithai - Dhaka,Dhaka,,Cakes|Dessert|Doi|Fast Food,4.7,27,50.0,83.0,0.0,23.873524,90.406717,"Shop No # 21, Joynal Market Road,41/1 Joynal Tower,Faidabad, Dakhsin Khan",1230
zfg5,Oitijjobahi Khabar Ghor,,Dhaka,,Curry,3.9,23,50.0,92.0,0.0,23.8598675,90.4085368,"95/1 (103) Kobor Stan Road, West Mollartek, Dakshinkhan, Dhaka- 1230, 1230 Dakshin Khan, Dhaka, Bangladesh",1230
pj0d,Tabaq Coffee - Centrepoint,Tabaq,Dhaka,,Beverage|Cafe|Sandwiches|Dessert|Western,5.0,30,50.0,93.0,0.0,23.8528481,90.40547635,"Level 5, Chefs table, Centrepoint ,Dhaka Mymensingh Highway, Kurmitola",1230
ll4k,Wok Way - Chef's Table Centrepoint,Wok Way,Dhaka,,Snacks|Noodles|Chinese|Asian,4.6,4,50.0,93.0,0.0,23.8525964,90.4061317,"Inside of Chef's Table Centrepoint near Airport, Uttara",1229
lrim,Habiba's Kitchen,,Dhaka,,Curry|Rice Dishes|Bangladeshi|Asian,0.0,1,50.0,92.0,0.0,23.8540538,90.4097326,"Biman Quarter,  Beside Ansar Camp, 1230 Dakshin Khan, Dhaka, Bangladesh",1230
unvg,Smokey Lane,,Dhaka,,,0.0,2,50.0,61.0,35.0,23.8615598,90.394563,"Smokey Lane, Jashimuddin Ave, 1",1230
s9zb,Chatime - Uttara,Chatime,Dhaka,,Beverage,4.5,30,50.0,9.0,0.0,23.8744686,90.3802752,"Road No. 17/B, Plot No - 1 & 3 , Sonargaon Janapath Road, Sector - 12, Uttara, Dhaka",1230
tasb,Spice & Spoon,,Dhaka,,Asian|Thai,0.0,0,50.0,9.0,35.0,23.87900995,90.3800763,"Ruposhi Bangla Mor, Akij Housing Road, Uttara Sector 10, Fulbaria, Dhaka 1230, Bangladesh",1230
gfdn,Oven Pizza House,,Dhaka,,Italian|Mediterranean|Sandwiches|Pizza|Burgers|Western,3.7,30,50.0,9.0,0.0,23.8742414,90.3835288,"House: 02, Road: 2/A, Sector: 12, Uttara",1230
q1ze,Air Fryer Cooking - Uttara,,Dhaka,,Healthy,0.0,0,50.0,15.0,35.0,23.8747972,90.3843447,"Ferdous Barin, 4th Floor, House 1, Road 21, Sector 11, 1230 Uttara, Dhaka, Bangladesh",1230
smbb,C&W,,Dhaka,,Dessert,0.0,1,50.0,15.0,0.0,23.8740756,90.3845822,"Sonargaon Janapath 77 Kodomtola More, Sector 13, Uttara, Infront of Infinity Mega Mall, 1230 Uttara, Dhaka, Bangladesh",1230
uh8v,Food Flavors,,Dhaka,,Snacks|Rice Dishes|Beverage,4.9,3,50.0,15.0,0.0,23.8729241,90.3840633,"Adda Food Zone, 12, 1230 Uttara, Dhaka, Bangladesh",1230
pvov,Flavor Hood,,Dhaka,,Snacks|Middle Eastern|Shawarma|Burgers|Western,3.9,6,50.0,15.0,0.0,23.8722545,90.3838967,"Sector-13,  Besides of Mannarat International School, 1230 Uttara, Dhaka, Bangladesh",1230
s76a,FlavorHive,,Dhaka,,Chicken|Meat|Burgers|Western|Fast Food,3.2,20,50.0,15.0,0.0,23.8699128,90.38069415,"house 50, road 5, Sector 12, Uttara, Dhaka Bangladesh",1230
zaex,Nanna Biriyani Sector 12,,Dhaka,,Indian|Biryani|Asian,3.7,5,50.0,28.0,0.0,23.8690317,90.38064185,"House-52, Road-03, Sector 12, Uttara, Dhaka-1230",1230
uo3c,Binzo restro,,Dhaka,,Fast Food,0.0,0,50.0,28.0,0.0,23.869137,90.3849999,"Chef's corner (শেফ কর্নার), Gausul Azam Ave, 1230 Uttara, Dhaka, Bangladesh",1230
trk5,Bangali Bhoj,,Dhaka,,Snacks|Curry|Rice Dishes|Dessert|Bangladeshi|Asian,2.5,10,50.0,28.0,0.0,23.86879203,90.38523977,"House: 87, Road: 19, Sector: 14, Gausul Azam Avenue, Uttara, besides uttara Govt laboratory School",1230
ytkk,Food Venture,,Dhaka,,Curry|Rice Dishes|Bangladeshi|Asian,0.0,0,50.0,34.0,0.0,23.86716321,90.38392041,"Shop - 5, House - 1, Shah Makhdum Avenue, Sector - 14, Uttara",1230
h8xu,Cha Boithok,,Dhaka,,Snacks,0.0,0,50.0,34.0,0.0,23.87856981,90.39004881,House No:1; Road No: 11; Sector No: 11; Uttara Model town; Dhaka -1230,1230
wf9k,Home Of Flavor's,,Dhaka,,Curry|Rice Dishes|Bangladeshi|Asian,4.9,30,50.0,37.0,0.0,23.8675169,90.3857,"House 98, Road 16, Sector 14, Uttara Model Town , Dhaka, 1230 Uttara, Dhaka, Bangladesh",1230
r3ih,Chef Special,,Dhaka,,Snacks|Curry|Italian|Mediterranean|Pizza|Western,0.0,0,50.0,34.0,0.0,23.87555998,90.39057131,"H# 1/B(1st floor, Quantum Emerald Point, Gareeb-e-Newaz Ave, Dhaka 1230",1230
y1iz,5 Star Friends Kabab Ghor,,Dhaka,,Turkish|Kebab|Rice Dishes|Middle Eastern|Beverage,0.0,0,50.0,34.0,0.0,23.87686519,90.39060854,"House: 11, Gareeb E nawaz avenue uttara , sector 11 house 11 beside milestone college",1230
l2wo,Wrapick - Uttara 14,Wrapick,Dhaka,,Wraps|Snacks|Beverage|Dessert,4.6,26,50.0,34.0,0.0,23.86925214,90.38825125,"Fusion Food Court, House - 41, Gausul Azam Avenue, Sector - 14",1230
br6f,Sultana Snacks & Fastfood,,Dhaka,,Snacks|Dessert,3.3,30,50.0,37.0,0.0,23.8704733,90.3894706,"House - 13, Road, - 06, Sector - 13, Near Uttara Sector 13 Park, Uttara, Dhaka - 1230",1230
a9ws,Khusi Fuchka House,,Dhaka,,Snacks|Chotpoti & Fuchka|Bangladeshi|Asian,4.7,20,50.0,37.0,0.0,23.8785956,90.3908213,"11 no sector , Road 10/B,  Uttara -1230",1230
e2pb,Dacca Bites & Drinks,,Dhaka,,Snacks|Beverage|Vegan,2.9,24,50.0,36.0,35.0,23.8817504,90.3894052,"House 18, Sector 10 Road 5, Uttara, Dhaka",1230
c8kf,Waffle Bar,,Dhaka,,Beverage|Dessert,4.4,2,50.0,38.0,0.0,23.8743598,90.3912491,"Sonargaon janapath road, House: 19, Sector: 13, Uttara",1230
ym9p,Dumanli Seafood & BBQ,,Dhaka,,Seafood,4.4,4,50.0,38.0,0.0,23.8678455,90.37152625,"Shinning Moon Foodcourt, Ave 9, Road: 4 Uttara Dhaka",1230
e2yz,Big Q - Uttara,THE BIG Q,Dhaka,,Burgers|Western|Fast Food,4.9,30,50.0,38.0,0.0,23.8691763,90.3888377,"SH Tower, 4th Floor, House: 35, Gawsul azom avenue, Sector: 14, Uttara, Dhaka 1230",1230
mde7,Grabites,,Dhaka,,Fast Food,0.0,2,50.0,41.0,0.0,23.8678489,90.3715157,"Plot – 1&3, Shining Moon Food Court, Road – 04, Avenue – 09, Sector – 15/E, Uttara, Dhaka - 1230",1230
lzrv,Crunchies,,Dhaka,,Beverage|Sandwiches|Burgers|Western|Fast Food,4.5,28,50.0,38.0,0.0,23.8691867,90.38886962,35 no building sh tower 4th floor panda kitchen 8 no,1230
dbzq,Red Dragon,,Dhaka,,Snacks|Italian|Middle Eastern|Shawarma|Mediterranean|Pizza|Western,3.3,7,50.0,41.0,0.0,23.867653,90.3715179,Moonshine FoodCourt Sector -15 Uttara Dhaka-1230,1230
p96k,Pizzaro,,Dhaka,,Italian|Pasta|Mediterranean|Western|Fast Food,4.1,3,50.0,38.0,0.0,23.8675717,90.3714801,"Shinning Moon Foodcourt, Ave 9, Dhaka",1230
td8d,Patenga Cafe - Uttara,Patenga Cafe,Dhaka,,Snacks|Beverage|Seafood,4.1,30,50.0,38.0,0.0,23.8741747,90.3915469,"Sector 13, Road 3, Aside Jom jom tower, BFC goli, Uttara, Dhaka",1230
yw73,Khai Khai Restaurant,,Dhaka,,Snacks|Rice Dishes,0.0,1,50.0,41.0,0.0,23.8822196,90.3895811,"Sector: 10, road: 6, house: 16, Uttara",1230
b1je,NutriBox,,Dhaka,,Healthy,0.0,0,50.0,41.0,35.0,23.88384746,90.38815624,"Saleha Tower, House-12 Road-7/A Ranavola, Turag Dhaka, 1230 Uttara, Dhaka, Bangladesh",1230
zl8d,Khao San - Uttara,Khao San,Dhaka,,Asian|Thai,4.7,30,50.0,38.0,0.0,23.87178975,90.3910219,"House - 30, Tropical Shormi Center, Gareeb-e-Nawaz Avenue, Uttara, Dhaka - 1230",1230
r0h9,Sofra Kitchen,,Dhaka,,Fast Food,3.8,6,50.0,41.0,0.0,23.8659715,90.385676,"House 15, Road Number 20, Sector -14 Uttara",1230
xnbn,Bistromath - Uttara,Bistromath,Dhaka,,Italian|Pasta|Mediterranean|Sandwiches|Western,0.0,1,50.0,38.0,0.0,23.87463729,90.39227807,"Plot - 12, Level - 3, Sonargaon Jonopoth Road, Sector 11, Uttara, Dhaka - 1230",1230
d19v,CP Five Star-Simi Food-Diyabari,CP Five Star,Dhaka,,Chicken|Snacks|Meat|Fast Food,3.2,10,50.0,38.0,0.0,23.8672951,90.3705983,"V98C+W6J, Bot Tola Mor, Dhaka 1230",1230
ana0,Nanna Biriyani Sector 15,,Dhaka,,Indian|Biryani|Asian,3.4,9,50.0,38.0,0.0,23.86728435,90.37052225,"Flat-11/A, Block - CA, Road-09, Sector-15, Uttara, Dhaka - 1230",1230
l6iw,Bella Italia - Uttara,Bella Italia,Dhaka,,Italian|Pasta|Mediterranean|Pizza|Western,4.9,30,50.0,38.0,0.0,23.8745536,90.39274215,"Level 5,plot no-6, Bay Showroom, Opposite of Bata Showroom, Janapath Road, Uttara Sector 11",1230
kqat,Silvia's Kitchen,,Dhaka,,Beverage|Dessert,4.6,14,50.0,41.0,0.0,23.8775402,90.3931939,"House # 12 Road No. 8, Road No. 8 House # 12, 1230 Uttara, Dhaka, Bangladesh",1230
ekx5,Jolojog - Uttara,,Dhaka,,Snacks|Burgers|Western,2.9,11,50.0,38.0,0.0,23.8849333,90.3892295,"Sector 10, Road 11, House 34, 1230 Uttara, Dhaka, Bangladesh",1230
o3xz,Nawabi Khana,,Dhaka,,Turkish|Kebab|Curry|Rice Dishes|Middle Eastern|Beverage|Indian|Biryani|Asian,3.7,16,50.0,38.0,0.0,23.8696027,90.3916416,"Gausul Azam Ave House 4 Plot-4,Gausul Azam Avenue,Sector-13,Uttara,Dhaka-1230",1230
aybl,Chatgaiya's Home Cook,,Dhaka,,Bangladeshi|Asian,4.9,26,50.0,41.0,35.0,23.87534589,90.39351813,"Green Memory, Road 3, House 7, Sec 11, 1230 Uttara, Dhaka, Bangladesh",1230
ryit,Crispie Bite,,Dhaka,,Snacks|Italian|Pasta|Beverage|Mediterranean|Burgers|Western|Fast Food,0.0,0,50.0,38.0,0.0,23.8696977,90.3670949,"Metro Food Court, Metro north rail station, sector: 18, Uttara",1230
yjll,Foodie Stage,,Dhaka,,Curry|Rice Dishes,4.7,0,50.0,38.0,0.0,23.8698354,90.3669867,"Metro Food Court, Metro north rail station, sector: 18, Uttara",1230
jfvc,Nanna Biriyani Dia Bari,,Dhaka,,Rice Dishes,0.0,0,50.0,38.0,0.0,23.8690428,90.3672565,"British Bar, Near Dia Bari Metro Station, Uttara, Dhaka - 1230",1230
h8my,Chi'kens,,Dhaka,,Chicken|Snacks|Meat|Fried Chicken,2.1,8,50.0,41.0,0.0,23.8663401,90.3897117,"Uttara,  Sector 14, Road 13, 1230 Uttara, Dhaka, Bangladesh",1230
s5ug,KOZO,LAZIZ,Dhaka,,Sushi|Chicken|Snacks|Rice Dishes|Beverage|Seafood|Japanese|Meat|Asian,4.2,24,50.0,38.0,0.0,23.869016,90.3921245,"Uttara Sector 14, Road number 2 , House number 61, lake  par road, Dhaka",1230
tqrg,Brothers Food Center,,Dhaka,,Curry|Rice Dishes|Bangladeshi|Asian,3.4,5,50.0,41.0,0.0,23.8663271,90.3898293,"Sector 14,  Uttara sector 14 road 07 house 20, Dhaka 1230, 1230 Uttara, Dhaka, Bangladesh",1230
ppms,KOI Thé Uttara,KOI Thé,Dhaka,,Beverage|Cafe,4.9,22,50.0,44.0,0.0,23.8745647,90.3943421,Sector 09 Sonargaon Janapath,1230
gye2,Pizza N' Bites,,Dhaka,,Snacks|Italian|Mediterranean|Sandwiches|Pizza|Burgers|Western,4.5,30,50.0,52.0,0.0,23.8741985,90.3944905,"House # 115, road #18, sector #7,uttara dhaka.",1230
esnf,Ali Hotel And Restaurant,,Dhaka,,Curry|Rice Dishes|Bangladeshi|Asian,0.0,1,50.0,52.0,0.0,23.8629526,90.3849684,"Kayed Pharma,  Ali vaiyer hotel, 1230 Uttara, Dhaka, Bangladesh",1230
zpvt,Tastemate Bistro,,Dhaka,,Chicken|Beverage|Meat|Fast Food,0.0,0,50.0,51.0,0.0,23.8625217,90.3750513,"Lake drive road, A1, House: 16, Lake drive road, sector:15, Uttara",1230
i6ws,Easy Meal,,Dhaka,,Chinese|Asian,0.0,1,50.0,52.0,35.0,23.8670613,90.3921801,"Road 2, house#33, Ground floor, 1230 Uttara, Dhaka, Bangladesh",1230
gu1e,Charui Vhati - Uttara,,Dhaka,,Asian,3.6,5,50.0,52.0,35.0,23.87967005,90.395886,"64, Sector 9 white place road beside kotha beuty parlours lane Sector 9 white place road beside kotha beuty parlours lane, 1230 Uttara, Dhaka, Bangladesh",1230
innd,Mac & Co.,,Dhaka,,Italian|Pasta|Mediterranean|Western,4.5,23,50.0,52.0,0.0,23.8712842,90.395647,"House 1 road 20 sector 7, 1230 Uttara, Dhaka, Bangladesh",1230
dgvw,Fuchka Point,,Dhaka,,Chotpoti & Fuchka|Bangladeshi|Asian,3.6,13,50.0,52.0,0.0,23.87787605,90.3964685,"Sector 9,  Uttara sector 9, Road 6, House 234, 1230 Uttara, Dhaka, Bangladesh",1230
hlwc,Uttara Gilapi Ghor,,Dhaka,,Snacks|Dessert,3.6,4,50.0,52.0,0.0,23.8773192,90.3970052,"sector 9,road 6,chairman bazar,house 12,Uttara,dhaka",1230
sfnk,Number One Biryani,,Dhaka,,Rice Dishes,3.9,3,50.0,52.0,0.0,23.87553995,90.39757,"SHOP-03,HOUSE-30,ROAD-02,SECTOR-09,UTTARA,DHAKA-1230",1230
wcgi,Cream & Coffee,,Dhaka,,Beverage,3.5,5,50.0,52.0,0.0,23.8754399,90.3980783,"House: 24, Sector: 9, Road: 2, Uttara",1230
gpxs,Chaa & More,,Dhaka,,Snacks,4.1,8,50.0,52.0,0.0,23.8715705,90.3978766,House-20 Road-28 sector -7 Uttara Dhaka-1230,1230
qys6,Uttara pizza point,,Dhaka,,Snacks|Italian|Beverage|Mediterranean|Pizza|Western,0.0,1,50.0,61.0,35.0,23.8713817,90.40022735,"Sayed grand cantre,road#28, sector#7, house#89, shop #12, 1230 Uttara, Dhaka, Bangladesh",1230
nf3q,Sub Lover's - Uttara,Sub Lovers,Dhaka,,Mexican|Sandwiches|Western|Fast Food,4.8,14,50.0,61.0,0.0,23.86762753,90.39883857,"House - 7, Beside Trust Family Needs, Road - 15, Sector - 3, Rabindra Sharani, Uttara",1230
yng6,Cake Lover's - Uttara,Cake Lovers,Dhaka,,Cakes|Dessert,4.9,7,50.0,61.0,0.0,23.86762263,90.39883857,"House - 7, Beside Trust Family Needs, Road - 15, Sector - 3, Rabindra Sharani, Uttara",1230
m19p,Shadei Chomok,,Dhaka,,Beverage|Doi,4.8,3,50.0,61.0,35.0,23.86917115,90.3997808,"Road Number 7, Jamir Ali Market, Road -5, Sector- 7, Uttara",1230
yzkd,Candle Park,,Dhaka,,Rice Dishes|Indian|Asian,0.0,0,50.0,56.0,0.0,23.8601306,90.3664089,"Sector: 17, Block: K, Road: 1/D, Diabari, Uttara",1230
xkzz,Hot Box,,Dhaka,,Snacks|Burgers|Western,4.9,3,50.0,61.0,0.0,23.8671982,90.3991623,"House 4, Road 13, Sector 3, Uttara",1212
f4j1,Chitrayon,,Dhaka,,Snacks|Beverage|Dessert,0.0,0,50.0,56.0,35.0,23.85852322,90.36824533,"84 no metro peller, Plot no-10,Road no-02 ,Notun Bow bazar,Uttara 17 no sector, 1230 Uttara, Dhaka, Bangladesh",1230
niyj,Masala Mood,,Dhaka,,Snacks|Rice Dishes,0.0,3,50.0,73.0,35.0,23.8959526,90.3847954,"Floor 5th,House 106,Road 13,Sector 10,Uttara",1230
c0r4,Five Star (Chicken Fry),,Dhaka,,Chicken|Snacks|Meat,0.0,0,50.0,78.0,0.0,23.8639423,90.3988311,"26, Road: 02, Sector: 03, Uttara, Dhaka",1230
larb,Golden Rice,,Dhaka,,Snacks|Curry|Rice Dishes|Chinese|Asian,3.4,4,50.0,83.0,0.0,23.8608955,90.3988867,"Jasim Uddin Avenue, House 04, Road 14, Sector 01, Uttara Dhaka 1230",1230
uj7a,Uttara Sathi Chotpoti & Fuchka House,,Dhaka,,Snacks|Chotpoti & Fuchka|Bangladeshi|Asian,0.0,0,50.0,83.0,0.0,23.86812537,90.40348891,Road 13 sactor 6 raod south matha,1230
q8i8,Hot Bite Chicken Momo,,Dhaka,,Chinese|Asian|Dumpling,0.0,0,50.0,83.0,35.0,23.87651958,90.40562919,"Uttora Sector 8, Dhaka 1230 Beside, Sector 8 Rail Gate Jame Masjid",1230
izxb,Borisal Hotel,,Dhaka,,Curry|Bangladeshi|Asian,0.0,0,50.0,83.0,0.0,23.86921897,90.40505657,"Sector 6, R- 13, , inside Rajuk office , Uttara 1230",1230
xu7e,Chickies,,Dhaka,,Fast Food,2.5,9,50.0,83.0,0.0,23.8604648,90.4009828,"Mutual Trust Bank Uttara, Service Rd House-11,Road-6,Sector-4,Jashim Uddin Circle,Dhaka, 1230 Uttara, Dhaka, Bangladesh",1230
hgsm,Mariyam Kitchen,,Dhaka,,Curry|Rice Dishes|Bangladeshi|Asian,2.9,30,50.0,83.0,35.0,23.87360865,90.40704405,"Joynal market jame mosque road Switch get,  joynal market, 1230 Uttara, Dhaka, Bangladesh",1230
ryuw,Waffle Spark,,Dhaka,,Juice Corner|Beverage,0.0,1,50.0,78.0,0.0,23.8537398,90.3661115,"Uttara 17 no Sector 6 no Bridge Notun Bou Bazaar , 1230 Uttara, Dhaka, Bangladesh",1230
vpra,AP Food Land,,Dhaka,,Curry|Rice Dishes|Bangladeshi|Asian,3.1,2,50.0,87.0,0.0,23.85714,90.3562801,"Kalaboti 5/A, Rajuk Uttara Apartment Project, Uttara-18",1230
d28r,Delish Station,,Dhaka,,Beverage|Cafe,4.6,2,50.0,87.0,35.0,23.8566149,90.3565577,"Building- Icchamoti, Uttara Sector 18, Ruap, Dhaka, Icchamoti 7B 1302, 1230 Uttara, Dhaka, Bangladesh",1230
dtyw,Khuda Mitay,,Dhaka,,Asian,0.0,1,50.0,87.0,0.0,23.85430355,90.3570956,"Sapla A 504,sector 18,uttara,Dhaka. 1230",1230
k161,Soy,,Dhaka,,Snacks|Curry|Rice Dishes|Seafood|Chinese|Asian|Dumpling,4.6,20,50.0,92.0,0.0,23.8558334,90.4035541,"3rd floor of Gusto building, House 2 Road 2 Sector 1 Please go up to 3rd and wait in the waiting area., 1212 Uttara, Dhaka, Bangladesh",1212
rd61,Espresso Factory,,Dhaka,,Beverage|Cafe,0.0,0,50.0,88.0,35.0,23.85445028,90.35650138,"RUAP Commercial Complex, Shop 44 (1st floor), RUAP Commercial Complex, Sector 18, 1230 Uttara, Dhaka, Bangladesh",1230
sinl,Sara Pizza Uttara 18,Sara Pizza,Dhaka,,Snacks|Italian|Mediterranean|Pizza|Western,4.7,30,50.0,88.0,0.0,23.85425,90.356697,"Rajuk Flat Project, Sector-18, Uttara, Diabari, Dhaka",1230
wv9h,Healthy Puran Dhaka Vibe,,Dhaka,,Asian,3.1,14,50.0,87.0,0.0,23.8578986,90.3520571,"RAJUK Uttara Apartment Project, 17C-701,Uttara-18, West Ave, 1230 Uttara, Dhaka, Bangladesh",1230
k9yn,So Juicy - Chef's Table Centerpoint Airport,So Juicy,Dhaka,,Beverage|Cafe,4.9,3,50.0,93.0,35.0,23.8528439,90.4056074,"Inside of Chef's Table Centrepoint near Airport, Uttara",1229
uhup,Alfredough - Chef’s Table Airport,Alfredough ,Dhaka,,Italian|Mediterranean|Pizza|Western,4.7,18,50.0,93.0,35.0,23.8528801,90.4056465,"Centrepoint before Airport, Mymensingh Highway road, Dhaka-1229.",1230
ipay,Shad Tehari Ghar (Centre Point),,Dhaka,,Turkish|Kebab|Rice Dishes|Middle Eastern,4.5,3,50.0,93.0,0.0,23.8528175,90.4056851,"Inside of Chef's Table Centrepoint near Airport, Uttara",1229
nt6m,Greens & Seeds - Chef's Table Centrepoint Airport,Greens & Seeds,Dhaka,,Snacks|Healthy,4.7,26,50.0,93.0,0.0,23.85288335,90.40575865,"Inside of Chef's Table Centrepoint near Airport, Uttara",1229
fb18,Utshob Sweets - Centrepoint Airport,Utshob Sweets - Centrepoint Airport,Dhaka,,Snacks|Dessert|Doi,4.0,3,50.0,93.0,35.0,23.8527035,90.4060434,"Centrepoint Airport, Ground Floor, Mymensing Highway, Dhaka-1229",1229
m9to,KOI Thé - Uttara chef's table,KOI Thé,Dhaka,,Beverage|Cafe,4.9,4,50.0,93.0,0.0,23.8525537,90.4059438,"Shop-23, cheftable, centre point, 5th floor,Airport, Uttara Dhaka",1230
z51f,Mcdonald Crops Fish & Meat,,Dhaka,,,0.0,1,50.0,73.0,35.0,23.8614969,90.3617036,"Metro- uttara center  Food Zone 
Bou Bazar , Dia Bari 
Uttara 
Dhaka 1230",1230
nskp,Coffees by Sharksss,,Dhaka,,,0.0,0,50.0,41.0,35.0,23.8706186,90.3905633,"Garib-E-Newaz Ave, 20",1230
yjfo,Utshob - Chef's Table Centrepoint Airport,UTSHOB,Dhaka,,Curry|Rice Dishes|Bangladeshi|Doi|Asian,4.6,30,50.0,93.0,35.0,23.8523266,90.4063523,"Chef's Table Airport level 5, Chef table centerpoint, Mymensing Highway dhaka",1229
qmik,Tehari Ghar+ (Uttara),Tehari Ghor Plus,Dhaka,,Rice Dishes|Indian|Biryani|Asian,4.7,30,50.0,19.0,20.0,23.8742697,90.3911333,"House-28, Sonargaon Janapath Road, Sector-11, Uttara",1230
jwnd,Domino's Uttara-Late Night,Domino's Pizza,Dhaka,,Italian|Mediterranean|Pizza|Western,4.7,29,0.0,,15.0,23.8736642,90.39073616,"First Floor, House No.1, Road No.13, Sector-13, Uttara, Dhaka-1230",1230
xkjt,Musafir Restora,,Dhaka,,Curry,3.8,30,50.0,93.0,60.0,23.85142305,90.4123872,"645(ব্র্যাক লার্নিং সেন্টার), ashkona, Hajj camp, Dakkhinkhan, Dhaka-1230",1230
vn63,Mijan Juice Bar and Restora,,Dhaka,,Bangladeshi|Asian,0.0,0,50.0,76.0,30.0,23.8717643,90.4119734,"Nurul Ahad Jame Mosjid, Dewanbari Paka Matha, Aziz Bakery Road",1230
llyc,Meaty Bite,,Dhaka,,Fast Food,1.7,14,50.0,81.0,30.0,23.876499,90.4137423,"Rd No. 33 5a Sector 7, road no 33, house no #6 Uttara, 1230 Uttara, Dhaka, Bangladesh",1230
icc9,Kacchi Bro Uttara,,Dhaka,,Rice Dishes,0.0,0,50.0,83.0,0.0,23.8756978,90.416588,"Faidabad,policefari, nazplaza-2,uttara, uttarkhan..",1230
msm1,Premium Kitchen,,Dhaka,,Curry|Rice Dishes|Bangladeshi|Asian,0.0,0,50.0,83.0,0.0,23.8756978,90.416588,"Faidabad,policefari, nazplaza-2,uttara, uttarkhan..",1212
s42z,Afrin's Kitchen,,Dhaka,,Curry|Bangladeshi|Asian,0.0,1,50.0,83.0,0.0,23.8714883,90.4181833,"H#460, Moushair 1 no road, chalabon, dakhin khan dhaka-1230",1230
t7c8,Samia's Kitchen,,Dhaka,,Curry|Rice Dishes|Bangladeshi|Asian,0.0,0,50.0,92.0,0.0,23.85934712,90.41362679,"Prembagan, Apon nibas H:4,W:39, 1230 Dakshin Khan, Dhaka, Bangladesh",1230
jag1,Bengal Spice Restaurant,,Dhaka,,Bangladeshi|Asian,0.0,0,50.0,92.0,30.0,23.86726,90.419927,"নগরিয়াবাড়ি রোড, নগরিয়াবাড়ি রোড",1230
lcr5,Peter Sukh,,Dhaka,,Curry|Bangladeshi|Asian,0.0,1,50.0,92.0,0.0,23.8777965,90.4254608,"Noytala Building , Kuripara, 2663/A, Kuripara, Uttarkhan, Dhaka, 1230 Uttarkhan, Dhaka, Bangladesh",1230
xm5a,Chef Canvas,,Dhaka,,Bangladeshi|Asian,0.0,0,50.0,92.0,30.0,23.854047,90.416309,"Ucchertek water pump road, 121, 1230 Dakshin Khan, Dhaka, Bangladesh",1230
kavw,Bhorpur Khawon Chand Bhai Restaurant,,Dhaka,,Bangladeshi|Asian,0.0,0,50.0,92.0,30.0,23.870459,90.428639,"Balur Math, Mazar Road, Uttarkhan, Uttara, Dhaka-1230",1230
uh8j,Polys kitchen,,Dhaka,,Curry|Rice Dishes|Bangladeshi|Asian,4.2,4,50.0,92.0,0.0,23.8612175,90.4255517,"L.K Plaza,Dakshinkhan,  Front of LK plaza,Ismail Super market goli..7 Tola Rohim villah .4th floor., 1230 Dakshin Khan, Dhaka, Bangladesh",1230
lqeh,Malim Home Kitchen,,Dhaka,,Curry|Rice Dishes,0.0,1,50.0,92.0,0.0,23.8600152,90.4281929,"Dakshin khan bazar, kazibari, mitali kortz 3/A, 1230 Dakshin Khan, Dhaka, Bangladesh",1230
hnxu,Poly Home Kitchen,,Dhaka,,Bangladeshi|Asian,0.0,0,50.0,92.0,30.0,23.8397097,90.4240159,"Naya Bari, near Kawla Dakhil Madrasa, Baitul Aziz Jame Mosque, Dakshinkhan, Dhaka, Bangladesh",1229
w6ul,Jakia kitchen,,Dhaka,,,0.0,0,50.0,92.0,30.0,23.8519373,90.4266584,Prembagan,1230
jsg9,Sadiya Homemade Food,,Dhaka,,,0.0,0,50.0,92.0,30.0,23.857544,90.420027,"Aninusbad,Abbasiya Madrasha ,Kashem molla Road Dakshinkhan",1230
o0zb,Shaad-e-Bangla,,Dhaka,,Snacks,2.2,8,50.0,83.0,0.0,23.8709122,90.4131624,"333 Rose Garden, Faidabad Main Road (mizan er garage),Uttara, Dhaka",1230
k3gl,MeatZo,,Dhaka,,Chicken|Snacks|Rice Dishes|Beverage|Meat|Fast Food,3.3,30,50.0,93.0,0.0,23.8589338,90.414176,"Prembagan Rd, Dhaka",1230
w2y5,Z I Ktichen,,Dhaka,,Curry|Rice Dishes|Bangladeshi|Asian,0.0,0,50.0,92.0,30.0,23.8654204,90.4229013,"Molla Road, Uttarkhan, Uttara, Dhaka-1230 (Little ahead of Molla Road Boro Bari, opposite the salon), Bangladesh",1230
zj6g,Bhuri Bhoj,,Dhaka,,Bangladeshi|Asian,0.0,0,50.0,92.0,30.0,23.8503968,90.4120026,"Hajj Camp, kabic 2 Sattar Tower House No: 388/480, 1230 Dakshin Khan, Dhaka, Bangladesh",1230
nzdy,Fresh Food Bite By Jannat,,Dhaka,,Snacks|Beverage|Burgers|Western,3.1,30,50.0,92.0,0.0,23.85796,90.420137,"Kashem Polli Road, 540, kashem molla road, gawair, dokkhinkhan, dhaka-1230",1230
ikx7,RS Cake,,Dhaka,,Cakes,0.0,0,50.0,92.0,0.0,23.8575985,90.4213368,"Nurjahan villa, 148/2 , ainusbag ,Dakhinkhan 01946600739, 1230 Uttara, Dhaka, Bangladesh",1230
biry,The Pizza,,Dhaka,,Italian|Mediterranean|Pizza|Western|Fast Food,4.3,15,50.0,97.0,0.0,23.8515521,90.4165318,"Ashkona Bazar Main road(Beside Shahjalal  Islami Bank), Medical Road, 1230 Dakshin Khan, Dhaka, Bangladesh",1230
hnjo,Taste & Vibe,,Dhaka,,Snacks|Beverage|Burgers|Western,0.0,0,50.0,92.0,0.0,23.8521743,90.4173154,"Ashkona Community Center, 401/3, Ashkona College Road",1230
fiwk,Ringky's Heavenly Crumbs,,Dhaka,,Snacks|Burgers|Western,0.0,1,50.0,92.0,0.0,23.8608924,90.43093,"Dakshin Khan,  House -4227,Falisa Garden,Sarder bari,Dakshin khan, 1230 Dakshin Khan, Dhaka, Bangladesh",1230
ann2,Mayer Henshel,,Dhaka,,Bangladeshi|Asian,0.0,2,50.0,92.0,30.0,23.8630858,90.433454,"Dokkhin khan pondit para, 88 pondit para, 1230 উত্তরখান, ঢাকা, Bangladesh",1230
s4o0,Nepali Food House,,Dhaka,,Asian,0.0,3,50.0,92.0,30.0,23.83543296,90.43069663,"lighthouse, namapara Uttarpara Shesh Mata kilkhet, Dhaka, flat number 1/D নামাপাড়া উত্তরপাড়া শেষ মাথায় এসে কল দিবেন।, 1228 Khilkhet, Dhaka, Bangladesh",1228
si7r,Poribeshon Centering,,Dhaka,,Curry|Rice Dishes|Fish|Seafood|Bangladeshi|Asian,0.0,0,50.0,92.0,0.0,23.8280865,90.4246648,"Kha37/4 khilkhet Moddhopara, Dhaka 1229",1229
ujla,Cloud Cuisine,,Dhaka,,Bangladeshi|Asian,0.0,1,50.0,92.0,30.0,23.8341449,90.4343724,"Lake City Concord, Lake City Concord, Namapara Rd, Khilkhet, 1229 Khilkhet, Dhaka, Bangladesh",1229
zsdg,Femily kitchen,,Dhaka,,,0.0,1,50.0,92.0,30.0,23.861518,90.43262675,Ponditpara dokkinkhan dhaka 1230,1230
ux6b,Puro Pastry & Bakery - Uttara 13,Puro Pastry & Bakery - Dhaka,Dhaka,,Cakes|Dessert|Fast Food,4.8,30,50.0,9.0,0.0,23.87169154,90.39071946,"29 Gareen E Newaz Avenue ,Sector 13, Uttara,Dhaka-1230",1230
p5ab,Cafe F&B,,Dhaka,,Italian|Beverage|Mediterranean|Pizza|Burgers|Western,4.5,24,50.0,93.0,0.0,23.8710615,90.4227705,"Cafe F&B, শাহ্‌কবির মাজার রোড 1 Uttarkhan, Mazar, Courasta, 1230 Uttarkhan, Dhaka, Bangladesh",1230
s1b9,Domino's Pizza - Jashimuddin Avenue,Domino's Pizza,Dhaka,,Italian|Mediterranean|Western,4.9,30,0.0,,20.0,23.86724559,90.39933601,"""“GQ SHEFALI TOWER” House: 5/A, Ground Floor of the B2+14 storied building,Road no: 2, Sector no: 3, Jashimuddin Avenue, Uttara, Dhaka - 1230, Bangladesh.""",1230
g8el,Biryani Express,,Dhaka,,Curry|Rice Dishes|Bangladeshi|Asian,3.9,6,50.0,93.0,0.0,23.8607119,90.4254195,"L.K Plaza,Dakshinkhan,  Hoque Super Market (font  of LK Plaza) Dhaksinkhan bazar, Dhaka North, Dhaka-1230, 1230 Dakshin Khan, Dhaka, Bangladesh",1230
psc5,Swader Karkhana,,Dhaka,,Snacks|Curry|Rice Dishes,2.7,3,50.0,93.0,0.0,23.8536897,90.426785,"Swader Karkhana/স্বাদের কারখানা, খাবারের সমাহার, Naddapara, Dokkhinkhan, 1230 Dakshin Khan, Dhaka, Bangladesh",1230
ny57,Mithai – Azampur Railgate,Mithai - Dhaka,Dhaka,,Cakes|Snacks|Dessert|Doi|Fast Food,4.7,30,50.0,15.0,0.0,23.86768095,90.40676755,"231 Shah Kabir Mazar Rd, Dhaka 1230",1230
mngf,Indulge - Chef's Table Airport,Indulge,Dhaka,,Beverage|Dessert|Fast Food,4.7,1,50.0,52.0,35.0,23.8525267,90.406061,"Centrepoint, Dhaka Mymensing Rd, Airport, Dhaka 1230",1230
p5fz,Tehari Ghar - House Building Branch,Tehari Ghar,Dhaka,,Rice Dishes|Indian|Biryani|Asian,4.8,30,50.0,52.0,0.0,23.87462175,90.40024985,"Plot # 1/3, Road # 7d, Sector # 09, House Building Uttara Model Town, Uttara, Dhaka. 1230",1230
hbzc,Mithai - Ashkona - 2,Mithai - Dhaka,Dhaka,,Cakes|Dessert|Doi|Fast Food,4.5,21,50.0,19.0,0.0,23.85153425,90.4169239,"Holding 582, Ashkona Bazar Road,ashkona,Beside Shwapno.",1230
hos5,Bombonsito Cafe,,Dhaka,,Fast Food,0.0,0,50.0,81.0,30.0,23.8293414,90.4289817,"1229 Khilkhet, Dhaka, Bangladesh",1229
u8xp,Mithai - Ashkona,Mithai - Dhaka,Dhaka,,Cakes|Dessert|Doi|Fast Food,4.6,12,50.0,9.0,0.0,23.8513533,90.4127035,"Near Haji cap, opposite of Hotel Holiday Xpress, Ashkona, Dakkhinkhan, Dhaka.",1230
p3qc,Redzz,,Dhaka,,Snacks|Rice Dishes,2.4,9,50.0,63.0,35.0,23.81004676,90.42213108,"Mayer Anchol, Shohid Abdul Ajiz Shorok, 1229 Bashundhara, Dhaka, Bangladesh",1229
ztoj,Voj Priyo Bangali,,Dhaka,,Curry|Rice Dishes|Bangladeshi|Asian,1.3,4,50.0,73.0,35.0,23.80700575,90.43497025,"vatara solmaid Ac-mosjid,Bashundhara, dhaka",A
hrjt,Grameen Shad,,Dhaka,,Bangladeshi|Asian,0.0,1,50.0,44.0,35.0,23.820195,90.4227323,"কুড়িল কুড়াতলী আদর্শ উচ্চ বিদ্যালয়ের কাছে কাউকে বললেই দেখিয়ে দিবে, যে রফিক মিয়া জমিদার বাড়ি কোনটা। অথবা স্কুলের দক্ষিণ দিকে 150 মিটার পরের বাসাটি।, 1229 বসুন্ধরা, ঢাকা, Bangladesh",1229
oi1a,Tinkonna Fuchka Ghar,,Dhaka,,Snacks,0.0,0,50.0,44.0,35.0,23.82072213,90.42479688,"PERFECT BODYBUILDING GYM ERA SHAMNE., AIUB UNIVERSITY ROAD, 1229 Khilkhet, Dhaka, Bangladesh",1229
exdu,Mayer Ranna,,Dhaka,,Rice Dishes|Bangladeshi|Asian,3.0,9,50.0,44.0,35.0,23.8218472,90.4244358,"ঢাকা কুড়িল বিশ্বরোড কুড়াতলী বাজার রোড হয়ে কয়লাবাড়ি রোড জহির ফার্মেসির সামনের ডান দিকের গলি,বাড়ির নাম-  ২২কাটা",1229
m9bg,Albaik Hotel & Restaurant,,Dhaka,,Bangladeshi|Asian,0.0,1,50.0,49.0,35.0,23.82194881,90.42442412,"Dhaka koril vishwa road kuratoli koyla bari road johir farma same hater dandik goli 22 katha, 1229 Bashundhara, Dhaka, Bangladesh, 1229 Bashundhara, Dhaka, Bangladesh",1229
utfa,Let's Vibe (Kuril) - pandago,,Dhaka,,Bangladeshi|Asian,0.0,0,50.0,44.0,35.0,23.82013861,90.42566852,Kuratoli Road,1229
zpem,Cp Five Star - ARM Foods,CP Five Star,Dhaka,,Chicken|Snacks|Meat|Fast Food,4.7,30,50.0,49.0,35.0,23.82093875,90.4266739,"Ka- 158, Kuratoli, AIUB University Gate, Bashundhara, Dhaka - 1229",1229
dfwo,Spicy Meal Restaurant,,Dhaka,,Chinese|Asian,0.0,2,50.0,49.0,35.0,23.8209289,90.4268297,"Spicy Meal Restaurant, AIUB University Main Gate, Kuratoli, Kuril, Dhaka 1229.",1229
qkfm,Tiffin,,Dhaka,,Snacks|Beverage,0.0,0,50.0,44.0,35.0,23.82080831,90.42700636,"Rd - 5 05 Kuratoli , opposite of AIUB university gate , with Bashundhora C block road -1 .",1211
iuka,Ghoroya Biriyani House,,Dhaka,,Curry|Indian|Biryani|Asian,4.0,8,50.0,49.0,35.0,23.81732285,90.42491635,"North south road ,Ka - 187/8 ,Kuril ghatpar Bazar , Basundhara",1229
q43o,Bithis shop,,Dhaka,,Bangladeshi|Asian,0.0,0,50.0,44.0,35.0,23.8170602,90.4229066,"Mia bari masjid, 186/1, 1229 বসুন্ধরা, ঢাকা, Bangladesh",1229
omz6,Shad Bilash,,Dhaka,,Curry|Rice Dishes|Bangladeshi|Asian,4.1,30,50.0,49.0,35.0,23.8170878,90.42470665,"Shad Bilash, Sayed Ali Super Market 2, Ghat par, Kuril",1229
njq7,Dhaka Street Bashundhara,,Dhaka,,Snacks|Beverage|Burgers|Western|Fast Food,4.0,30,50.0,49.0,35.0,23.8168146,90.4245996,"Ghatpar,  Dhaka Street, Shop B1, MB Square Market, 1229 Bashundhara, Dhaka, Bangladesh",1229
oe6f,Nissin Ramen Bar,,Dhaka,,Chinese|Asian,0.0,0,50.0,49.0,35.0,23.82215499,90.4273986,"408/1 (Old KA 66/1), Kuratoli, Khilkhet, Dhaka 1229, Bangladesh",1229
hlhv,East Bengal Coffee Roasters - Bashundhara,East Bengal Coffee Roasters,Dhaka,,Beverage|Cafe,4.1,3,50.0,49.0,35.0,23.8169557,90.4209047,House-74/1 1 Progoti Sarani - Debogram Rd Dhaka-1229,1229
aczh,Snack Shack,,Dhaka,,Turkish|Kebab|Snacks|Rice Dishes|Middle Eastern|Beverage,4.7,26,50.0,49.0,35.0,23.81486425,90.42505715,"Plot-15, North South Main Campus Road,Block-B, Bashundara, Dhaka 1229",1212
xhro,Food Satisfaction,,Dhaka,,Bangladeshi|Asian,0.0,0,50.0,44.0,35.0,23.8200622,90.4301908,"Basundhara Residential Area, House-128, Road-10, block: F, Bashundhara R/A, Dhaka-1229, 1229 Bashundhara, Dhaka, Bangladesh, 1229 Dhaka, Bangladesh",1229
onox,Sabina's Kitchen,,Dhaka,,Curry|Rice Dishes|Bangladeshi|Asian,4.5,30,50.0,44.0,35.0,23.8160334,90.428839,"floor lift #8,H#41 R#9 block B Bashundhara residential area,Dhaka",1229
s0oj,Arsalan (Outdoor),,Dhaka,,Turkish|Kebab|Rice Dishes|Middle Eastern|Indian|Seafood|Asian|Fast Food,4.8,0,50.0,70.0,35.0,23.813199,90.424068,"Shop - 28 - 5D, Level - 5, Jamuna Future Park, Bashundhara R/A",1229
ypc9,Indian Dhaba,,Dhaka,,Rice Dishes|Soups|Dessert,0.0,1,50.0,70.0,35.0,23.8131445,90.4238822,"Shop - 52 - 5C, Level - 5, Jamuna Future Park, Bashundhara R/A",1229
ksp1,Makka Biryani House,,Dhaka,,Rice Dishes|Indian|Biryani|Bangladeshi|Asian,2.0,8,50.0,70.0,35.0,23.81346065,90.4211091,"Ka, Bashundhara, Progoti Shoroni, Opposite of Jamuna Future Park, Kuril, Dhaka",1229
aais,Bistromath,Bistromath,Dhaka,,Snacks|Rice Dishes|Italian|Pasta|Beverage|Mediterranean|Sandwiches|Burgers|Western,4.8,30,50.0,63.0,35.0,23.81748765,90.43086415,"House - 23/N, 2nd Floor, Road - 02, Block - D, Near Ferdousi Mohal, Bashundhara R/A, Dhaka - 1229",1229
d0zu,BD Five Star Bashundhara (Jannat Food),,Dhaka,,Chicken|Snacks|Meat|Fried Chicken,2.7,2,50.0,70.0,35.0,23.81341525,90.42108445,"KA-27, Pragati Sharani, Kuril, Vatara, Dhaka",1212
m02k,Nawab Indian,,Dhaka,,Indian|Asian,0.0,0,50.0,70.0,35.0,23.8128709,90.4236294,"Shop - 45, 46 - 5C, Level - 5, Jamuna Future Park, Bashundhara R/A",1229
s9lp,Tabaq Coffee Jamuna Future Park,Tabaq,Dhaka,,Beverage|Cafe|Sandwiches|Dessert|Western,5.0,14,50.0,70.0,35.0,23.8127642,90.42396955,"Shop No. 5C-027, Jamuna Future Park, Kuril, Pragati Shoroni, Dhaka",1212
feu0,Tuk Tuk Chayer Adda,,Dhaka,,Snacks|Beverage,4.2,4,50.0,70.0,35.0,23.8129167,90.421323,Jamuna Future Park Entry Gate Bashundhara Dhaka-1229,1229
horx,Juice Ghor,,Dhaka,,Juice Corner|Beverage,4.7,5,50.0,70.0,35.0,23.8127517,90.4250333,"KA-3/1-C.Bashunndhara road , Jagannathpur , Vatara, Dhaka-1229",1229
jskm,Jinmi Yummy,,Dhaka,,Sushi|Rice Dishes|Japanese|Asian|Fast Food,2.7,4,50.0,70.0,35.0,23.8126139,90.4227797,"Shop - 4, Urban Void Food Court,  Bashundhara Road, Bashundhara R/A",1229
oz4a,Quick 'n' Yummy,,Dhaka,,Chicken|Rice Dishes|Meat|Burgers|Western|Fast Food,2.2,3,50.0,70.0,35.0,23.81254892,90.42288274,"Urban Void Food Court, Bashundhara Rd Ka-9 Shop no 13,Urban void food court, Bashundhara R/A, 1229 Bashundhara, Dhaka, Bangladesh",1229
a9hc,Kheerwala Premium,,Dhaka,,Sweets|Dessert|Doi|Faluda,4.7,30,50.0,70.0,35.0,23.8124634,90.4247702,"Rahman Tower, Ground Floor, Bashundhara Gate, Bashundhara R/A, Dhaka - 1229",1229
akfo,Runcha - Bashundhara,,Dhaka,,Beverage|Dessert,4.8,30,50.0,70.0,35.0,23.8123877,90.4247482,"Ground Floor, Rahman AJ Trade Centre, Bashundhara Rd, Dhaka",1229
pkiv,Cup of Beans,,Dhaka,,Beverage|Cafe,4.9,30,50.0,70.0,35.0,23.8123431,90.42487,"Rahman AJ Trade Center(Lift-5),Bashundhara Road,Dhaka 1229",1229
fifz,T20 Snacks,,Dhaka,,Juice Corner|Snacks|Italian|Pasta|Beverage|Mediterranean|Pizza|Western|Fast Food,3.4,9,50.0,70.0,35.0,23.81226865,90.4247839,"Rahman Tower, Main Street, 1229 Bashundhara, Dhaka, Bangladesh",1229
dz6a,Shumi's Hot Cake - Bashundhara,Shumi's Hot Cake,Dhaka,,Cakes|Dessert|Fast Food,4.9,30,50.0,70.0,35.0,23.8121819,90.4236966,"Ka-5C Bashundara Road, Badda Dhaka.",1230
u6gy,Magpie Chinese Restaurant,Magpie Chinese Restaurant,Dhaka,,Curry|Chinese|Asian|Fast Food,4.7,30,50.0,70.0,35.0,23.812051,90.422061,"House-24/3, Main Gate of Bashundhara R/A",1229
apgi,Bhagyakul Bakery - Bashundhara,Bhagyakul Bakery,Dhaka,,Cakes|Snacks|Dessert|Bakery,4.8,30,50.0,70.0,35.0,23.8119295,90.4221633,"House - Ka 24/3, Bashundhara Road, Bashundhara R/A",1229
yojw,Mithapur Sweets,,Dhaka,,Sweets|Dessert,0.0,0,50.0,70.0,35.0,23.816564,90.431953,"Road- 4, Mufti Abdur Rahman Road, House- 51/B, Block- D, Boro Mashjid er Pashe, Bashundhara Residential Area",1229
jgex,Bismillah Tehari Ghor,The Tehari Ghor,Dhaka,,Rice Dishes,2.6,1,50.0,70.0,35.0,23.81195675,90.42177342,"House - Ka-24/2/A, Bashundhara Road, Jagannathpur, Bashundhara R/A",1229
z6hz,Magpie Restaurant - Bashundhara,Magpie Restaurant,Dhaka,,Curry|Bangladeshi|Doi|Asian|Faluda,4.8,30,50.0,70.0,35.0,23.8119155,90.422037,"KA-24/4, Bashundhara Road, Vatara",1229
m7ol,Tania's Kitchen,,Dhaka,,Bangladeshi|Asian,1.6,2,50.0,63.0,35.0,23.8196319,90.4330507,"Rd - 13 462 Block F, Road 13, Basundhara, 1209 Bashundhara, Dhaka, Bangladesh, 1209 Dhaka, Bangladesh",1209
p7f7,Ready Meal,,Dhaka,,Snacks|Rice Dishes|Bangladeshi|Asian,4.4,15,50.0,70.0,35.0,23.8116846,90.4237828,"Munshibari Rohmania Moshjid Goli Bashundhara Main Gate, Jagannathpur, Vatara",1229
d4g6,Meat Burg,,Dhaka,,Italian|Mediterranean|Pizza|Western,3.0,7,50.0,70.0,35.0,23.812751,90.428139,"12D / 12E, Block -A, Upstairs Food Court, Top Ten Mor, Floor -3, Bashundhara Road, Bashundhara, Dhaka, Bangladesh",1212
qhw6,Chilliflex (Mega Food Court),,Dhaka,,Italian|Pasta|Mediterranean|Pizza|Burgers|Western|Fast Food,2.9,29,50.0,70.0,35.0,23.812757,90.428245,"12D / 12E, Block -A, Upstairs Food Court, Top Ten Mor, Floor -3, Bashundhara Road, Bashundhara, Dhaka, Bangladesh",1229
hh7u,Zoook,,Dhaka,,Snacks|Beverage,0.0,0,50.0,70.0,35.0,23.812644,90.4280182,"Shop - 12, Upstairs Food Court, House - 12/D, 2nd Floor, Block - A, Bashundhara R/A",1229
pntu,Tamanna's Kitchen,,Dhaka,,Rice Dishes,0.0,0,50.0,63.0,35.0,23.8115688,90.4232754,"Tamanna's Kitchen, Saimon nibash, munsh bari,Ka3/H/D,Jagannathpur, vatara,Dhaka-1229, 1229 Bashundhara, Dhaka, Bangladesh",1229
l7ak,Aga's,,Dhaka,,Snacks|Rice Dishes,4.4,3,50.0,70.0,35.0,23.8126718,90.4282231,"Shop - 12, Upstairs Food Court, House - 12/D, 2nd Floor, Block - A, Bashundhara R/A",1229
h625,Bataty's - Bashundhara,,Dhaka,,Fast Food,3.4,14,50.0,70.0,35.0,23.8118046,90.42588269,"shop no 11, Rajbari Food Court, road 2, bashundhara,",1229
ltn0,Onno Bari,,Dhaka,,Curry|Rice Dishes|Bangladeshi|Asian,0.0,0,50.0,63.0,35.0,23.8222762,90.4331207,"H-332,
Afroza Begum shorok
Block -G",1229
s6dm,Chatime - Bashundhara,Chatime,Dhaka,,Beverage,4.8,30,50.0,70.0,35.0,23.8117886,90.4259547,"Block No. A, Road No. 2, Plot No. 100, Bashundhara Residential Area, Dhaka",1229
nq23,Happy Bucket,,Dhaka,,Snacks|Rice Dishes,3.9,5,50.0,70.0,35.0,23.811783,90.4259471,"Block A, Road 2, Rajbari Food Court, Shop no-11, Bashundhara Residential Area,Dhaka-1229",1229
gwmh,Sandra Express,,Dhaka,,Snacks|Rice Dishes|Soups,4.7,8,50.0,70.0,35.0,23.8117574,90.4259101,"Bashundhara Rajbari Food Cort (Behind Of GP House), Road-02, Block - A, Bashundhara",1229
hhn5,Whatta Bowl  - Bashundhara,Whatta Bowl,Dhaka,,Rice Dishes|Chinese|Asian,4.3,13,50.0,70.0,35.0,23.811601,90.42132825,"3rd floor, 15/5 Pragati Ave, Bashundhara, Dhaka",1229
zuz8,Big Q - Bashundhara,THE BIG Q,Dhaka,,Burgers|Western|Fast Food,4.6,30,50.0,70.0,35.0,23.81159315,90.4213428,"3rd floor, 15/5 Pragati Ave, Bashundhara, Dhaka",1229
hgu8,Krave Kitchen,,Dhaka,,Curry|Rice Dishes|Chinese|Asian,4.2,4,50.0,63.0,35.0,23.8131893,90.4322236,Rd No. 12  Block/d house-343 Lovely Villa abdur sobhan road,1229
o1bt,Magpie Restaurant - Nadda Branch,Magpie Restaurant - Nadda Branch,Dhaka,,Curry|Bangladeshi|Doi|Asian|Faluda,4.9,30,50.0,70.0,35.0,23.8097678,90.42146375,"KA-42/7, Jagannathpur, Nadda Bus Stand, Vatara",1229
yjke,Duo Delight Kitchen,,Dhaka,,Asian,0.0,0,50.0,63.0,35.0,23.8183768,90.435475,"208 Number House, Bashundhara R/A,Block:D,Road Number:6,House Number:208,Lift:2, 1229 Bashundhara, Dhaka, Bangladesh",1229
hlyu,Emu Kitchen,,Dhaka,,Curry,0.0,0,50.0,63.0,35.0,23.80848633,90.42532436,"শহীদ কন্টেকটার বা পলাশ বাড়ী হারেজ সড়ক,, Flat Number:- 305 Harez Road, 1212 Vatara, Dhaka, Bangladesh",1212
jqdd,Family Kitchen,,Dhaka,,Snacks|Curry|Bangladeshi|Asian,0.0,0,50.0,63.0,35.0,23.80843866,90.42534016,"শহীদ কন্টেকটার বা পলাশ বাড়ী হারেজ সড়ক,, Flat Number:- 205 Harez Road, 1212 Vatara, Dhaka, Bangladesh",1212
geef,Taste of Homemade,,Dhaka,,Bangladeshi|Asian,2.1,3,50.0,63.0,35.0,23.818843,90.43697875,"House no 182, I block,Rania avenue,, 1229 Bashundhara, Dhaka, Bangladesh",1229
aaea,BD Five Star (Right Choice Food) Coca Cola,,Dhaka,,Snacks,0.0,0,50.0,70.0,35.0,23.80789861,90.42163028,"Coca Cola Bus Stand, Norda",1212
zkzh,Khati Bangla Khabar,,Dhaka,,Bangladeshi|Asian,0.0,0,50.0,63.0,35.0,23.80814409,90.428006,"Dhaka, Rampura, Banasree D Block, Road 9, House 13",1219
mqt9,Thai Express,,Dhaka,,Snacks|Rice Dishes|Soups|Asian|Thai,4.7,15,50.0,70.0,35.0,23.82132,90.4377775,"House - 77, 2nd Floor, Road - 3, Block - I, Bashundhara R/A",1229
mkof,Food Buddy,,Dhaka,,Chicken|Snacks|Meat|Fast Food,2.2,6,50.0,70.0,35.0,23.821194,90.437868,"House - 77, Road - 3,4, Level - 5, Block - I, Bashundhara R/A",1229
yger,Mad Dumplings,,Dhaka,,Chinese|Asian|Dumpling,4.9,18,50.0,63.0,35.0,23.8093887,90.4315912,"Dhali Food Court - Bashundhara R/A, Tenament Road dhali food court",1212
wjlt,Food Fiesta,,Dhaka,,Rice Dishes|Beverage|Chinese|Asian|Fast Food,3.7,30,50.0,70.0,35.0,23.8093589,90.431596,"Dhali Food Court - Bashundhara R/A, Tenament Road Solmaid Road, 1229 Bashundhara, Dhaka, Bangladesh",1229
z6qs,Sushi On The Go,,Dhaka,,Snacks|Japanese|Asian,4.8,30,50.0,70.0,35.0,23.80932926,90.43166255,"Dhali Food Court, Plot - 84/A, 84/B, Basundhara R/A",1229
oyjb,Wrapick - Bashundhara,Wrapick,Dhaka,,Wraps|Snacks|Beverage|Dessert,4.2,24,50.0,70.0,35.0,23.8091687,90.4315954,"Dhali Food Court, Plot - 84/A, 84/A, Apollo Road, Bashundhara R/A",1229
iadn,The Gourmet Burgers- Bashundhara,The Gourmet Burgers,Dhaka,,Snacks|Beverage|Burgers|Western,2.7,1,50.0,70.0,35.0,23.8090763,90.4315066,"Dhali Food Court, 1st floor, bashundhara",1212
oazz,Dreamland Dhaka Resort & Restaurant,,Dhaka,,Rice Dishes|Beverage|Soups|Fast Food,0.0,0,50.0,109.0,35.0,23.80770591,90.42915395,"Apollo Hospital Link Road, Solmaid, Dhalibari, Kuwaiti Mosque Rd, Dhaka 1212",1229
h73g,Chui & Kacchi,Chui & Kacchi,Dhaka,,Curry|Rice Dishes|Indian|Biryani|Bangladeshi|Doi|Asian,4.5,30,50.0,109.0,35.0,23.8071327,90.4275089,"2023, Abdus Sobhan Dhali Road, Metro-Kitchen Road, Bashundhara R/A, Vatara, Dhaka-1212",1229
oxrd,Ma Khabar Ghor,,Dhaka,,Snacks|Curry|Rice Dishes|Fish|Seafood|Bangladeshi|Asian,0.0,0,50.0,109.0,35.0,23.80902877,90.43201002,"Plot - 54/B-54/D, Basir Uddin Kacha Bazar, Near Apollo Gate, Bashundhara R/A, Vatara",1229
ukwq,BD Five Star (Right Choice Food) Norda Boro Bari,,Dhaka,,Chicken|Snacks|Meat|Fried Chicken,0.0,0,50.0,109.0,35.0,23.80637988,90.42240997,"Ka - 71, Norda Boro Bari Goli, Norda, Dhaka",1212
pu6n,Fast Take Catering,,Dhaka,,Curry|Rice Dishes|Beverage,0.0,2,50.0,109.0,35.0,23.813875,90.4374173,"Walton Head Office, Road Rd 17, Dhaka",1229
dera,Long Lounge,,Dhaka,,Curry|Rice Dishes|Seafood,0.0,1,50.0,109.0,35.0,23.81389,90.43755,"Walton Head Office, Road Rd 17, Bashundhara, Dhaka",1229
osu4,Cloud Gourmet,,Dhaka,,Turkish|Kebab|Curry|Rice Dishes|Middle Eastern|Fast Food,0.0,0,50.0,73.0,35.0,23.8069147,90.4300285,"Solmaid, vatara,  holding 471, road solmaid, commissioner road, p.o- gulshan 1212, badda, dhaka, 1212 Badda, Dhaka, Bangladesh",1212
ph4b,Cream Verse,,Dhaka,,Dessert,0.0,2,50.0,73.0,35.0,23.8193023,90.440453,"bashyn Rania Avenue, block I 3rd shoroni, house 198",1229
scxp,Hamida Kitchen,,Dhaka,,Curry|Rice Dishes|Bangladeshi|Asian,3.6,18,50.0,73.0,35.0,23.8075349,90.4331486,"Madrasatul Manar, Solmaid Bashundhara Notun Rd 3761, 1229 Bashundhara, Dhaka, Bangladesh",1229
j9hw,Rosona Tripti,,Dhaka,,Curry|Rice Dishes|Bangladeshi|Asian,4.7,30,50.0,73.0,35.0,23.806138,90.431662,"Opposite of  chaldal office, neaar habibur Rahaman jamiya masjid, solmide Vatara dhaka-1212.",1212
fau9,Kichu Khai,,Dhaka,,Bangladeshi|Asian,0.0,0,50.0,73.0,35.0,23.8208752,90.442357,"Nabinagar Housing Road - 12 house 98, Nabinagar Housing Rd - 12 House 98 flat5B lift -4, 1207 Mohammadpur, Dhaka, Bangladesh",1207
fm6l,Adorsho Bangla Rannaghor,,Dhaka,,Rice Dishes|Bangladeshi|Asian,0.0,2,50.0,73.0,35.0,23.8185159,90.4452293,"Basundhara Residential Area, Road 18, block K, Bashundhara Road 18, block K, Bashundhara, 1229 Bashundhara, Dhaka, Bangladesh",1229
rnpl,Hello Tong by Hellochef,,Dhaka,,Snacks|Doi,2.5,11,50.0,123.0,35.0,23.8224378,90.4472705,"L block,Road 17,House 448, 1229 Bashundhara, Dhaka, Bangladesh",1212
lqxp,Farhana's Kitchen,,Dhaka,,Curry|Rice Dishes|Bangladeshi|Asian,0.0,0,50.0,98.0,35.0,23.8191441,90.4525954,"Basundhara Residential Area, house 236 road 2 block F, 1229 Bashundhara, Dhaka, Bangladesh",1229
b5m6,Anny's Cookery,,Dhaka,,,0.0,0,50.0,73.0,35.0,23.80671704,90.42562888,"Abdus Sobhan Dhali Rd, Near Al-Aqsa punjabi store,Dhalibari kachabazar, cocacola,vatara",1212
el04,Dynamic Cafe,,Dhaka,,,0.0,1,50.0,70.0,35.0,23.8119438,90.42239965,"3rd Floor,Syed Ali Super Market, Bashundhara Road,Dhaka 1229",1229
nteb,Smokd,,Dhaka,,,0.0,0,50.0,44.0,35.0,23.8177248,90.4302137,"House 22/J, Road 1, Block D, Bashundhara R/A",1230
jgoc,IMPERIAL KITCHEN,,Dhaka,,,0.0,0,50.0,63.0,35.0,23.80992402,90.4241123,"Nadda Aziz Shorok, kudurgolli",1212
f3r7,Calorie Kom,,Dhaka,,,0.0,0,50.0,63.0,35.0,23.80896726,90.42269921,"K37/4B,Swift tower, Shaheed Harez Sharak, Jagannathpur, Vatara, Dhaka-1229",1212
wteu,Domino's Pizza Gulshan,Domino's Pizza,Dhaka,,Italian|Mediterranean|Pizza|Western,4.9,30,0.0,,20.0,23.7755787,90.415887,"South Avenue Tower, House No. 50, Road No. 03, Plot No. 02, Block No. SW (H), Gulshan, Dhaka-1212, Bangladesh",1229
rjjn,Pizzaburg - Gulshan,Pizza Burg,Dhaka,,Italian|Mediterranean|Pizza|Western,4.8,30,50.0,49.0,45.0,23.7812506,90.4154452,"1st Floor, Plot: 09 Road: 21,  Gulshan 1 Dhaka 1212",1212
kxdd,Rater Kabab,Rater Kabab,Dhaka,,Turkish|Kebab|Snacks|Curry|Middle Eastern,4.6,30,50.0,49.0,35.0,23.78039015,90.4144937,"7/A Gulshan Point, Gulshan South Avenue, Dhaka - 1212",1212
sajp,Waffle Up - Gulshan,Waffle Up,Dhaka,,Dessert,4.9,30,50.0,49.0,30.0,23.7813684,90.41551465,"Ground Floor, Plot: 09, Road: 21, Gulshan- 1, Dhaka 1212, Bangladesh.",1212
ced7,Puro Pastry & Bakery - Gulshan 1,Puro Pastry & Bakery - Dhaka,Dhaka,,Cakes|Snacks|Dessert,4.9,24,50.0,49.0,0.0,23.7807372,90.4176581,"Shop A-5, Plot 39, Islam Mansion, Road 126, Gulshan-1",1212
s4zc,Purnima Restaurant - Gulshan - 1,,Dhaka,,Chicken|Curry|Fish|Seafood|Meat|Bangladeshi|Doi|Asian,4.5,15,50.0,49.0,0.0,23.78072,90.41678,"50, Habib Market, Gulshan 1",1212
eg3f,Lake Lover - Badda,,Dhaka,,Snacks|Curry|Rice Dishes|Beverage,0.0,0,50.0,49.0,0.0,23.7788782,90.4210874,House-171/3 Lake drive road badda -1212,1212
h1n0,Queen Biryani,,Dhaka,,Curry|Rice Dishes|Dessert,0.0,0,50.0,49.0,0.0,23.781321,90.414954,"Road#21, House#5, Gulshan#1, 1212 Gulshan 1, Dhaka, Bangladesh",1212
wtmh,Usha's Kitchen,,Dhaka,,Snacks|Rice Dishes|Bangladeshi|Asian,0.0,0,50.0,49.0,0.0,23.7798106,90.4237121,"Middle Badda, Habib mansion, flat - 4A, 1212 Badda, Dhaka, Bangladesh",1212
vyzy,Aunty's Momo,,Dhaka,,Chinese|Asian|Dumpling,0.0,0,50.0,49.0,0.0,23.7814419,90.413151,"Sohana's Sprinkles, Rd 16/A House 3 A1 , 3rd building from Rangs Water front., 1212 Gulshan 1, Dhaka, Bangladesh",1212
k7m8,Spice Box,,Dhaka,,Snacks|Rice Dishes|Noodles,0.0,0,50.0,49.0,0.0,23.7840518,90.4255913,"Rupayan Millennium Square, Bir Uttam Rafiqul Islam Ave Shop 231, rupayan millennium square.cha- 70, Uttar badda.dhaka 1212, 1212 Badda, Dhaka, Bangladesh",1212
imkd,Shifat Cake And Bakery House .,,Dhaka,,Bangladeshi|Asian,4.6,3,50.0,78.0,0.0,23.77928055,90.40394835,"Livestock Research Institute, LRI, Mohakhali, School Road LRI, Mohakhali, 1212 Gulshan 1, Dhaka, Bangladesh",1212
urql,Arabika Coffee – Gulshan Anabil Tower,Arabika Coffee,Dhaka,,Snacks|Beverage|Cafe|Dessert,4.8,8,50.0,78.0,0.0,23.7943342,90.4114305,"Plot # 3, Block - NW(J), Kemal Ataturk Ave, Anabil Tower Dhaka 1212 (Ground Floor)",1212
tojt,Safa Kitchen,,Dhaka,,Snacks|Dessert|Bangladeshi|Asian,0.0,0,50.0,103.0,25.0,23.8006614,90.4261523,"Wajiduddin road Shanti nibas, Notun Bazar wajiduddin road house no:80 Gulshan 2 Vhatra Thana fasser Tak wajiduddin road daka 1212, 1212 Vatara, Dhaka, Bangladesh",1212
wf16,Spicy Nation,,Dhaka,,Wraps|Rice Dishes|Burgers|Western,4.8,5,50.0,49.0,0.0,23.78101,90.4180741,"House no-4, road-126, Gulshan 1-1212",1212
j6ps,ADDA&CHILL,,Dhaka,,Beverage|Cafe,3.7,2,50.0,49.0,0.0,23.78024883,90.42097843,"গুলশান বাড্ডা সংযোগ সড়ক R.4 , H.2, Gudaraghat,Badda, 1212 Badda, Dhaka, Bangladesh",1212
mak0,Marina Cafe & Restaurant,,Dhaka,,Snacks|Rice Dishes|Italian|Pasta|Mediterranean|Pizza|Western|Asian|Thai,3.9,2,50.0,49.0,0.0,23.7801042,90.4210377,"Marina Cafe & Restaurant, Gulshan Lake View, Badda High School Road Gudaraghat link road road 3 House 1 road 3 Badda high school road Gudaraghat gulshan 1, 1212 Badda, Dhaka, Bangladesh",1212
ql01,German Deli,,Dhaka,,Snacks|Beverage|Sandwiches|Western,0.0,1,50.0,49.0,0.0,23.7813089,90.4174546,"House 56/B, Rd 132, Dhaka 1212",1212
il4r,Konami At Home,,Dhaka,,Rice Dishes|Japanese|Asian,0.0,1,50.0,49.0,0.0,23.7816314,90.4174804,Road 131 House 58/b Gulshan 1 Dhaka,1212
x94n,Ideal Sweets & Bakery- Gudaraghat,Ideal Sweets & Bakery,Dhaka,,Snacks|Dessert|Bakery,0.0,0,50.0,49.0,0.0,23.7809078,90.4215701,"Ja-1/1, Shop No-1, Madhya Badda, Dhaka 1212",1212
kjqe,Twist & Taste,,Dhaka,,Italian|Pasta|Mediterranean|Noodles|Pizza|Western|Fast Food,3.1,11,50.0,49.0,0.0,23.7813953,90.42144725,"House#11 Road-6 gudaraghat,Badda,Gulshan -1",1212
x5kq,Sky Vista Lounge,,Dhaka,,Soups|Chinese|Burgers|Western|Asian|Fast Food,4.8,1,50.0,49.0,0.0,23.78175362,90.41730898,"Midtown Center, House 60/A ,  List ar 2 and 3, Road 131, Gulshan 1, Dhaka, Bangladesh",1212
t9ft,Banglar Mishti - Gulshan,Banglar Mishti,Dhaka,,Snacks|Sweets|Dessert,4.8,0,50.0,49.0,0.0,23.7818707,90.4168236,"3, Gulshan - 60 Gulshan Avenue, Gulshan-1, Dhaka",1212
a2dq,Whatta Bowl - Gulshan,Whatta Bowl,Dhaka,,Rice Dishes|Chinese|Asian,4.4,30,50.0,49.0,35.0,23.7810525,90.4164762,"Lee Tsai Hsiang House, 51, South Gulshan Avenue, Gulshan-1,Dhaka -1212",1212
moxt,Lunchwala- Gulshan,Lunch Wala - Chain,Dhaka,,Rice Dishes|Bangladeshi|Asian|Khichuri,4.2,30,50.0,49.0,0.0,23.7810525,90.4164762,"Lee Tsai Hsiang House, 51, South Gulshan Avenue, Gulshan-1,Dhaka -1212",1212
urip,Fries & More - Gulshan,Fries & More,Dhaka,,Snacks|Burgers|Western|Fast Food,3.8,30,50.0,49.0,0.0,23.7810525,90.4164762,"Lee Tsai Hsiang House, 51, South Gulshan Avenue, Gulshan-1,Dhaka -1212",1212
kmts,Big Q - Gulshan,THE BIG Q,Dhaka,,Burgers|Western|Fast Food,4.9,30,50.0,49.0,35.0,23.7810525,90.4164762,"Lee Tsai Hsiang House, 51, South Gulshan Avenue, Gulshan-1,Dhaka -1212",1212
yada,Dibbles - Gulshan,Dibbles Gulshan,Dhaka,,Chicken|Snacks|Meat|Burgers|Western|Fast Food,4.8,30,50.0,49.0,35.0,23.7810525,90.4164762,"Lee Tsai Hsiang House, 51, South Gulshan Avenue, Gulshan-1,Dhaka -1212",1212
hyiw,Biryani On Bowls - Gulshan,Biryani On Bowls - Mirpur,Dhaka,,Rice Dishes|Indian|Biryani|Asian,4.2,28,50.0,49.0,35.0,23.7810525,90.4164762,"Lee Tsai Hsiang House, 51, South Gulshan Avenue, Gulshan-1,Dhaka -1212",1212
seb3,BAR-B-Q TONITE (SINCE - 2000),Bar-B-Q Tonite,Dhaka,,Turkish|Kebab|Middle Eastern,4.7,30,50.0,49.0,35.0,23.7810525,90.4164762,"Lee Tsai Hsiang House, 51, South Gulshan Avenue, Gulshan-1,Dhaka -1212",1212
itkg,Khansaba - Gulshan,Khansaba - Gulshan,Dhaka,,Turkish|Kebab|Curry|Middle Eastern,4.7,30,50.0,49.0,0.0,23.7810525,90.4164762,"Lee Tsai Hsiang House, 51, South Gulshan Avenue, Gulshan-1,Dhaka -1212",1212
q6zd,Jackson's Fried Chicken - Gulshan,Jackson's Fried Chicken,Dhaka,,Chicken|Meat|Burgers|Western|Fast Food|Fried Chicken,4.3,30,50.0,49.0,0.0,23.7810525,90.4164762,"Lee Tsai Hsiang House, 51, South Gulshan Avenue, Gulshan-1,Dhaka -1212",1212
u42l,Shumi's Hot Cake - Gulshan -1,Shumi's Hot Cake,Dhaka,,Cakes|Dessert|Fast Food,4.9,30,50.0,49.0,0.0,23.7815142,90.4160484,"Plot# 2 Road# 21 Gulshan 1, Surecell Medical, Dhaka",1212
rn45,Peyari Tehari - Gulshan 1,Peyari Tehari - Chawkbazar,Dhaka,,Curry|Indian|Biryani|Asian,4.5,30,50.0,49.0,0.0,23.7816875,90.4155625,"SAM TOWER, Road 22, Gulshan - 1, Dhaka 1212",1212
ulfq,Snackin,,Dhaka,,Snacks,0.0,0,50.0,49.0,0.0,23.7771318,90.4176451,"Rosemeade Residences,, Road 137, House 8, Apt B4, 1212 Gulshan 1, Dhaka, Bangladesh",1212
i0bb,Flavour King,,Dhaka,,Snacks|Rice Dishes|Noodles|Burgers|Western,3.7,6,50.0,49.0,0.0,23.78139829,90.42365107,"Comilla para, Ta 125/3, 1212 Badda, Dhaka, Bangladesh",1212
g9k5,Chabazi - Gulshan,,Dhaka,,Juice Corner|Snacks|Beverage,0.0,0,50.0,49.0,0.0,23.78048313,90.41465504,House-7 South Gulshan Avenue  Gulshan -1 Dhaka-1212,1212
d29u,Burritoz,,Dhaka,,Wraps|Beverage|Mexican|Western,4.6,4,50.0,49.0,0.0,23.7763958,90.4204704,"Bha 138/5, South Badda, Dhaka:1212",1212
s2tw,Tabaq Coffee Gulshan Avenue,Tabaq,Dhaka,,Beverage|Cafe|Sandwiches|Dessert|Western,5.0,30,50.0,49.0,35.0,23.77698165,90.41662025,"House No. 22, Crystal Palace, Bir Uttom Mir Shawkat Ali, Dhaka",1212
ds3b,Smashed Burgers - Gulshan 1,Smashed Burger,Dhaka,,Snacks|Burgers|Western,4.9,30,50.0,49.0,0.0,23.7768483,90.4167425,"2nd Floor, Crystal Palace, House 22, Road No 140, Gulshan Avenue, Dhaka 1212",1212
redk,So Juicy - Chef's Table Gulshan 1,So Juicy,Dhaka,,Juice Corner|Beverage|Cafe,4.6,7,50.0,49.0,0.0,23.7769667,90.41629885,"So Juicy Chef's Table Gulshan-1 Floor lift -5 United house, 10 bir uttam mir shawakat,Sharak,Dhaka-1212",1212
hmcu,Utshob Sweets - Gulshan 1,Utshob Sweets - Centrepoint Airport,Dhaka,,Snacks|Dessert|Doi,4.9,3,50.0,49.0,0.0,23.7769036,90.416369,"United House 10 Gulshan Avenue, Rd 05, Dhaka 1212",1212
i36o,Utshob - Chef's Table Gulshan 1,UTSHOB,Dhaka,,Curry|Rice Dishes|Bangladeshi|Doi|Asian,4.7,2,50.0,49.0,0.0,23.7769372,90.4162475,"United House 10, Gulshan Avenue, Gulshan 1, Dhaka-1212",1212
xckb,Route 66 - Chef's Table Gulshan 1,Route 66,Dhaka,,Snacks|Burgers|Western,4.7,4,50.0,49.0,0.0,23.7769531,90.4162061,"United House 10, Gulshan Avenue, Gulshan 1, Dhaka-1212",1212
afqs,Kebabs N Curries - Chef's Table Gulshan 1,Kebabs N Curries,Dhaka,,Turkish|Kebab|Curry|Middle Eastern,4.2,5,50.0,49.0,0.0,23.7769126,90.4161719,"United House 10, Gulshan Avenue, Gulshan 1, Dhaka-1212",1212
nd3e,Tokyodango - Gulshan 1,Tokyodango,Dhaka,,Japanese|Asian,4.9,3,50.0,49.0,0.0,23.77701049,90.41600045,"chef's table gulshan 1, 1212",1212
tzdo,Bangla Ranna Ghor,,Dhaka,,Curry|Rice Dishes|Bangladeshi|Asian,0.0,1,50.0,49.0,0.0,23.7840549,90.4229044,"Badda Girls High School, Gulshan
বাড্ডা বালিকা উচ্চ বিদ্যালয়, গুলশান.uttar badda. House number ja 32.Dhaka 1212",1212
f7a6,Curry Kraft,,Dhaka,,Turkish|Kebab|Curry|Middle Eastern,0.0,0,50.0,49.0,0.0,23.776872,90.4160234,"Chef's Table - Gulshan 1, United House, Dhaka 1212",1212
grrt,Brewnique - Badda,,Dhaka,,Beverage,0.0,1,50.0,49.0,0.0,23.78400445,90.41544025,"House 36, Road 25, Gulshan-1, road-25, house no.-38B, apertment B2",1212
ousx,Tehari On the Go - Gulshan,Tehari On the Go - Gulshan,Dhaka,,Rice Dishes|Indian|Biryani|Asian,4.2,30,50.0,49.0,0.0,23.7813523,90.413854,"16/A, House #02 ,Hotel Bengal canary park (opposite side) . Gulshan-1 . Dhaka",1212
ejhq,Kung Pao - Gulshan,Kung Pao - Gulshan,Dhaka,,Curry|Chinese|Asian,4.7,30,50.0,49.0,0.0,23.7813608,90.4138452,"16/A, House #02 ,Hotel Bengal canary park (opposite side) . Gulshan-1 . Dhaka",1212
adzq,Dine A Chaap - Gulshan,Dine A Chaap - Gulshan,Dhaka,,Turkish|Kebab|Middle Eastern,4.2,15,50.0,49.0,0.0,23.7813578,90.4138425,"16/A, House #02 ,Hotel Bengal canary park (opposite side) . Gulshan-1 . Dhaka",1212
ffeq,Delhi 6 - Gulshan,Delhi 6 - Gulshan,Dhaka,,Curry|Middle Eastern|Indian|Asian,4.2,30,50.0,49.0,0.0,23.7813482,90.4138409,"16/A, House #02 ,Hotel Bengal canary park (opposite side) . Gulshan-1 . Dhaka",1212
nlge,Baburchi Express - Gulshan,Baburchi Express,Dhaka,,Curry|Rice Dishes,4.1,30,50.0,49.0,0.0,23.78136,90.4138332,"Gulshan 1
1212
16/A, House #02 ,Hotel Bengal canary park (opposite side) . Gulshan-1 . Dhaka",1212
szp0,Lunch Mafia - Gulshan,Lunch Mafia - Gulshan,Dhaka,,Snacks|Rice Dishes,4.3,30,50.0,49.0,0.0,23.7813596,90.4137975,"16/A, House #02 ,Hotel Bengal canary park (opposite side) . Gulshan-1 . Dhaka Global City",1212
hhbd,Burger Buzz,,Dhaka,,Chicken|Snacks|Rice Dishes|Meat|Burgers|Western,4.7,30,50.0,49.0,0.0,23.7812953,90.4248162,"গ  - 109 , Middle badda - Gulshan badda link road",1212
xelr,Ghoroa Khichuri,,Dhaka,,Curry|Rice Dishes,4.1,30,50.0,49.0,0.0,23.78135414,90.41379113,"Gulshan 1 1212 16/A, House #02 ,Hotel Bengal canary park (opposite side) . Gulshan-1 . Dhaka",1212
xf94,Chicken Expert -Gulshan,,Dhaka,,Chicken|Snacks|Meat|Fried Chicken,4.7,23,50.0,49.0,0.0,23.7813735,90.424807,"গ - 109 , Middle badda - Gulshan badda link road",1212
t8xg,Bene Bistro,,Dhaka,,Chicken|Seafood|Meat|Fast Food,4.3,0,50.0,49.0,0.0,23.78570035,90.4185872,"House-36, Road-117, Gulshan-1, Century Park Hotel, Level-1",1212
j8ui,Royal Bangla Leaf - Gulshan,,Dhaka,,Curry|Rice Dishes|Bangladeshi|Asian,2.8,30,50.0,49.0,35.0,23.775442,90.420116,"Syed Villa B-126, Mostafa lake castle er pasher road, Flat no- J2 south Badda 1212 , Gulshan, Dhaka, Bangladesh",1212
q3xn,Khichuri Magic - Gulshan,,Dhaka,,Rice Dishes|Dessert,1.9,23,50.0,49.0,35.0,23.775442,90.420116,"Syed Villa B-126, Mostafa lake castle er pasher road, Flat no- J2 south Badda 1212 , Gulshan, Dhaka, Bangladesh",1212
bc3n,VVIP Jhalmuri - Gulshan,,Dhaka,,Asian,0.0,1,50.0,49.0,35.0,23.775442,90.420116,"soiyyed villa, B-126, south badda , Gulshan 1212. Road number : 123 (beside mostofa cafe lake)",1212
xtkc,Just ilish,,Dhaka,,Curry|Rice Dishes|Bangladeshi|Asian,1.1,6,50.0,49.0,35.0,23.775442,90.420116,"Syed Villa B-126, Mostafa lake castle er pasher road, Flat no- J2 south Badda 1212 , Gulshan, Dhaka, Bangladesh",1212
bncm,Urban leaf- Gulshan,,Dhaka,,Curry|Rice Dishes|Bangladeshi|Asian,3.6,18,50.0,49.0,35.0,23.775442,90.420116,"Syed Villa B-126, Mostafa lake castle er pasher road, Flat no- J2 south Badda 1212 , Gulshan, Dhaka, Bangladesh",1212
kpam,Shaahi Kitchen,,Dhaka,,Curry|Rice Dishes|Bangladeshi|Asian,4.9,14,50.0,49.0,0.0,23.783388,90.4243381,"CCha-61, Kuyeti Mosjid goli, Bojlur Rahman Atimkhana, Dhaka-1212",1212
b2e9,Aandaaz,,Dhaka,,Middle Eastern|Indian|Asian,4.8,2,50.0,49.0,0.0,23.7858286,90.4174017,"Plot - 53, Cityscape Tower, Gulshan Avenue, Gulshan 1, Dhaka - 1212",1212
beq5,Gulshan Biriyani House,,Dhaka,,Bangladeshi|Asian,4.3,19,50.0,49.0,0.0,23.7768266,90.4238597,"Middle Badda, Alatunnessa School Road, Khan dental clinic , 1212 Badda, Dhaka, Bangladesh",1212
to0y,Manzile,,Dhaka,,Fast Food,4.8,9,50.0,49.0,35.0,23.77646914,90.42378346,"1212 Badda, Dhaka, Bangladesh",1212
ap0c,Al Amin Hotel & Restaurant,,Dhaka,,Curry|Bangladeshi|Asian,4.0,8,50.0,49.0,0.0,23.7833657,90.4249357,"Cho, 63/6, uttar badda, opposite of hossen market, behind of ibne sina hospital",1212
xkml,Al Amar Lebanese Cuisine - Gulshan,Al Amar Lebanese Cuisine,Dhaka,,Rice Dishes|Middle Eastern|Lebanese|Meat,4.8,30,50.0,49.0,0.0,23.7860603,90.4167539,"Level 12, Rangs FC Enclave, Plot No. 6/A, Road No. 32, Gulshan 1, Dhaka 1212",1212
u1zq,Mithai - Middle Badda,Mithai - Dhaka,Dhaka,,Cakes|Dessert|Doi|Fast Food,4.4,25,50.0,49.0,0.0,23.7813418,90.42578535,"103/2 Progoti Sharoni, Middle Badda",1212
s4ax,Bella Italia - Gulshan,Bella Italia,Dhaka,,Italian|Mediterranean|Pizza|Western|Fast Food,4.9,30,50.0,49.0,0.0,23.7862139,90.41666845,"Rangs FC Enclave (2nd floor), Plot No. 6/A, Road No. 32, Gulshan 1, Dhaka",1212
hgyk,Being Pizza,,Dhaka,,Bangladeshi|Asian,0.0,0,50.0,49.0,0.0,23.7753969,90.4229387,"Jagoroni Club, Badda/pa-32/2, 1212 Badda, Dhaka, Bangladesh",1212
kacq,Tehari Box,,Dhaka,,Curry|Rice Dishes|Bangladeshi|Asian,4.6,30,50.0,49.0,35.0,23.7771617,90.4249662,"মধ্য বাড্ডা, স্কুল রোড 
খ - ১৭৫  ফার্স্ট ফ্লোর",1212
qjmn,Sporsho Cafe & Restaurant,,Dhaka,,Snacks|Rice Dishes,4.9,5,50.0,49.0,0.0,23.7828361,90.4257367,"Holland Center Shopping Complex ,Cha- 72/1 B, Bir Uttam Rafikul Islam Sarak, Dhaka 1212",1212
a945,LFC - Lokman Chotpoti And Fuchka,,Dhaka,,Asian,0.0,0,50.0,49.0,0.0,23.7742204,90.4191248,Ba-73/1 paradise lake view South badda,1212
e9nr,Maha's kitchen,,Dhaka,,Snacks|Curry|Rice Dishes|Dessert|Bangladeshi|Asian,3.7,5,50.0,49.0,0.0,23.77556737,90.42364797,"Alatunnesa School Rd 139 opposite of sabuj sena school, 1212 Badda, Dhaka, Bangladesh",1212
cz19,Dadir Choya Rannaghor,,Dhaka,,Snacks|Rice Dishes|Bangladeshi|Asian,3.2,7,50.0,49.0,0.0,23.7797145,90.4263494,"Molla Para Baitul Gofur Jaame Masjid, Rustom Mollah Road, Mollahpara, Middle Badda Avargeren escol mollapara, 1212 Badda, Dhaka, Bangladesh",1212
i7em,Rice Republic - Gulshan (Special offer available),,Dhaka,,Curry|Bangladeshi|Asian,3.7,1,50.0,49.0,35.0,23.774667,90.422379,"House: kha-48/kha, Near South Badda Jame Masjid, Dhaka-1212",1212
nda6,Herfy - Gulshan,Herfy,Dhaka,,Chicken|Meat|Burgers|Western|Fast Food,4.9,30,50.0,49.0,0.0,23.7744883,90.41610995,"Ground Floor, 1st Floor, 1 Gulshan Avenue, Road-1, House-1, GL Bhaban, Dhaka 1212",1212
g2pt,The Cinnamon Tree Restaurant,The Cinnamon Tree Restaurant,Dhaka,,Snacks|Curry|Rice Dishes|Chinese|Asian,4.5,30,50.0,49.0,0.0,23.7741059,90.4170597,"Road #143, House #8/C, Gulshan-1, Near Libya Embassy Dhaka",1212
i2as,Tanima's Food And Products,,Dhaka,,Rice Dishes|Dessert|Bangladeshi|Asian,0.0,0,50.0,68.0,0.0,23.7858157,90.4246131,"Cha- 100/2/2, Badda Girls School Road, Dhaka 1212, 1212 Badda, Dhaka, Bangladesh",1212
ntei,Bashonti,,Dhaka,,Bangladeshi|Asian,0.0,1,50.0,68.0,0.0,23.7868463,90.4150366,"Lake, Rd 33 House 6, 1212 Gulshan 1, Dhaka, Bangladesh",1212
igkm,Turkish Donerzzz,,Dhaka,,Snacks,0.0,0,50.0,68.0,35.0,23.7743325,90.4149854,"DDC Building, Road-01 Old brac University, 1212 গুলশান ১, ঢাকা, Bangladesh",1212
s4ld,Food Palace - Gulshan,,Dhaka,,Rice Dishes|Beverage|Soups|Fast Food,4.6,0,50.0,68.0,0.0,23.774447,90.414669,"House No. SWF 4/A, Road No. 1, Gulshan 1 (Northern Gate of Dr. Fazle Rabbi Park & Near to Niketon Gate 1), Dhaka",1212
ffm1,Cloudine Kitchen,,Dhaka,,Bangladeshi|Asian,0.0,0,50.0,68.0,0.0,23.7741855,90.42399127,"West Merul,Badda, MA 61 (6th Floor), 1212 Badda, Dhaka, Bangladesh",1212
o8wp,Midnight Baker,,Dhaka,,Snacks|Dessert,4.4,6,50.0,68.0,0.0,23.78790005,90.41637719,"Ground floor, Ventura avenue (Opposite of Shwapno)
CWN(C)-8/B, Gulshan Ave, Dhaka 1212",1212
hf06,Urban Blend,,Dhaka,,Snacks|Curry|Rice Dishes,0.0,1,50.0,68.0,0.0,23.78837721,90.41844709,"House - 11A, Road - 113, Same Near The Coffee Bean & Tea Leaf, Gulshan - 1, Dhaka - 1212",1212
wzck,Fravings,,Dhaka,,Burgers|Western|Fast Food,0.0,0,50.0,68.0,0.0,23.7727676,90.419138,"Sahaba pir jame masjid opposite, South Badda, Near at Hatirjheel",1212
v84y,Hakka Gulshan,Platinum Park,Dhaka,,Snacks|Italian|Beverage|Mediterranean|Pizza|Western,3.6,13,50.0,68.0,35.0,23.77277747,90.41824054,Behind the Police plaza Close to South Badda Park  Gulshan Dhaka-1212,1212
rhz0,Moveon Coffee - Dhaka,Major,Dhaka,,Beverage|Sandwiches|Western,0.0,0,50.0,68.0,0.0,23.7885625,90.4185625,"JCI club Limited ,
Gulshan 2
House# 11/A,
Rd 113,
 Dhaka 1212",1212
s1py,Halda Valley Tea Lounge,,Dhaka,,Curry,4.7,8,50.0,68.0,0.0,23.7884422,90.4174221,"YN Center, House 6/A,Road 113,Gulshan Avenue, Dhaka 1212",1212
ombs,Friends Food and Juice Corner,,Dhaka,,Juice Corner|Snacks|Beverage|Fast Food,0.0,3,50.0,68.0,0.0,23.7852432,90.4264701,"Tatultola Road, Tatultola Rd Near Uttar Badda kacha bazar, 1212 Badda, Dhaka, Bangladesh",1212
k473,Cha Bazi,,Dhaka,,Juice Corner|Beverage,3.0,2,50.0,68.0,35.0,23.77258053,90.41826418,"Bir Uttam AK Khandakar Road, KHO 33 B ,Titash road, Dhokkhin Badda New Road, Dhaka 1212",1212
m0gy,Da One Cafe,,Dhaka,,Turkish|Kebab|Curry|Rice Dishes|Middle Eastern|Soups|Noodles,4.8,5,50.0,68.0,35.0,23.7885042,90.4172055,"Road 113, Rd 113 Road 113, House 1/B, Gulshan-2,Dhaka 1212, 1212 Gulshan 2, Dhaka, Bangladesh",1212
zc8i,Tokyo Food,,Dhaka,,Turkish|Kebab|Snacks|Rice Dishes|Middle Eastern|Chinese|Asian|Fast Food,0.0,1,50.0,68.0,0.0,23.7727401,90.4162903,"Shop-559, Level-5, Gulshan Police Plaza, Gulshan, Dhaka",1212
rgl3,House of Niribiri,,Dhaka,,Curry|Rice Dishes|Bangladeshi|Asian,0.0,0,50.0,68.0,0.0,23.78746735,90.41414782,"34 Road No. 01, Road No. 01 34, 1212 Gulshan 1, Dhaka, Bangladesh",1212
kxb4,Zishan Food Corner,,Dhaka,,Curry|Rice Dishes|Bangladeshi|Asian,0.0,0,50.0,68.0,0.0,23.7784315,90.42846074,"moddo Badda Bazar goli,Eleven soroni",1212
biq9,Delifrance - Gulshan 2,Delifrance Gulshan Avenue,Dhaka,,Cakes|Snacks|Beverage|Dessert|Western,4.9,30,50.0,68.0,0.0,23.78918155,90.4165545,"Gulshan Avenue,  Plot#114 ,1st Floor Casablanca , Gulshan Avenue, Gulshan-2",1212
m0cd,Aaznabiz - Badda,Aaznabiz,Dhaka,,Snacks|Rice Dishes|Fast Food,3.9,14,50.0,68.0,0.0,23.7842709,90.4282593,"House - 170, Shadhinata Sharani Road, Back Side of AMZ Hospital Ltd. Uttar Badda, Dhaka - 1212",1212
eb6r,Rice & Beyond,Rice & Beyond,Dhaka,,Rice Dishes,4.8,30,50.0,68.0,0.0,23.7897723,90.41937935,"House 08, Road 113/A, 9th Floor, ABM Tower, Gulshan-02, Dhaka 1212",1212
gnh3,Fatz,Fatz - Gulshan,Dhaka,,Burgers|Western|Fast Food,4.6,28,50.0,68.0,0.0,23.78977775,90.41934725,"House 08, Road 113/A, 9th Floor, ABM Tower, Gulshan-02, Dhaka 1212",1212
f6a4,Dal Bhaat,,Dhaka,,Rice Dishes|Bangladeshi|Asian,4.7,4,50.0,68.0,35.0,23.78979365,90.4193292,"House 08, Road 113/A, 9th Floor, ABM Tower, Gulshan-02, Dhaka 1212",1212
yckz,Doner Dude - Gulshan,Doner Dude - Gulshan,Dhaka,,Fast Food,4.6,27,50.0,68.0,0.0,23.7897967,90.4194426,"House 08, Road 113/A, 9th Floor, ABM Tower, Gulshan-02, Dhaka 1212",1212
dj8p,SpiceL,,Dhaka,,Snacks|Rice Dishes,4.9,23,50.0,68.0,0.0,23.7898004,90.4193659,"House 08, Road 113/A, 9th Floor, ABM Tower, Gulshan-02, Dhaka 1212",1212
v0zm,Xtra Mayo - Gulshan,Xtra Mayo - Gulshan,Dhaka,,Snacks|Western,4.8,29,50.0,68.0,0.0,23.7898237,90.4193915,"House 08, Road 113/A, 9th Floor, ABM Tower, Gulshan-02, Dhaka 1212",1212
crjq,Grills & Grains Pizzeria,,Dhaka,,Italian|Mediterranean|Pizza|Western,4.3,2,50.0,68.0,0.0,23.7898338,90.4193918,"House 08, Road 113/A, 9th Floor, ABM Tower, Gulshan-02, Dhaka 1212",1212
ejx2,Doner Korner,Doner Korner,Dhaka,,Meat|Fast Food,4.7,9,50.0,68.0,0.0,23.7898515,90.419442,"House 08, Road 113/A, 9th Floor, ABM Tower, Gulshan-02, Dhaka 1212",1212
eg0l,The Dream Kitchen,,Dhaka,,Curry|Bangladeshi|Asian,3.8,10,50.0,68.0,35.0,23.78554735,90.42784905,"Uttar badda, tetul tola rood.  
178 number house.  
Apartment name membar bari",1212
t37j,Rice & More,,Dhaka,,Rice Dishes,4.8,23,50.0,68.0,0.0,23.7898606,90.4193628,"House 08, Road 113/A, 9th Floor, ABM Tower, Gulshan-02, Dhaka 1212",1212
s3cs,Chicken King - Badda,Chicken King,Dhaka,,Fast Food,3.6,1,50.0,68.0,0.0,23.7878412,90.4257137,"HAF Genarel Hospital, Hossain uddin road,Uttar badda,Dhaka 1212",1212
w3iq,Chatime - Gulshan 2,Chatime,Dhaka,,Beverage,4.8,30,50.0,68.0,0.0,23.7895973,90.41654505,"2nd Floor, Rangs Z Square, Chatime Gulshan, Dhaka-1212",1212
wrkz,Bee's Kitchen,,Dhaka,,Snacks,4.5,28,50.0,68.0,0.0,23.78998889,90.41962177,"House -19/20, Road -113/A, Gulshan 2, Dhaka 1212",1212
dccz,Ledor- Gulshan-2,Ledor,Dhaka,,Dessert|Fast Food,4.9,30,50.0,68.0,0.0,23.78964953,90.41648996,"Rangs Z Squre, Plot-118,Gulshan Avenue Road, Gulshan Dhaka 1212",1212
o993,Halim & Pitha Ghor,,Dhaka,,Snacks,3.6,11,50.0,68.0,0.0,23.78535484,90.41032588,"Korail TNT,  korail jamai bajar, 1213 Banani, Dhaka, Bangladesh",1213
vypb,Icon Restaurant,,Dhaka,,Burgers|Western|Fast Food,3.7,1,50.0,68.0,0.0,23.77235265,90.4244387,"BRAC University Pocket Gate/2nd Gate, Ma-78/A MeruBadda, 1212 Badda, Dhaka, Bangladesh",1212
vei4,Masuda's Kitchen,,Dhaka,,Curry|Rice Dishes|Bangladeshi|Asian,0.0,2,50.0,68.0,0.0,23.7794105,90.4297615,"Choddho sarani gate Jakir mollah house, 1212 Badda, Dhaka, Bangladesh",1212
bmah,Copper Cravings,,Dhaka,,Snacks|Rice Dishes|Beverage,0.0,0,50.0,68.0,0.0,23.7718797,90.423835,"BRAC University, Bir Uttam Rafiqul Islam Ave brac university",1212
w3tb,ZAFRA BY GLITZ,,Dhaka,,Dessert,0.0,0,50.0,68.0,35.0,23.790212,90.4171708,"Road 111, house 30, Apt A5, Gulshan 2",1212
r4jo,Azkaban,,Dhaka,,Snacks|Rice Dishes|Fast Food,4.6,6,50.0,68.0,0.0,23.7721058,90.4252679,"F12/5, Merul Badda, Dhaka,",1212
zlhp,Dragon Eye,,Dhaka,,Snacks|Asian,4.3,22,50.0,68.0,0.0,23.78965375,90.42430675,"G p-ka, 32/1, South shahjadpur,Dakkhinpara, Gulshan, Dhaka-1212",1212
jmvv,Samurai Sushi Kitchen - Baridhara,Samurai Sushi Kitchen - Baridhara,Dhaka,,Sushi|Seafood|Japanese|Asian,4.6,9,50.0,68.0,0.0,23.7896742,90.4242857,"G p-ka, 32/1, South shahjadpur,Dakkhinpara, Gulshan, Dhaka-1212",1212
csw6,Sushi House,Sushi House,Dhaka,,Sushi|Japanese|Asian,4.5,10,50.0,68.0,0.0,23.78967535,90.4243425,"G p-ka, 32/1, South shahjadpur,Dakkhinpara, Gulshan, Dhaka-1212",1212
ps12,Shimu's Home Kitchen,,Dhaka,,Curry|Rice Dishes|Bangladeshi|Asian,0.0,3,50.0,68.0,0.0,23.7826477,90.4302082,"House No. 3,
Road No. 6A
Moynarbagh Bou Bazar North Badda, Dhaka 1212",1212
f6py,Oshisushis,Oshisushis,Dhaka,,Sushi|Japanese|Asian,4.4,24,50.0,68.0,0.0,23.7897091,90.4243055,"G p-ka, 32/1, South shahjadpur,Dakkhinpara, Gulshan, Dhaka-1212",1212
xbj9,Royal Korean Cuisine,Royal Korean Cuisine,Dhaka,,Korean|Asian,4.2,13,50.0,68.0,0.0,23.78968376,90.42443978,"G p-ka, 32/1, South shahjadpur,Dakkhinpara, Gulshan, Dhaka-1212",1212
h3ec,Pagla Baburchi Iftar Mela Gulshan,Pagla Baburchi - Iftar Mela ,Dhaka,,Bangladeshi|Asian|Fast Food,4.8,19,50.0,68.0,35.0,23.790975,90.4175098,"House #10, Heritage, Road#109, Gulshan-2, Dhaka",1212
snro,Siam Restaurant,,Dhaka,,Bangladeshi|Asian,0.0,0,50.0,68.0,0.0,23.7864142,90.4291541,"Noakhali Doctor Bari, Satarkul Road,Munshibari Lane, In Front Of Mastan House., 1212 বাড্ডা, ঢাকা, Bangladesh",1212
vjt3,Mitsuha's Kitchen,,Dhaka,,Snacks|Rice Dishes|Beverage,0.0,0,50.0,68.0,35.0,23.7898433,90.4253051,"Uttor badda,  suvastu najar vali, Suvastu najar vali, t-6_15C2, 1212 বাড্ডা, ঢাকা, Bangladesh",1212
zjqq,Ruti Ghor,,Dhaka,,Curry|Rice Dishes,0.0,2,50.0,68.0,0.0,23.7715302,90.4260087,"LA 29, Merul Badda, Thana Road, merul badda, 1217",1217
chwo,Love Triangle,Love Triangle,Dhaka,,Snacks,4.8,30,50.0,68.0,35.0,23.7819442,90.4073988,"House, G P Ja 70/3, ( inside car garage) Gognobi road 
behind square centre
Mohakhali",1212
q3jm,Butter - The Bakery (CENTRAL),Butter The Bakery,Dhaka,,Cakes|Dessert,4.8,30,50.0,68.0,35.0,23.78192,90.4073745,"48, Bir Uttam AK Khandakar Road, House, G P Ja 70/3, Gognobi road behind square centre Mohakhali (inside car garage )",1212
e36r,BhojBangla,Bhorta Lover,Dhaka,,Curry|Rice Dishes|Bangladeshi|Asian,4.5,30,50.0,68.0,0.0,23.7820921,90.40730835,"জি,পি জ,৭০/৩, গজনবী রোড পুকুরপাড় গ্যারেজ (স্কায়ার সেন্টারের পিছনে ),মহাখালী ওয়্যারলেস গেট!!",1212
n0zu,Special Bhai Bhai Biriyani House,Special Bhai Bhai Biriyani House,Dhaka,,Rice Dishes|Indian|Biryani|Doi|Asian,4.2,30,50.0,68.0,0.0,23.7905906,90.4248667,"GP Ka - 53, Shahjadpur, Pragati Sharani, Gulshan, Dhaka 1212 (Opposite of Suvastu Shopping Mall - Beside Singer showroom)",1212
hdyj,Furryghor Cafe,,Dhaka,,Snacks|Beverage|Cafe,4.6,3,50.0,68.0,0.0,23.7714177,90.4117208,"205, 1 Bir Uttam Mir Shawkat Sarak, Dhaka 1208",1208
qsqk,Matubber Briyani,,Dhaka,,Rice Dishes|Indian|Biryani|Dessert|Asian,4.3,19,50.0,68.0,35.0,23.791028,90.424693,"গ ১১/২, প্রগিত স্বরিন শাহজাদপুর সুভাস্ত 
নজর ভ্যালী মােকেটর ১০০ গজ উওর পােশ, 
হাজী চাঁনিবিব   রাড",1212
d3fm,Waffle Bro's,,Dhaka,,Beverage|Dessert,4.6,1,50.0,68.0,0.0,23.79183194,90.42243086,"Bayzied Road, Ground Floor, Jhilpar, Shajadpur, Near Popeyes Coffee & Food, Gulshan Lake Drive, Gulshan, Dhaka - 1212",1212
ihl7,Takeout Express,,Dhaka,,Italian|Mediterranean|Soups|Pizza|Burgers|Western,3.8,11,50.0,68.0,0.0,23.77991015,90.40648205,"G.p.cha-81/2,mohakhali,wairless gate,dhaka 1213",1212
qmef,Rannaghor,,Dhaka,,Snacks|Rice Dishes|Soups,4.2,17,50.0,68.0,0.0,23.77993375,90.40647095,"Mohakhali, wireless gate, 1212 Banani, Dhaka, Bangladesh",1212
dh21,The Cook's Corner,,Dhaka,,Snacks|Curry|Rice Dishes|Soups,4.2,10,50.0,68.0,0.0,23.77993375,90.40647095,"Gp ca 81/2 , Mohakhali, wireless gate, 1212 Banani, Dhaka, Bangladesh",1212
jhn6,AM 2 PM,,Dhaka,,Curry|Rice Dishes|Dessert|Fast Food,4.4,30,50.0,68.0,0.0,23.7800171,90.4064156,"Mohakhali, wirelessgate, 1212 Banani, Dhaka, Bangladesh",1212
byia,Foodie Bhai,,Dhaka,,Snacks|Sandwiches|Burgers|Western,3.0,4,50.0,68.0,0.0,23.7921108,90.4162819,"গুলশান পিংক সিটি শপিং কমপ্লেক্স, গুলশান এভিনিউ 15 pink city shopping complex, 1229 গুলশান ২, ঢাকা, Bangladesh",1229
t4qm,Pani Puri - Gulshan 2,,Dhaka,,Beverage|Chotpoti & Fuchka|Bangladeshi|Asian,1.0,0,50.0,68.0,0.0,23.792168,90.416489,Pinkcity shoping moll ahead side/pinkcity road.,1212
o092,Kona Cafe,Kona Cafe,Dhaka,,Beverage|Cafe|Fast Food,4.8,27,50.0,68.0,0.0,23.7906942,90.4125123,"House No 46, Rd No 41, Gulshan 2",1212
f7qi,Food Platter,,Dhaka,,Snacks|Rice Dishes|Burgers|Western,4.6,3,50.0,68.0,0.0,23.79215708,90.42231626,"Kha-1/6, Road- 106, Lake side, Shajadpur, Gulshan, Dhaka",1212
fvc8,Bhorta Bari - Gulshan,Bhorta Bari - Gulshan,Dhaka,,Bangladeshi|Asian,3.8,3,50.0,68.0,0.0,23.7797889,90.4063252,"G.P. Cha-47, Mohakhali Wireless Gate, Banani, Dhaka",1212
m5na,Pizza Lover,Pizza Lover,Dhaka,,Italian|Mediterranean|Pizza|Western|Fast Food,4.1,19,50.0,68.0,0.0,23.7802757,90.4062229,"43/6 Gazi Sikandar Vila, Wireless Gate, Mohakhali, Dhaka 1212",1212
lnad,Yummy Kitchen,,Dhaka,,Curry|Bangladeshi|Asian,0.0,0,50.0,68.0,0.0,23.77777515,90.43209865,"City: Dhaka
Area: Badda
Moddhyo Badda 5 tala
Bazar , Badda , Dhaka.",1212
pxom,Crust & Cheese,,Dhaka,,Italian|Pasta|Mediterranean|Pizza|Western,4.8,29,50.0,68.0,35.0,23.79219954,90.42316678,"Momotaj Villa, Gulshan 2, Road-7 , House- 3, Level-6A We are located at shahjadpur gulshan 2. 5 minutes walking distance from Manarat School., 1212 Gulshan 2, Dhaka, Bangladesh",1212
a6ej,The Cake Service,,Dhaka,,Cakes|Snacks,0.0,1,50.0,68.0,0.0,23.7727987,90.4296602,"House no.66  , Rd.no.12
DIT project merun badda dhaka",1212
xkh3,FryLab,,Dhaka,,Chinese|Asian,0.0,0,50.0,68.0,0.0,23.77914126,90.40587911,"Ruki Bhaban, Mohakhali Wireless Gate Gp cha 27/1, 1212 Gulshan 1, Dhaka, Bangladesh",1212
eqjc,Fuchka Club - Gulshan 2,,Dhaka,,Chotpoti & Fuchka|Bangladeshi|Asian,0.0,1,50.0,68.0,35.0,23.7920497,90.4144368,House-05 Rd 36 Gulshan2 Dhaka-1212,1212
oxgq,Smokie Patty Burger - Gulshan,Smokie Patty - Gulshan,Dhaka,,Chicken|Italian|Mediterranean|Pizza|Meat|Burgers|Western|Fast Food,4.7,30,50.0,68.0,0.0,23.7927147,90.4222002,"Kha 66/8, Lakeside, Shahjadpur, Gulsjhan-2, Dhaka-1212
close to 
Embassy of India",1212
km6c,Turn Tables,,Dhaka,,Rice Dishes|Noodles|Chinese|Asian,1.8,2,50.0,68.0,0.0,23.7927805,90.42219,"8 Marium Road , Shahjadpur ,gulshan 2 , 1212",1212
juo6,Bangali Bhojon,,Dhaka,,Curry|Bangladeshi|Asian,0.0,0,50.0,68.0,25.0,23.78063122,90.43293866,"Kamrul er bari ' hazi billa, Bangladesh, 8531 Badda, Dhaka, Bangladesh",8531
mvmw,DIET - Did I Eat That,,Dhaka,,Snacks|Fast Food,4.8,30,50.0,68.0,0.0,23.79282163,90.42214762,"House - Kha-66/8, Gulshan Lake Drive Road, Shahjadpur, Gulshan 2",1212
tmpf,Frost and Flame,,Dhaka,,Snacks|Italian|Mediterranean|Pizza|Western|Fast Food,4.6,27,50.0,68.0,0.0,23.7816116,90.4055313,JA-141 Wireless Gate Rd,1212
die6,Cheesy Dreams,,Dhaka,,Italian|Mediterranean|Pizza|Western|Fast Food,0.0,3,50.0,68.0,0.0,23.7697075,90.4120245,"Harijheel, 1st Floor, GMG Mor, 5 Bir Uttam Mir Shawkat Sarak, 1208",1208
ni9m,The Tehari Ghor - Mohakhali,The Tehari Ghor,Dhaka,,Rice Dishes|Bangladeshi|Asian,4.8,30,50.0,68.0,0.0,23.78062532,90.40529999,"House - 75/1, Rahman Mansion, Wireless Gate, Mohakhali, Gulshan",1212
nh4g,Bismillah Fuchka,,Dhaka,,Chotpoti & Fuchka|Bangladeshi|Asian|Fast Food,0.0,0,50.0,68.0,0.0,23.7772383,90.4329518,"East badda,  5tala bazar sahabuddin mor er majhamajhi, 1212 Badda, Dhaka, Bangladesh",1212
lhid,Tahmeeds Kitchen,,Dhaka,,Curry|Bangladeshi|Asian,3.6,9,50.0,68.0,35.0,23.780242,90.405003,"Wireless, School Road, 1212 Banani, Dhaka, Bangladesh",1212
bk89,Tawfees  Kitchen,,Dhaka,,Curry|Bangladeshi|Asian,1.8,3,50.0,68.0,35.0,23.7802489,90.404986,"Arif pharmacy , ga, 188/3 miabari, wireless mohakhali Dhaka 1212",1212
qs8v,Deshi Dine Hub,,Dhaka,,Curry|Bangladeshi|Asian,0.0,1,50.0,68.0,0.0,23.7824099,90.4336592,"লবিক টাওয়ার,  429 Happy House, badda, 1212 বাড্ডা, ঢাকা, Bangladesh",1212
gml3,Korean Grill,,Dhaka,,Snacks|Rice Dishes|Soups|Noodles|Korean|Asian,4.0,9,50.0,68.0,35.0,23.7935487,90.4226625,"Kh/68,Santi Society, Shajadpur, Gulshan 2,Dhaka 1212.",1212
s4jh,Thai Express,Food Village,Dhaka,,Rice Dishes|Beverage|Indian|Asian|Fast Food,4.1,13,50.0,68.0,0.0,23.7935487,90.4226625,"KH/67, Shanti Society, bashtola Shahjadpur Gulshan - 2, 1212",1212
od8l,Chinese Delight,,Dhaka,,Rice Dishes|Fast Food,4.2,6,50.0,68.0,35.0,23.7935487,90.4226625,"Kh/68,Santi Society, Shajadpur, Gulshan 2,Dhaka 1212.",1212
q24v,Chattgaiya Cuisine,,Dhaka,,Curry|Rice Dishes,0.0,2,50.0,68.0,0.0,23.79332954,90.42363237,"House - Kha-39, Shahjadpur Jame Masjid Road, Shahjadpur, Gulshan",1212
e45a,Ranna Ghor Express,,Dhaka,,Curry|Rice Dishes|Fish|Seafood|Bangladeshi|Asian,2.7,30,50.0,68.0,35.0,23.77667204,90.40535534,7 tala i p h school road Beside I P H school,1213
s7vk,Cheez - Banani,Cheez,Dhaka,,Italian|Mediterranean|Pizza|Western,4.9,30,50.0,68.0,0.0,23.79012075,90.4090568,"Navana Rowshan Sayed plaza
House -47,
Lift- 2 
Road-11
Block - H 
Banani - 1213",1213
pr6c,King of Korea,King of Korea,Dhaka,,Rice Dishes|Korean|Asian,3.2,13,50.0,68.0,0.0,23.7935947,90.4228098,"Gulshan 2,  House- 67/kha, Shahjadpur (Santi Society), Gulshan-2, Dhaka-1212.",1212
hlup,Seoul Street,Korean Bulgogi Bar,Dhaka,,Korean|Asian,4.1,4,50.0,68.0,0.0,23.7936269,90.4227081,"Kha-66 Shanti Society ( Beside of Indian Embassy & Body Shave Zone Goli, Gulshan-2 Dhaka-1212",1212
awgw,Azuki,,Dhaka,,Sushi|Rice Dishes|Japanese|Asian,3.0,1,50.0,68.0,0.0,23.7901025,90.4089721,"1st Floor, House 47, Road 11, Banani 1213 Dhaka",1213
t7sq,Cilantro Pizzeria,,Dhaka,,Italian|Beverage|Mediterranean|Pizza|Western,4.0,0,50.0,68.0,0.0,23.7893696,90.4082087,"House - 52, Road - 12/A, Block - H, Banani",1213
a50n,La Pino'S,,Dhaka,,Healthy,0.0,0,50.0,68.0,0.0,23.78652612,90.43246105,"House#11, Lane#7, 1212 Badda, Dhaka, Bangladesh",1212
idsk,Sushi Season,Sushi Season,Dhaka,,Snacks|Rice Dishes,4.2,10,50.0,68.0,0.0,23.7936705,90.42268345,"House: Kha/67, Santi Society, Gulshan- 2, Dhaka- 1212.",1212
bgat,New Cafe Bismillah Biryani House,New Cafe Bismillah Biryani House,Dhaka,,Rice Dishes|Indian|Biryani|Asian,2.4,30,50.0,68.0,0.0,23.7765824,90.4052932,"IPH School Road, Mohakhali , Dhaka",1212
dt7j,Thai Times,Thai Times,Dhaka,,Rice Dishes|Noodles|Asian|Thai,4.0,30,50.0,68.0,0.0,23.79367895,90.42270495,"House no# 69 (Opposite of Mobarak Telecom), Body Shape Zone Gali, Gulshan 2",1212
ijdn,Kimchi Season,ijdn	Kimchi Season,Dhaka,,Korean|Asian,4.4,11,50.0,68.0,0.0,23.7936852,90.4226947,"House: Kha/67, Santi Society, Gulshan- 2, Dhaka- 1212.",1212
nz09,Bowls Spot,,Dhaka,,Rice Dishes,3.8,16,50.0,68.0,0.0,23.7936866,90.42272535,"kh14,Shajadpur, Santi Society Near Moabak Telecom,Gulshan 2
1212",1212
ffx6,Al Nur Biryani House,Al Nur Biryani House,Dhaka,,Rice Dishes|Indian|Biryani|Bangladeshi|Asian,3.3,30,50.0,68.0,0.0,23.77661,90.405251,"mohakhali 7tola iph schoole road, banani , dhaka
beaside of bmrc",1213
h69y,Chinese Foodie,Chinese Foodie,Dhaka,,Curry|Rice Dishes|Noodles|Chinese|Asian|Fast Food,3.6,12,50.0,68.0,0.0,23.7937167,90.42268615,"67/Kha, Santi Society (Beside Indian Embassy), bady shape zone er goli, Gulshan-2, Dhaka 1212",1212
pb2x,Thai Town,,Dhaka,,Curry|Rice Dishes|Chinese|Asian,3.8,26,50.0,68.0,0.0,23.7936967,90.4227778,"kh/67,shanti society,bustola gulashan-2",1212
d12c,Korean B.B.Q House,,Dhaka,,Rice Dishes|Korean|Asian,3.9,18,50.0,68.0,0.0,23.7937315,90.42273305,"kha,67 Shanti society(beside Indian high commission),Bashtala ,Gulshan2",1212
s0wg,Tastebud Banani,Tastebud,Dhaka,,Cakes|Dessert|Doi|Fast Food,4.9,30,50.0,68.0,45.0,23.7895055,90.4081581,"House No # 52,Road No # 12/a , Block -H",1213
vjj5,Roosters Peri Peri-Banani,Roosters Peri Peri,Dhaka,,Snacks,4.9,30,50.0,78.0,0.0,23.7903093,90.40864975,"house 39, road 11,  block H, Subastu Jahanara Square 2nd Floor",1213
wjxg,Biriyanir Boithok,,Dhaka,,Rice Dishes|Indian|Biryani|Asian,3.8,9,50.0,78.0,0.0,23.7934049,90.42547811,"Shahjadpur, G P Ga 27/1 baitun nur jame mosjid 30 akor mosjid er pashe, 1212 Vatara, Dhaka, Bangladesh",1212
crwf,Momo Mela,,Dhaka,,Snacks|Chinese|Bangladeshi|Asian|Dumpling,0.0,2,50.0,78.0,35.0,23.7942909,90.4231781,bashtola road,1212
sntl,Maa Er Hath Er Ranna,,Dhaka,,Curry|Rice Dishes,0.0,0,50.0,78.0,35.0,23.79369836,90.42521801,"বায়তুল নূর স্বামী মসজিদ এর পাশের গেট, শাহজাদপুর, বাড্ডা, 2nd Floor. Baitoonnur jame Moshjid er pasher Gate, 1212 গুলশান ২, ঢাকা, Bangladesh",1212
dxml,Momo Wala,,Dhaka,,Snacks|Chinese|Bangladeshi|Asian|Dumpling,0.0,1,50.0,78.0,35.0,23.7942317,90.423549,"Sahazadpur Bashtola, Beside of Indian High Commission Emmabsy, Gulshan-2",1212
sn0w,Imran Food Valley,,Dhaka,,Snacks|Curry|Rice Dishes,0.0,0,50.0,78.0,0.0,23.777765,90.434547,"Bakul Nessa (B.N.) High School opposite side, Hazi Jawab Ali Nawab Ali Road, Purba Badda, Dhaka 1212",1212
jkk8,Naval Point - Gulshan,Naval Point,Dhaka,,Seafood,4.8,30,50.0,78.0,0.0,23.79412324,90.41431336,"Plot - 33, Road - 46, (Opposite of American Burger), Gulshan-2, Dhaka - 1212",1212
oewu,Thai Momo,,Dhaka,,Asian|Fast Food|Thai,4.9,22,50.0,78.0,35.0,23.7944609,90.4231517,"Sahazadpur Bashtola, Beside of Indian High Commission Embassy, Gulshan-2",1212
ylmb,My Home kitchen,,Dhaka,,Snacks|Curry|Rice Dishes|Dessert|Bangladeshi|Asian,4.3,5,50.0,78.0,35.0,23.7793639,90.4036859,"মহাখালী হাজারি বাড়ি পশু হসপিটালের ছোট মসজিদ, জি. পি.গ ১২১ নং বাসা Mohakhali hajari bari choto mosjid er samne জি.পি.গ ১২১নং বাসা, 1213 Banani, Dhaka, Bangladesh",1213
fe5s,Momo House,,Dhaka,,Snacks|Chinese|Asian|Dumpling,3.0,3,50.0,78.0,35.0,23.79448,90.4232564,"Shahzadpur, Bashtola 
High Commission of Indian Embassy beside",1212
k6tx,Mother's bhorta kitchen,,Dhaka,,Bangladeshi|Asian,0.0,0,50.0,78.0,0.0,23.77673322,90.40417751,"7 IPH Mosque Rd, IPH Mosque Rd 7, 1212 Gulshan 1, Dhaka, Bangladesh",1212
os2g,Karaachi Dastarkhwan,,Dhaka,,Turkish|Kebab|Middle Eastern,4.4,15,50.0,78.0,35.0,23.7905967,90.4078082,"Plot #67/D (6th Floor, Green Deluxe, Road No. 11, Dhaka 1213",1213
qr7f,New King Kitchen,,Dhaka,,Snacks|Burgers|Western,3.8,10,50.0,78.0,0.0,23.7947172,90.4153636,"shop no-101, shop -101 dncc gulshan 2 kacha bazar",1212
rw6v,Cp Five Star - Happy Food Corner - Shahjadpur,CP Five Star,Dhaka,,Chicken|Meat|Fast Food|Fried Chicken,4.7,22,50.0,78.0,0.0,23.7941073,90.4254946,"Kabarsthan, 963, Khilbarirtek, Shahjadpur, Rd - 8/C, Dhaka 1212",1212
r8jh,Hungry Rooster,Hungry Rooster,Dhaka,,Chicken|Snacks|Meat|Fried Chicken,4.7,30,50.0,78.0,0.0,23.79201204,90.40922884,"House #90, Road # 17A, Block E, Banani, Dhaka -1213,",1213
fylf,Clean Cravings - Banani,Clean Cravings,Dhaka,,Chicken|Rice Dishes|Meat,4.8,30,50.0,78.0,0.0,23.7920464,90.4092342,"House-90 Road No. 17A,  Banani ,Dhaka 1213",1211
ohts,Ghorer Khabar,,Dhaka,,Curry|Bangladeshi|Asian,4.2,2,50.0,78.0,0.0,23.7794161,90.4032805,mohakhali wireless gate 120 number House,1212
v624,Suruchi Khabar Ghor - Gulshan 2,,Dhaka,,Curry|Rice Dishes|Bangladeshi|Asian,4.7,30,50.0,78.0,0.0,23.79454235,90.41370035,House-15 Borun Bhaban Market Gulshan-2 Circle Dhaka-1212,1212
oniu,Aroth Kitchen,,Dhaka,,Curry|Rice Dishes,0.0,0,50.0,78.0,0.0,23.7947536,90.4143085,Gulshan 2,1212
cbka,Healthy And Tasty Food,,Dhaka,,Snacks|Rice Dishes|Bangladeshi|Asian,0.0,0,50.0,78.0,0.0,23.7947536,90.4143085,"53/ 1 gha dinnath sen road gendaria, near sahdona oushodaloy.",1212
fa88,Doner's,,Dhaka,,Wraps|Middle Eastern,4.7,30,50.0,78.0,0.0,23.79137579,90.40789633,"House - 134, Road - 13E, Block - E, Same Building of Shawarma N Kathiroll, Near Waffle Up - Banani, Banani, Dhaka - 1213",1213
krv8,Shawarma N Katiroll,,Dhaka,,Middle Eastern|Shawarma|Fast Food,4.8,30,50.0,78.0,0.0,23.7913392,90.4077514,"House:134, Road-12, Block-E Banani Model town",1211
nb6o,Premium Bakers,,Dhaka,,Bakery,0.0,0,50.0,78.0,0.0,23.7905055,90.4318578,"28/5, Road-3, Beside of Jann Garments-2, Abdullah bag, Uttar Badda, Dhaka-1212",1212
kqpz,Tiffin Time,,Dhaka,,Bangladeshi|Asian,0.0,0,50.0,78.0,0.0,23.7771031,90.4031632,"আইপিএইচ মসজিদ রোড, আইপিএইচ মসজীদ রোড, আইপিএইচ মন্দিরের ঠিক অপজিটে, বাসা নংঃ ৪৩/২ QCG3+V6P, IPH Mosque Rd, Dhaka 1212, 1212 বনানী, ঢাকা, Bangladesh",1212
duf4,Fruitsicles - Banani,Fruitsicles - Banani,Dhaka,,Dessert,4.9,25,50.0,78.0,0.0,23.79286714,90.40931117,"Jatra Bangladesh Ltd. Ground Floor, Road - 19/A Ground Floor, Back Side of Prime Bank Ltd. Banani, Dhaka - 1213",1213
u81j,Doner Lounge,,Dhaka,,Wraps|Chicken|Meat|Fast Food,4.8,11,50.0,78.0,35.0,23.79492095,90.4133941,"Rangpur goli, Elegant tower, Gulshan 2.",1212
sled,Jatra Biroti,,Dhaka,,Juice Corner|Snacks|Rice Dishes|Beverage|Dessert|Bangladeshi|Asian,4.9,9,50.0,78.0,0.0,23.7929628,90.4093668,"Jatra Biroti, Road No. 17/A 63 House No. 63, Road No. 17/A, Block E, Banani, Dhaka, Bangladesh., 1212 Banani, Dhaka, Bangladesh",1212
qrac,Sizzlin' Steak,,Dhaka,,Snacks|Rice Dishes|Western,4.0,6,50.0,78.0,35.0,23.7912192,90.4071818,"House No-57, Road-13, Block-E, Banani, Dhaka-1213",1212
lpyg,Happy Potato Bangladesh - Gulshan 2,,Dhaka,,Chicken|Snacks|Meat,4.5,30,50.0,78.0,35.0,23.7949338,90.4132265,"Ground Floor, Elegant Tower,53 Gulshan Ave, Dhaka 1212",1212
fo8z,Chino Bakery & Pastry,,Dhaka,,Cakes|Snacks|Sandwiches|Dessert|Western,3.7,2,50.0,78.0,0.0,23.7920848,90.4080467,"Rd 12 House 42 1st Floor,  House-42, Road-12, Block-E, Banani, Dhaka 1213, 1213 Banani, Dhaka, Bangladesh",1213
j4w2,Coffee And,,Dhaka,,Snacks|Beverage,4.6,30,50.0,78.0,0.0,23.79208221,90.40804174,"House - 42, Road - 12, Block - E, Banani",1213
cmw0,GreenBean - Tejgaon,,Dhaka,,Snacks,0.0,2,50.0,78.0,0.0,23.7710902,90.4059871,"The Garage Food Court, 222, Bir Uttam Mir Shawkat Sarak, Gulshan - Tejagon Link Road, Tejgaon",1208
c376,Pizzolo Caffe,,Dhaka,,Italian|Mediterranean|Pizza|Western,4.5,30,50.0,78.0,35.0,23.7949395,90.4129205,"Block–NW, Road–52 & 46, Circle, Elegant Tower, Plot No, 42 Gulshan North Ave, Dhaka 1212",1212
n5sf,Teriyaki Boy,,Dhaka,,Japanese|Asian,4.8,30,50.0,78.0,35.0,23.7913235,90.4070209,"House No-57, Road-13, Block-E, Banani, Dhaka-1213",1213
oo3u,BACHELOR'S EXPRESS,,Dhaka,,Snacks|Italian|Mediterranean|Pizza|Western,4.8,22,50.0,78.0,0.0,23.79501665,90.4129736,"Road-52, Gulshan-2,(ADJACENT TO DIPLOMATIC POLICE ZONE OFFICE), Dhaka 1212",1212
xrw0,Sadeeq Agro,,Dhaka,,Snacks|Rice Dishes|Middle Eastern|Shawarma|Dessert,1.4,13,50.0,78.0,35.0,23.7950453,90.4129723,"Sadeeq Agro Gulshan - 2,  Sadeeq Agro, R#52, H#48, Opposite building of Lavender,  Gulshan 2, Dhaka - 1212, Bangladesh",1212
jzmv,Fuchka Mama,,Dhaka,,Chotpoti & Fuchka|Bangladeshi|Asian,4.6,20,50.0,78.0,0.0,23.79528775,90.4135305,"Gulshan Tower, Rd 53 Gulshan 2 Gulshan tower, 1212 Gulshan 2, Dhaka, Bangladesh",1212
qovf,Almajlis Arabian Restaurant,,Dhaka,,Rice Dishes|Middle Eastern|Meat,4.9,30,50.0,78.0,0.0,23.79521092,90.41307597,"House - 27, Faisal Tower, 2nd floor, North C/A, Road - 52, Gulshan - 2",1212
astx,Indulge - Unimart Gulshan 2,Indulge,Dhaka,,Beverage|Cafe,4.9,11,50.0,78.0,0.0,23.7958802,90.4151423,"Gulshan Central Point, House#23-26, Road#90-91, Gulshan 2, Dhaka 1212",1212
o2js,Pizza Town Gulshan,,Dhaka,,Snacks|Italian|Mediterranean|Pizza|Western,0.0,0,50.0,78.0,0.0,23.79545747,90.41350908,"In Front of Gulshan Centre Point, Plot 31 Gulshan North Ave, Dhaka 1212",1212
zmik,Greens & Seeds -  Chef's Table Gulshan 2,Greens & Seeds,Dhaka,,Healthy,4.7,30,50.0,78.0,35.0,23.79592185,90.41497645,"Gulshan Central Point, House#23-26, Road#90-91, Gulshan 2, Dhaka 1212",1212
olau,Alfredough - Chef's Table Gulshan 2,Alfredough ,Dhaka,,Italian|Mediterranean|Pizza|Western,4.9,7,50.0,78.0,0.0,23.79593365,90.4150077,"Gulshan Centre Point, House - 23-26, Road - 90-91, Gulshan 2",1212
ged9,H&N Juice Shack,,Dhaka,,Juice Corner|Beverage,0.0,1,50.0,78.0,0.0,23.7962431,90.4157266,"Rd 90 2 House 2 Road 90 Gulshan 2 Dhaka-1212, Dhaka-1212 Gulshan 2, Dhaka, Bangladesh",Dhaka-1212
s2yv,Istanbul Restaurant Dhaka,,Dhaka,,Turkish|Kebab|Rice Dishes|Italian|Middle Eastern|Mediterranean|Pizza|Western,4.9,18,50.0,78.0,0.0,23.79581158,90.41355565,"House - 10, Road - 53, Gulshan 2",1212
vyi8,Burger Xpress - Banani,Burger xpress,Dhaka,,Burgers|Western|Fast Food,4.8,30,50.0,78.0,0.0,23.79286059,90.40787773,"House-33, Road-17, Block-E, Abdul Alim Nakib Road, Banani kacha bazar er pichone.",1213
s8tz,Indian Kitchen - Gulshan 2,,Dhaka,,Indian|Asian,4.4,2,50.0,78.0,0.0,23.79198519,90.40681954,"House 22, road 13/c, Block E, Banani",1212
hpuz,Hungry Pizza Lovers - Banani,,Dhaka,,Snacks|Italian|Mediterranean|Pizza|Western|Fast Food,3.5,1,50.0,78.0,0.0,23.7922664,90.4070687,"house 22, read 13c , block e, Banani, near by Turkish bazaar restaurant and pinewood café.",1205
s6vq,Hungry Pizza Lovers,,Dhaka,,Snacks|Italian|Mediterranean|Pizza|Western|Fast Food,3.5,5,50.0,78.0,0.0,23.7922933,90.4070817,"house 22, read 13c , block E, Banani, near by Turkish bazaar restaurant and pinewood Café.",1212
s9nr,Cafe Mario's,Cafe Mario's,Dhaka,,Mexican|Western|Fast Food,4.2,9,50.0,78.0,0.0,23.7922731,90.40704955,"House- 22, Road 13/c, Block-E, Turkish bazaar restaurant, Banani.",1213
q8jt,Indian Kitchen -Banani,Indian Kitchen -Banani,Dhaka,,Curry|Indian|Asian,4.6,30,50.0,78.0,0.0,23.79226165,90.4070363,"Banani Model Town, House#22, Road#13-c, Block E, Beside Tea Garage",1205
rfaa,Thai Bistro - Banani,Thai Bistro - Banani,Dhaka,,Rice Dishes|Asian|Thai,4.7,11,50.0,78.0,0.0,23.79224995,90.4070224,"Banani Model Town, House#22, Road#13-c , Block E, Beside Turkish Restaurant",1205
s3lj,Thai Bistro - Gulshan 2,Thai Bistro - Gulshan 2,Dhaka,,Chicken|Snacks|Meat|Chinese|Asian|Fast Food,4.5,30,50.0,78.0,0.0,23.7922728,90.4070419,"house 22, road 13/c , block E, near by Turkish bazaar restaurant, Banani",1212
tqou,Cafe Mario's - Banani,Cafe Mario's - Banani,Dhaka,,Mexican|Western|Fast Food,4.6,6,50.0,78.0,0.0,23.7922877,90.407033,"House- 22, Road 13/c,  Block-E, Near Prescription Point and Turkish Bazaar, Banani.",1205
bneh,Japanese Sushi House,,Dhaka,,Snacks|Japanese|Asian,4.3,1,50.0,78.0,0.0,23.7922747,90.40701295,"House 22, Road13/c, Block E, Banani",1213
s4vo,Holey Bakery,Holey Bakery,Dhaka,,Dessert|Fast Food|Bakery,5.0,30,50.0,78.0,0.0,23.79600005,90.4135142,"153/a rangs arcade,Gulshan North Avenue,Gulshan 2",1212
ovjz,Rice & Salad Bowls,,Dhaka,,Snacks,3.7,10,50.0,78.0,0.0,23.79226845,90.40687795,"House -22, Road-13/C, Block -E, BANANI",1213
xq4t,Couch Potato,,Dhaka,,Snacks|Burgers|Western|Fast Food,4.6,30,50.0,78.0,0.0,23.78572511,90.40236208,"House - 68, Road - 1, Block - I, Opposite Road of Banani Club, Same Building of BUET Graduates Club Ltd. Banani, Dhaka - 1213",1213
yyac,Nastaai,,Dhaka,,Snacks,0.0,0,50.0,78.0,0.0,23.7842274,90.40188079,"Casa De Sabina, Road 1/C, House 5,  Flat A7, 1213 Banani, Dhaka, Bangladesh",1213
vwn5,Chawkbazaar,,Dhaka,,Rice Dishes,0.0,0,50.0,78.0,0.0,23.79265236,90.40687403,"House -22, Road-13/C, Block -E, BANANI",1213
hyku,Blink,,Dhaka,,Dessert,4.9,30,50.0,78.0,35.0,23.79229,90.4064567,"House -23, Road-10, Block -E, BANANI",1213
su0r,Pakka Radhuni,,Dhaka,,Curry|Rice Dishes|Bangladeshi|Asian,1.4,6,50.0,78.0,0.0,23.7960927,90.426104,"“khanika”  28/a house and 1/a road  block j , baridhara 1212 Dhaka",1212
mewc,Uncle Bobo's,Uncle Bobo's,Dhaka,,Fast Food,4.9,30,50.0,78.0,0.0,23.7920074,90.4057971,"House-37, Road No. 15, Dhaka 1212",1213
cd4o,Minis Dutch Pancakes,Minis Dutch Pancakes,Dhaka,,Dessert,4.9,30,50.0,78.0,0.0,23.7920248,90.4057907,"House 37, Rd 15, Blk - D, Banani.",1213
h99m,Macher Jhol,,Dhaka,,Curry|Fish|Seafood|Bangladeshi|Asian,4.0,0,50.0,78.0,0.0,23.78454944,90.40126581,"Banani road 2, at taqwa mosque  quarter, gandharaj building, 3rd floor",1213
ficv,Patuk Catering,,Dhaka,,Bangladeshi|Asian,0.0,0,50.0,78.0,25.0,23.7941993,90.430805,"Mamun Villa, Akota Sorok একতা সড়ক,মারিয়া ডিপার্টমেন্ট এর ৪ তলা, নুরেরচালা মেইন রোড ,, 1212 ভাটারা, ঢাকা, Bangladesh",1212
eexu,Impetus Lounge,,Dhaka,,Fish|Seafood|Burgers|Western|Fast Food,4.1,5,50.0,78.0,35.0,23.77057195,90.40384015,"Impetus Center, 242/B, Tejgaon - Gulshan Link Road, Tejgaon I/A",1212
hcbr,Super Kitchen,,Dhaka,,Bangladeshi|Asian,0.0,1,50.0,78.0,25.0,23.7942398,90.4312362,"Boat Ghat, Gerej Guli",1212
l478,MP Cafe,,Dhaka,,Beverage|Cafe,0.0,0,50.0,78.0,0.0,23.782775,90.4003057,"Rd Number 2 14D House 14D. 2nd Floor. Block L. Road 2. Banani Dhaka, 1213 Banani, Dhaka, Bangladesh",1213
ei7o,Dora's Kitchen,,Dhaka,,Turkish|Kebab|Snacks|Middle Eastern,0.0,3,50.0,78.0,0.0,23.7883302,90.4020631,"The Precious, Road No. 3 111/A, 1213 Banani, Dhaka, Bangladesh",1213
zspx,Jusshh!,,Dhaka,,Beverage|Cafe,0.0,0,50.0,78.0,0.0,23.7934011,90.4059966,Banani DNCC market Gate 02,1213
dca0,Cranky’s,,Dhaka,,Chicken|Meat|Burgers|Western|Fried Chicken,4.7,30,50.0,78.0,0.0,23.7870791,90.400927,"House-298, Road no. 2, Banani, Chairman bari, Dhaka-1213",1213
w8ja,Habanero,,Dhaka,,Chicken|Meat|Fast Food,4.4,30,50.0,78.0,0.0,23.7871334,90.4009449,"House-298, Road no. 2, Banani, Chairman bari, Dhaka-1213",1213
nuhb,Trippy - Banani,Trippy,Dhaka,,Burgers|Western|Fast Food,3.5,16,50.0,78.0,0.0,23.7871099,90.4009163,"House-298, Road no. 2, Banani, Chairman bari, Dhaka-1213",1213
vk8f,Rice Lover,,Dhaka,,Snacks|Rice Dishes|Khichuri,4.0,30,50.0,78.0,0.0,23.7843934,90.4000049,"House- 36, Road- 02,  Lilly Valley 3rd Floor,  Amtoli Banani",1212
x1rc,HANDI TEHARI,,Dhaka,,Curry|Rice Dishes|Khichuri,3.0,30,50.0,78.0,0.0,23.7843934,90.4000049,"House- 36, Road- 02, Lilly Valley 3rd Floor, Amtoli Banani, Dhaka, Bangladesh",1213
d4bd,Dumpling Express by 6ix9,,Dhaka,,Chinese|Asian,4.1,20,50.0,78.0,0.0,23.7843934,90.4000049,"House- 36, Road- 02,  Lilly Valley 3rd Floor,  Amtoli Banani",1212
a7e9,Hot n Fast by 6ix9,,Dhaka,,Fast Food,4.6,10,50.0,78.0,0.0,23.7843934,90.4000049,"House- 36, Road- 02,  Lilly Valley 3rd Floor,  Amtoli Banani",1212
hmki,Juice and More,,Dhaka,,Juice Corner|Snacks|Beverage,3.5,20,50.0,78.0,0.0,23.7843934,90.4000049,"House- 36, Road- 02,  Lilly Valley 3rd Floor,  Amtoli Banani",1212
at2g,Sassy Slice by 6ix9,,Dhaka,,Italian|Mediterranean|Pizza|Western,4.2,30,50.0,78.0,0.0,23.7843934,90.4000049,"House- 36, Road- 02,  Lilly Valley 3rd Floor,  Amtoli Banani",1212
sgj1,Toasties,Toasties,Dhaka,,Snacks|Sandwiches|Western,4.8,12,50.0,78.0,0.0,23.784408,90.4000018,"House# 36, Road# 2, Ground Floor, Amtoli, Banani,Dhaka-1213",1213
d39q,Brownie Hut - Banani,,Dhaka,,Cakes|Dessert,4.2,4,50.0,78.0,35.0,23.7870965,90.4008733,"House 298 Road 2, Banani, Chairman Bari, Banani",1213
bmlt,Pizza & Dumpling,,Dhaka,,Snacks|Italian|Mediterranean|Pizza|Western,3.9,29,50.0,78.0,0.0,23.78445125,90.39999718,"House- 36, Road- 02,  Lilly Valley 3rd Floor,  Amtoli Banani",1212
i4pg,WRAP HOBE?,,Dhaka,,Snacks|Fast Food,4.7,15,50.0,78.0,0.0,23.78438,90.3999709,"House-36, Road-2, Amtoli, Banani-1213",1213
av23,The Dumpling Hut- Banani,The Dumpling Hut - Baily Road,Dhaka,,Snacks|Chinese|Asian|Dumpling,4.5,30,50.0,78.0,0.0,23.787051,90.4007805,"House 298 Road 2, Banani, Chairman Bari,
Banani",1213
jrbf,Seyam Biryani House - Mohakhali,,Dhaka,,Bangladeshi|Asian,3.0,9,50.0,78.0,0.0,23.7805974,90.3994525,"Bir Uttam A K Khandakar Road, Back Side of Jol Khabar Restaurant, Aaamtoli, Mohakhali, Dhaka - 1212",1212
cgzk,The Crustfather,,Dhaka,,Italian|Mediterranean|Pizza|Western,4.8,20,50.0,78.0,0.0,23.7843849,90.3998372,"Lily Vabon, Road no-2, Banani, Dhaka-1213.",1213
ki33,GreenBean - Banani,,Dhaka,,Snacks,2.7,8,50.0,78.0,0.0,23.7934729,90.4051384,"House - 31, Road - 17, Bir Uttam Aminul Haque Sarak, Banani",1213
mgt1,Donerci - Flaming Doner,Donerci - Flaming Doner,Dhaka,,Wraps,4.5,30,50.0,78.0,0.0,23.7958413,90.4080213,"Block-k, House-8, road-27, banani, Dhaka-1213",1213
tc8d,ParkView,,Dhaka,,Snacks|Curry|Rice Dishes|Italian|Pasta|Mediterranean|Soups|Western,4.2,2,50.0,78.0,0.0,23.7918117,90.4033329,"West Park Inn, Rd No 13A Block C Building 90, West Park Inn hotel, 1213 Banani, Dhaka, Bangladesh",1213
slbo,Wrap & Roll,Wrap & Roll,Dhaka,,Wraps|Snacks,4.6,30,50.0,78.0,0.0,23.79321625,90.40460375,"Plot 27, Road 17, Banani C/A, Hotel Sarina",1213
z2ix,Sara's Kitchen,,Dhaka,,Snacks|Chotpoti & Fuchka|Bangladeshi|Asian,0.0,0,50.0,78.0,0.0,23.77719891,90.39945,"Khonika loy, Rode.2/floor 5.B/home F28, 1216 Mirpur, Dhaka, Bangladesh",1216
nhwq,Baked by Sadiah,,Dhaka,,Dessert,0.0,0,50.0,78.0,35.0,23.777176,90.39945,"Zeal view, Dhanmondi 14 house no6/a, 1209 Dhanmondi, Dhaka, Bangladesh",1209
yj29,Lucky Kitchen,,Chittagong,,Rice Dishes|Bangladeshi|Asian,0.0,0,50.0,78.0,35.0,23.777176,90.39945,"Mukut Building, Barrister College Road Jhimi Bhat Ghor, 4223 EPZ, Chittagong, Bangladesh",4223
pzds,The Chocolate Room- Gulshan 2,The Chocolate Room,Dhaka,,Beverage|Dessert|Fast Food,3.9,10,50.0,78.0,0.0,23.7981095,90.4125738,"1st Floor, Plot-2A, Block NW (H), Nasrin Casabella, Gulshan North Avenue, Gulshan-2",1212
aiup,Nissin Ramen Bar,,Dhaka,,Noodles|Japanese|Asian,3.0,7,50.0,78.0,0.0,23.7945926,90.405842,"Rd No # 21 58/B 58/B Road No # 21, Dhaka, 1213 Banani, Dhaka, Bangladesh",1213
i0m6,Ice Cream Lab - Gulshan 2,Ice Cream Lab,Dhaka,,Ice Cream|Snacks|Beverage|Dessert,4.6,6,50.0,78.0,0.0,23.7982319,90.4125961,"Nasrin Casabella, Plot -2A, Block - NW(H), 1st Floor, Gulshan North Avenue, Gulshan-2, Dhaka-1212",1212
eka1,Oven,,Dhaka,,Italian|Mediterranean|Pizza|Western|Fast Food,4.6,1,50.0,78.0,0.0,23.7915655,90.4027523,"House No-93, Road No-6, Block C, Banani., Dhaka",1213
hj5c,Chokka,,Dhaka,,Beverage|Cafe,0.0,1,50.0,78.0,0.0,23.7915655,90.4027523,"House No-93, Road No-6, Block C, Banani., Dhaka",1213
idn7,Savoury,,Dhaka,,Snacks|Curry|Rice Dishes|Soups,5.0,1,50.0,78.0,0.0,23.7898477,90.4014502,"House - 19, Road - 07, Block - F, Same Building of CLUB 9294, Near Banani Police Station, Banani, Dhaka - 1213",1213
lrmc,Hot & Fresh Khichuri,,Dhaka,,Bangladeshi|Asian,0.0,0,50.0,78.0,0.0,23.78944034,90.43762427,"Monpura School and College , Satarkul Road , Uttar Badda, Dhaka-1212",1212
rar1,Welkin Pastry,,Dhaka,,Cakes|Beverage,3.2,4,50.0,78.0,0.0,23.7912529,90.4020376,Banani 11 beside of herfy,1213
lfxp,Turkey Bliss,,Dhaka,,Turkish|Kebab|Rice Dishes|Middle Eastern|Beverage,4.7,12,50.0,78.0,0.0,23.7910583,90.4016566,"Lift -2, H1, R11, Block-F, Banani",1211
jnle,Cocojoy,,Dhaka,,Beverage,4.9,30,50.0,78.0,0.0,23.79363735,90.40377735,"House - 13, Tower A, Road - 17/C, Banani",1213
a3w2,Cake Storys - Banani,Cake Story's,Dhaka,,Cakes|Snacks|Dessert,4.8,30,50.0,78.0,0.0,23.79128888,90.4016333,"Plot-48, Block-C, Road-11, Banani",1340
ppt9,Hazi Kacchi Dine Madani Avenue 100 feet,Hazi Kacchi Dine,Dhaka,,Rice Dishes|Indian|Biryani|Asian,4.6,4,50.0,78.0,0.0,23.7980647,90.42852035,"Madani Avenue, 100 Feet Road, Notunbazar, Dhaka-1212",1212
ivil,Magix Bear,,Dhaka,,Beverage|Cafe,4.6,14,50.0,78.0,0.0,23.79324485,90.40302568,"House - 72, Road - 6, Block - C, Banani",1213
s2ei,Rosemary Restaurant,,Dhaka,,Curry|Rice Dishes|Beverage,4.3,1,50.0,78.0,25.0,23.79845725,90.4280288,"Amin Uddin Khandoker Super Market, Madani Avenue, 100 Feet Road, Natun Bazar, Vatara, Dhaka 1212",1212
ysnv,Fuchkawala,,Chittagong,,Chotpoti & Fuchka|Bangladeshi|Asian,0.0,0,50.0,78.0,0.0,23.7754003,90.39850754,"Ibrahim mention, Grand floor, 4203 Chawkbazar, Chittagong, Bangladesh",4203
qnqp,The Bakehouse - Cake & Pastry,,Dhaka,,Snacks|Dessert,0.0,1,50.0,78.0,0.0,23.79332921,90.40201056,"House - 05, Lift - 02, Road - 17, Block - C, Near Prava Health, Banani, Dhaka - 1213",1213
dedh,The Bakehouse,,Dhaka,,Beverage|Cafe|Bakery,4.3,1,50.0,78.0,0.0,23.7934789,90.40207965,"House - 05, Lift - 02, Road - 17, Block - C, Near Prava Health, Banani, Dhaka - 1213",1213
n55o,Bangkok Bites,,Dhaka,,Chinese|Asian|Thai,4.9,5,50.0,78.0,35.0,23.79350985,90.4020888,"House - 05, Lift - 02, Road - 17, Block - C, Same Building of The Bakehouse, Banani, Dhaka - 1213",1213
jgl7,Fish N Grill,,Dhaka,,Turkish|Kebab|Curry|Middle Eastern|Beverage|Soups|Seafood,4.0,1,50.0,103.0,0.0,23.8001977,90.4118299,"Floor-2nd, House-175A, Road-61, Gulshan Avenue, Gulshan-2, Dhaka, Bangladesh",1212
jsb6,SammBakes,,Dhaka,,Cakes|Dessert,5.0,1,50.0,103.0,35.0,23.7989364,90.4086047,"Road 58, House 3/A, Apt 5/A, Gulshan 2",1212
xljj,Baby's Kitchen,,Dhaka,,Curry|Rice Dishes|Bangladeshi|Asian,0.0,0,50.0,103.0,0.0,23.8006614,90.4261523,"Notun Bazar,  Notunbazar, Sayednogor mandirgoli",1212
tk8o,Relish and Savour,,Dhaka,,Wraps|Dessert,0.0,2,50.0,103.0,0.0,23.7992791,90.4083609,"Primrose Garden,  House 4 Road 59 Appartment c1, 1212 Gulshan 2, Dhaka, Bangladesh",1212
zgdc,Brew-tea-ful,,Dhaka,,Beverage|Cafe,0.0,0,50.0,103.0,0.0,23.80217745,90.41961396,"baridhara diplomatic zone, Road 4 / house 22/Block K-Baridhara Diplomatic zone, 1212 Gulshan 2, Dhaka, Bangladesh",1212
lq01,BD Five Star (Right Choice Food) Nayanagar,,Dhaka,,Chicken|Snacks|Meat|Fried Chicken,0.0,0,50.0,103.0,0.0,23.80127507,90.42641484,"Opposite Of UITS University, Nayanagar, Baridhara J Block< Dhaka",1212
niz4,Chatni Restaurant,,Dhaka,,Curry|Rice Dishes,1.7,3,50.0,103.0,0.0,23.7941165,90.400674,"102 New Airport Road, New Airport Road 102 West side of foot over bridge in Bananni Kakoli",1213
d3jh,Meetup Cafe and Restaurant,,Dhaka,,Snacks|Rice Dishes,1.9,3,50.0,103.0,0.0,23.797198,90.4363641,"Sayed nagar boro Masjid madrasa road., Sayed nagar, House 52 Sayed nagar society office samna, 1212 Vatara, Dhaka, Bangladesh",1212
s3ap,Royal Treat - By Ascott Palace,,Dhaka,,Chicken|Curry|Rice Dishes|Dessert|Meat|Asian,5.0,10,50.0,103.0,0.0,23.8035889,90.41996055,"Baridhara Diplomatic Zone, Road No. 6, House No. 14, Block K, Dhaka",1212
h2xb,Maa Er Doya Restaurant,,Dhaka,,Snacks|Curry|Bangladeshi|Asian,4.5,16,50.0,103.0,0.0,23.7984375,90.4357817,"House # 87,Road#1, block A,Sayednogor, Vatara Notun Bazar Dhaka 1212",1212
bexx,Thakumar Rannaghor,,Dhaka,,Curry|Bangladeshi|Asian,0.0,0,50.0,103.0,0.0,23.804093,90.4152376,"Kaderabaad Housing , Rd no - 3 , House no- 4",
pecb,Suhaiba's Home Kitchen,,Dhaka,,Curry|Rice Dishes,0.0,0,50.0,103.0,0.0,23.804093,90.4152376,"MUGDA modinabag, Mugda modinaba /58/31/3/B flat 112-w Mugda, 1214 Mugda, Dhaka, Bangladesh",1214
fmfa,Lahab,,Dhaka,,Turkish|Kebab|Curry|Rice Dishes|Italian|Middle Eastern|Mediterranean|Pizza|Western,3.3,5,50.0,103.0,0.0,23.80424,90.415068,"Revive,road 71,house 9/D(Beside United Hospital)gulshan,dhaka",1212
aaii,East Bengal Coffee Roasters - Gulshan 2,East Bengal Coffee Roasters,Dhaka,,Beverage|Cafe,4.6,9,50.0,103.0,0.0,23.80460215,90.4124212,House-4/D Neb Gulshan -2 Road-73 Gulshan - 2 Dhaka-1212,1212
yccn,Prime Patty,,Dhaka,,Burgers|Western|Fast Food,4.9,2,50.0,103.0,0.0,23.8019791,90.4331595,"Taslima rashid villa-2, holding -515, Khondokar barir mor, vatara, notunbazar",1212
zc10,King's Kacchi,,Dhaka,,Bangladeshi|Asian,5.0,5,50.0,133.0,35.0,23.80892467,90.41700878,"Ka 43/3, Kalachandpur School Rd, Gulshan 2, Dhaka, Ka 43/3, Kalachandpur School Rd, 1212 Kalachadpur, Dhaka, Bangladesh",1212
n78u,Taste Of Village,,Dhaka,,Bangladeshi|Asian,0.0,1,50.0,133.0,0.0,23.8090473,90.4149297,"Road 96 1/A , House no 98 ,Kalachadpur, Poshchim para, Gulshan - 2, Dhaka",1212
npox,Salma Bhorta House,,Dhaka,,Curry|Rice Dishes|Vegetarian,0.0,1,50.0,133.0,0.0,23.8094175,90.4207915,"Baridhara General Hospital Ltd,Kalachandpur Main Road, Dhaka 1212",1212
rh7g,Dreamy Creamy,,Dhaka,,Chotpoti & Fuchka|Bangladeshi|Asian,0.0,1,50.0,133.0,0.0,23.8090371,90.4135796,1206 DOHS Bypass,1206
mjes,Bharta Click & More,,Dhaka,,Curry|Bangladeshi|Asian,0.0,2,50.0,133.0,0.0,23.8095352,90.4201678,"Kalachandpur Main Road nodda healthy world building /4th floor /Room 402, 1212 Gulshan 1, Dhaka, Bangladesh",1212
jgiz,Food Express,,Dhaka,,Snacks|Rice Dishes|Beverage|Fast Food,0.0,1,50.0,133.0,0.0,23.7946386,90.4469973,"Dhaka International University, Satarkul Rd Dhaka International university",1212
a9ia,Bhorta class & more,,Dhaka,,Curry|Rice Dishes|Bangladeshi|Asian,4.8,3,50.0,133.0,0.0,23.8096395,90.4201432,"Kalachandpur Main Road Nadda kacha bazar road, 1212 Gulshan 2, Dhaka, Bangladesh",1212
a7m5,Hazrat Shahjalal Chotpoti And Restaurant,,Dhaka,,Beverage|Fast Food|Faluda,0.0,0,50.0,133.0,0.0,23.8098376,90.4202028,"K 7, Shahid Fazlul Haque Road, In front of Nabya Central Jame Mosque",1212
boet,Rumaisa's Kitchen,,Dhaka,,Rice Dishes|Dessert,4.3,10,50.0,133.0,0.0,23.8103826,90.4200735,"Morol Bazar, Nadda, Shahid Fazlul Haq Rd, 1212 Gulshan 2, Dhaka, Bangladesh",1212
nxcv,Healthy & Fresh Kitchen,,Dhaka,,Curry,0.0,0,50.0,133.0,35.0,23.810684,90.4198822,"Nadda, Ka 7/3, 1212 Gulshan 1, Dhaka, Bangladesh",1212
lutm,Fry Up,,Dhaka,,Fast Food,0.0,0,50.0,133.0,0.0,23.8115484,90.4179687,"Mir Abdus Salam Villa, Flat B2 Besides Nadda Sarkarbari Water Pump -1, 1212 Gulshan 2, Dhaka, Bangladesh",1212
ngid,Lahore Express,,Dhaka,,Curry|Rice Dishes|Asian|Fast Food,0.0,1,50.0,133.0,0.0,23.795146,90.4499848,UIU university near,1212
wzdz,TaAnas Culinary,,Dhaka,,Snacks,0.0,1,50.0,133.0,35.0,23.8140318,90.41943917,"বারাকাহ নিবাস, 8th flour বারাকাহ নিবাস, জোয়ার সাহারা, হিমবাড়ি (হিমবাড়ি মসজিদের পর ২য় গলি), 1212 Vatara, Dhaka, Bangladesh",1212
vloi,Tiffin Hall,,Dhaka,,Snacks|Chinese|Burgers|Western|Asian|Fast Food|Dumpling,3.2,11,50.0,133.0,0.0,23.8144214,90.4161363,"Lichu Bagan Rd 4 Ka 58, 4 , Lichu lichu bagan , Gulshan Degree College , Dhaka",1229
vgkh,Rizq Catering,,Dhaka,,Rice Dishes|Bangladeshi|Asian,0.0,0,50.0,138.0,0.0,23.8152807,90.4163525,"জোয়া সাহারা বাজার রোড, মেম্বার বাড়ির গেট, faruk molla কুরিল চৌরাস্তা থেকে জোয়া সাহারা বাজার রোড, 1229 ভাটারা, ঢাকা, Bangladesh",1229
jah4,Wok Way - Chef's Table Courtside,Wok Way,Dhaka,,Snacks|Noodles|Chinese|Asian,4.4,2,50.0,138.0,25.0,23.7998938,90.454855,"Chef's Table Court Side, United City, Madani Avenue, Vatara",1212
b4q9,Al Zaatar Bd,,Dhaka,,Middle Eastern,0.0,2,50.0,138.0,0.0,23.80014764,90.45483964,"Chef's Table Courtside, United City, Madani Avenue, Vatara",1212
rm3z,Zain’s Homecook,,Dhaka,,,0.0,0,50.0,68.0,35.0,23.7782484,90.4065863,Mohakhali wireless gate GP Cha 85/2,1213
nwgx,Zenith Bites,,Dhaka,,,0.0,0,50.0,68.0,35.0,23.79132933,90.42319106,"Bhola Jame Masjid, Gulshan-2, Bayzid Rd",1212
m7m7,HIGH ON CHA,,Dhaka,,,0.0,1,50.0,68.0,35.0,23.7938783,90.42189,Shajadpur Bastola G P kha-79,1212
sg8w,Nazira Bazar Reloaded - Gulshan,Nazira Bazar Reloaded,Dhaka,,,4.7,10,50.0,49.0,0.0,23.7810525,90.4164762,"Lee Tsai Hsiang House, 51, South Gulshan Avenue, Gulshan-1,Dhaka -1212",1212
d7m7,Cafe Sao Paulo - Gulshan,Cafe Sao Paulo - Gulshan,Dhaka,,,4.9,19,50.0,103.0,0.0,23.8004656,90.4118414,Gulshan North Ave 175 175 gulshan2 north Avenue beside gallitos,1206
xb5r,Test litaz Mama,,Dhaka,,Bangladeshi|Asian,0.0,0,50.0,49.0,0.0,23.7820624,90.4160527,"Gulshan 1,  house-12,block-k,gulshan-1,, 1219 Gulshan 1, Dhaka, Bangladesh",1219
q55x,Tehari Nation - Gulshan,,Dhaka,,,1.2,18,50.0,49.0,35.0,23.775442,90.420116,"Syed Villa B-126, Mostafa lake castle er pasher road, Flat no- J2 south Badda 1212 , Gulshan, Dhaka, Bangladesh",1212
ccej,Delifrance - Casablanca,Delifrance Gulshan Avenue,Dhaka,,Cakes|Beverage|Fast Food,4.9,30,50.0,54.0,25.0,23.7892033,90.4165361,"114 Casablanca (1st floor),  Gulshan Ave, Dhaka 1212",1212
vy7z,Arabika Coffee - Gulshan 2,Arabika Coffee,Dhaka,,Snacks|Beverage|Cafe|Dessert,4.7,30,50.0,54.0,15.0,23.79822225,90.4127286,"Navana Nasrin Casabella, North Avenue Road, House 2A, Gulshan 2, Dhaka - 1212",1212
fjsq,Waffle Up,Waffle Up,Dhaka,,Dessert,5.0,30,50.0,49.0,20.0,23.7913101,90.4077672,"house 135 Rd No-13, Dhaka 1213near to Banani Central Jame Mosjid",1213
s9lo,Chatime - Banani,Chatime,Dhaka,,Beverage,4.9,30,50.0,49.0,25.0,23.79365845,90.40554695,"House No. 40, Kamal Ataturk Avenue, Banani, Dhaka",1213
fqbl,Ledor  Banani,Ledor,Dhaka,,Dessert|Fast Food,4.8,30,50.0,49.0,20.0,23.7905374,90.4064558,"plot 2 Rd No. 11, Banani",1213
ne0t,Puro Pastry & Bakery Banani-WBC,Puro Pastry & Bakery - Dhaka,Dhaka,,Cakes|Dessert|Fast Food,4.8,9,50.0,49.0,0.0,23.7902017,90.4102907,"Building Name: World Business Center (WBC),House : 76/A,Road : 11,Block : M,Ground Floor.1st shop of Building  (Right Side)Banani,  Dhaka 1213",1213
v7oh,Mithai- Baridhara,Mithai - Dhaka,Dhaka,,Cakes|Dessert|Doi|Fast Food,4.7,28,50.0,59.0,0.0,23.80177585,90.42282865,"Plot 40,Road-09, Block-J, Pragati Sarani, Baridhara, Dhaka",1212
f13h,Indulge - Banani,Indulge,Dhaka,,Beverage|Dessert|Fast Food,4.8,6,50.0,49.0,0.0,23.79336005,90.40307355,"Road no..17 c/a House no.5.Banani  ,Dhaka 1213",1213
mvlg,Shumi's Hot Cake - Banani,Shumi's Hot Cake,Dhaka,,Cakes|Dessert|Fast Food,4.9,30,50.0,49.0,0.0,23.7909008,90.4036795,"House-50, Rd-11, Block-F, Banani, Dhaka.",1213
oc63,Utshob - Chef's Table Gulshan 2,UTSHOB,Dhaka,,Snacks|Curry|Rice Dishes|Beverage|Dessert|Bangladeshi|Doi|Asian,4.8,22,50.0,54.0,0.0,23.7956002,90.4150828,"Gulshan Central Point, House#23-26, Road#90-91, Gulshan 2, Dhaka 1212",1212
o1cp,Utshob Sweets - Gulshan 2,Utshob Sweets - Centrepoint Airport,Dhaka,,Snacks|Sweets|Dessert|Doi,3.3,4,50.0,54.0,0.0,23.79575473,90.41494676,"Gulshan Centre point 26,R-90,H-23,Dhaka- 1212",1212
vzdv,CP Five Star -Tabassum Food- Kalachadpur,CP Five Star,Dhaka,,Chicken|Snacks|Meat|Fast Food,4.9,13,50.0,59.0,35.0,23.80715415,90.41711865,"k1/2 kalachadpur, Gulsan-2 Dhaka- 1212",1212
np8o,Mithai- Niketon,Mithai - Dhaka,Dhaka,,Cakes|Sweets|Dessert|Doi,4.7,30,50.0,59.0,0.0,23.7728877,90.4068461,"Road N-08,House No12 ,Block-G,Niketon,Dhaka-1212",1212
ckct,Indulge - United Hospital,Indulge,Dhaka,,Fast Food,4.1,5,50.0,49.0,0.0,23.8050506,90.4157726,"United Hospital Limited, Road No. 71, Dhaka-1212",1212
s4dr,Tabaq Coffee DOHS Baridhara,Tabaq,Dhaka,,Beverage|Cafe|Sandwiches|Dessert|Western,4.9,30,50.0,49.0,0.0,23.8089831,90.4134761,"Shop No. 104, Ground Floor, Anannya Shopping Complex, DOHS Baridhara, Dhaka",1212
rgvd,Puro Pastry & Bakery Gulshan-2,Puro Pastry & Bakery - Dhaka,Dhaka,,Cakes|Dessert|Fast Food,4.9,11,50.0,68.0,0.0,23.7951934,90.4138976,"Landmark Tower, Ground Floor,DIT II Cir,Gulshan-2, Dhaka 1212",1212
rk1y,Fruitsicles - Gulshan 2,Fruitsicles - Banani,Dhaka,,Dessert,5.0,2,50.0,68.0,0.0,23.7951947,90.4133597,"Lavender Convenience Store Ltd., 27 North C/A Faisal Tower, Dhaka 1212",1212
r0ci,Shumi's Hot Cake - Gulshan 2,Shumi's Hot Cake,Dhaka,,Cakes|Dessert|Fast Food,4.9,30,50.0,68.0,35.0,23.7938717,90.4132768,"House # 38/A, Road 35, Shumis Hot Cake Ltd, SANMAR TOWER -2, Road 35 House 38/A, Gulshan 2, Dhaka 1212 Bangladesh",1212
s1lv,Tabaq Coffee GP House,Tabaq,Dhaka,,Beverage|Cafe|Sandwiches|Dessert|Western,5.0,30,50.0,49.0,35.0,23.8125995,90.4257713,Grameenphone Head Office,1229
hkg6,CP Five Star (MR Food) 100 Feet,CP Five Star,Dhaka,,Chicken|Snacks|Meat,4.6,9,50.0,68.0,0.0,23.79956678,90.44235185,"Sayed Nagar Super Market, Madani Avenue, 100 Feet, Bashundhara Link Road, Vatara",1212
w76u,So Juicy - Chef's Table Courtside,So Juicy,Dhaka,,Juice Corner|Beverage,0.0,2,50.0,103.0,0.0,23.8004317,90.4547253,"Chef's Table Court Side, United City, Madani Avenue, Vatara",1212
st8b,Route 66 - Chef's Table Courtside,Route 66,Dhaka,,Snacks|Burgers|Western,4.5,2,50.0,103.0,0.0,23.8003593,90.4548242,"Chef's Table Court Side, United City, Madani Avenue, Vatara",1212
c4k6,Kebabs 'n Curries ️- Chef's Table Courtside,Kebabs N Curries,Dhaka,,Turkish|Kebab|Curry|Middle Eastern,0.0,0,50.0,103.0,0.0,23.7999877,90.4547635,"Chef's Table Court Side, United City, Madani Avenue, Vatara",1212
m4p4,Indulge - UIU,Indulge,Dhaka,,Dessert,4.7,2,50.0,68.0,0.0,23.7974602,90.4491253,"Madani Avenue(Beside United International University),Dhaka-1212",1212
fes5,Greens & Seeds - Chef's Table Courtside,Greens & Seeds,Dhaka,,Snacks|Chinese|Asian,2.4,3,50.0,78.0,25.0,23.80033365,90.45472885,"Chef's Table Court Side, United City, Madani Avenue, Vatara",1212
uhzz,Utshob - Chef's Table Courtside,UTSHOB,Dhaka,,Curry|Rice Dishes|Bangladeshi|Asian,3.7,2,50.0,78.0,0.0,23.7999032,90.4548394,"Chef's Table Court Side, United City, Madani Avenue, Vatara",1212
lhnf,Afrin Home Made Food,,Dhaka,,Rice Dishes|Bangladeshi|Asian,3.1,3,50.0,58.0,0.0,23.8153528,90.37753227,"Madhobi Niloy, road -24/5, house -10, Block - C, Modina Nagor ,Mirpur.",1212
ape0,Gallery Mart,,Dhaka,,Snacks|Bangladeshi|Asian,3.0,3,50.0,58.0,0.0,23.808316,90.380132,"Road Number 1, Mirpur 13, Block C, Road 1, House 29 Dhaka",
m1ij,Premium cake - Mirpur 13,Cake Gallery,Dhaka,,Cakes,3.5,30,50.0,85.0,0.0,23.8267389,90.3711613,Block D House 20 road 19 mirpur 12 dhaka1216 (Besides of Angel hot cake),1216
mopo,Sokher Ranna Ghor,,Dhaka,,Dessert|Fast Food,0.0,0,50.0,92.0,0.0,23.78637957,90.36345333,"f#d-4,h#344/ka,b#b, section #1, south Jhilpar er agge",1216
sxyb,Jafa Bites,,Dhaka,,Bangladeshi|Asian,0.0,1,50.0,14.0,35.0,23.81630502,90.39502221,"Assurance City, Bagan Bari",1206
ai3e,Shumi's Hot Cake - ECB Chattar,Shumi's Hot Cake,Dhaka,,Cakes|Dessert|Fast Food,4.9,28,50.0,14.0,0.0,23.8222505,90.3934459,"Shop-101, Kunja-02, 572 Manikdi, Dhaka Cantonment.(ECB Chattar)",1206
vgjy,Shahiban Restaurant,,Dhaka,,Curry|Rice Dishes,4.8,30,50.0,14.0,0.0,23.8233176,90.3939336,House-3 ECB Chattar Army market Dhaka-1206,1206
xpud,Foodbees,,Dhaka,,Chinese|Asian,4.2,0,50.0,14.0,0.0,23.8231382,90.3935381,"Foodbees, ECB Chattar Shop #27, Groud Floor, ASW Mega Food Park, ECB Chattar, 1206 Dhaka Cantonment, Dhaka, Bangladesh",1206
hshe,Cheese Blast,,Dhaka,,Snacks|Beverage|Chinese|Burgers|Western|Asian|Dumpling,3.2,9,50.0,14.0,0.0,23.823693,90.3940589,"Shop no-03, Ecb Chattar, new army markt ,  Manikdi Road, Dhaka Cantonment, dhaka-1206",1206
d8mi,Live Kebab,,Dhaka,,Turkish|Kebab|Snacks|Rice Dishes|Middle Eastern,3.3,7,50.0,14.0,0.0,23.8236437,90.3940043,"ECB Chottor, Manikdhi Road, Cantonment 1206",1216
eyjr,Momo's point,,Dhaka,,Snacks|Chinese|Asian|Dumpling,0.0,0,50.0,14.0,0.0,23.8237417,90.3940814,"598/8, South Manikdi Main Road, ECB Chottor Mor, Dhaka Cantonment, ঢাকা, 1230, ঢাকা, BD",1230
elit,Black Chef,,Dhaka,,Bangladeshi|Asian,0.0,0,50.0,33.0,35.0,23.816646,90.39130701,13,1206
cj9f,Ahmed Kitchen,,Dhaka,,Snacks,4.6,13,50.0,38.0,35.0,23.823752,90.388425,"1, Manikdi - Teen Rastar more, 233/1/A, Poshchim manikdi, Dhaka cantonment., Dhaka, Bangladesh",1216
n3s0,Dastarkhana,,Dhaka,,Snacks|Curry|Rice Dishes|Bangladeshi|Asian,4.0,17,50.0,42.0,0.0,23.8292627,90.39138615,"Balughat Bazar, Balughat Bazar Rd Bangladesh Air force Gate, 1206 Dhaka Cantonment, Dhaka, Bangladesh",1206
nix5,Fuchka Sohor,,Dhaka,,Bangladeshi|Asian,0.0,0,50.0,43.0,0.0,23.8140158,90.3852369,"R97P+J39, Vashantek Rd West, 1206 Dhaka Cantonment, Dhaka, Bangladesh",1206
difz,Bangali Khabar,,Naogaon,,Curry|Rice Dishes|Bangladeshi|Asian,0.0,0,50.0,53.0,0.0,23.8219957,90.38154258,"বাঙালি খাবার, 12",1234
v0h7,Sumee's Kitchen,,Dhaka,,Curry|Rice Dishes|Bangladeshi|Asian,0.0,1,50.0,53.0,0.0,23.8087599,90.3836028,"Mirpur 13, Notun Bazar Joynagar Officers Apartment. Building 2, Lift 2, Flat #2D.",1216
pjhl,Alhamdulillah Kitchen,,Dhaka,,Snacks|Noodles|Chinese|Asian|Dumpling,0.0,0,50.0,53.0,0.0,23.81511939,90.37939499,"House 48, House 48, Polash Nogor Mirpur 11, Dhaka, 1216 Mirpur, Dhaka, Bangladesh",1216
kr6i,The Porota Story,,Dhaka,,Bangladeshi|Asian,0.0,0,50.0,58.0,35.0,23.811435,90.3800401,"mirpur 13,baisteky,ayna bibi mosjid, 33/1 haji ali hossen read, 1216 Mirpur, Dhaka, Bangladesh",1216
hyy7,Chili's Dine,,Dhaka,,Curry|Rice Dishes|Bangladeshi|Asian,0.0,0,50.0,58.0,0.0,23.8055876,90.3846584,"Mirpur Rd 15 Ruposhi
Pro-Active Village, 1216
Mirpur, Dhaka,
Bangladesh",1216
n0gz,Tatka,,Dhaka,,Snacks|Italian|Pasta|Mediterranean|Sandwiches|Burgers|Western,0.0,0,50.0,58.0,0.0,23.81601167,90.37712666,"Madina Nagar, H# 07, R# 24/2, B# C, Avenue# 05, Pallabi, Mirpur-11, 1216 Mirpur, Dhaka, Bangladesh",1216
r1b5,Ghor Kutum,,Dhaka,,Curry|Rice Dishes,2.1,9,50.0,60.0,0.0,23.8202467,90.3760567,"Mirpur 11,  House 52 ,Road 3 Block E Mirpur 11, 1216 Mirpur, Dhaka, Bangladesh",1216
ywrv,Rice & Burger,,Dhaka,,Snacks|Rice Dishes|Burgers|Western|Fast Food,4.7,20,50.0,60.0,35.0,23.808851,90.379744,"House-5, Section-13, Block-c, Road-1, Mirpur-13",1216
nsp1,Foodie Adda,,Dhaka,,Snacks|Rice Dishes|Burgers|Western,0.0,1,50.0,60.0,35.0,23.808854,90.379733,"House - 3 section - 13, Block - C, Road - 1 , Mirpur - 13 Dhaka 1216",1216
jka7,The Food Cabin,,Dhaka,,Snacks|Burgers|Western|Bangladeshi|Asian,3.9,30,50.0,58.0,35.0,23.808824,90.379734,"Section 13, block c, house no , line 1, Mirpur, Dhaka, 1216, Bangladesh",1216
fsak,Burger Buzz,,Dhaka,,Snacks|Rice Dishes|Middle Eastern|Shawarma|Burgers|Western,0.0,2,50.0,60.0,35.0,23.808854,90.379687,"House - 4 section - 13 Block - C Road - 1 , 1216 Mirpur Dhaka",1216
m9gw,BURGER & BOWL,,Dhaka,,Snacks|Rice Dishes|Burgers|Western|Fast Food,4.4,30,50.0,60.0,35.0,23.8089702,90.3795701,"Road: 1, House: 3, Section: 13, Block: C, Mirpur",1216
dhv9,Hungry Hive,,Dhaka,,Snacks|Burgers|Western|Bangladeshi|Asian,4.1,30,50.0,58.0,35.0,23.808782,90.379711,"house 2, 2nd floor, block 3, road 1, mirpur 13,  dhaka 1216,",1216
qqhd,0709 Food Club,,Dhaka,,Snacks|Rice Dishes|Soups,2.7,7,50.0,60.0,0.0,23.82294881,90.3761117,"House - 79, Road - 2, Block - E, Mirpur 12, Pallabi",1216
zjtm,Rijhiq,,Dhaka,,Curry|Rice Dishes|Dessert,0.0,0,50.0,58.0,0.0,23.8146126,90.3766432,"H-310, Haque villa (হক ভিলা), Line-18/1 *(End of Line-17 kacha bazar)",1216
x4io,Snacks House,,Dhaka,,Rice Dishes|Fast Food,3.6,8,50.0,78.0,35.0,23.8163891,90.3752633,"Snacks House, Mirpur-11,Aveneu-5, Block-C, line-25, shop-02 Lane Number 25, Dhaka 1216, R98G+H54 Dhaka, Bangladesh., 1216 Mirpur, Dhaka, Bangladesh",1216
nibx,Raha's Kitchen,,Dhaka,,Snacks|Chotpoti & Fuchka|Dessert|Bangladeshi|Asian,1.5,8,50.0,78.0,0.0,23.82046,90.374925,"Kalshi Rd 11 Home -2/1,Line-8,11/E, ADORSHONOGOR, MIRPUR-1216,PALLABI, DHAKA, 1216 Mirpur, Dhaka, Bangladesh",1216
snkq,Bhoj Bilash,,Dhaka,,Bangladeshi|Asian,0.0,0,50.0,78.0,0.0,23.8149699,90.3752676,"Bottala, House 05, Road 20, Block C, Avenue 5, Section 11., 1200 Mirpur, Dhaka, Bangladesh",1200
el3t,Mithai Mirpur Kalshi,Mithai - Dhaka,Dhaka,,Cakes|Dessert|Doi|Fast Food,4.7,30,50.0,80.0,0.0,23.8218828,90.37464225,"19,Block E, Kalshi Road, Mirpur 12",1216
wxi6,Food Rabbit,,Dhaka,,Snacks|Rice Dishes,0.0,0,50.0,78.0,0.0,23.8238313,90.3748022,"E block,Kalshi, Rd No.6,House No 53, 1216 Mirpur, Dhaka, Bangladesh",1216
l227,Fresh N Healthy,,Dhaka,,Snacks|Beverage|Chinese|Asian|Dumpling,0.0,0,50.0,80.0,35.0,23.8043145,90.3813817,"Raken city,raken mart, Mirpur 13 namber, 1206 Mirpur, Dhaka, Bangladesh",1206
jo0o,One Bite Cafe & Juice Bar,,Dhaka,,Juice Corner|Rice Dishes|Beverage|Fast Food,4.8,19,50.0,80.0,0.0,23.8049628,90.3806273,"ONE BITE Cafe & Juice bar, Block:D Road 1, Block D, Mirpur 14, Bijoy Rakeen city Moar,  Dhaka, 1216 Mirpur, Dhaka, Bangladesh",1216
d4oq,Meghboroni Resto & Party Center,,Dhaka,,Bangladeshi|Asian,0.0,0,50.0,80.0,0.0,23.8130301,90.3750825,"Meghboroni (মেঘবরণী), Rd 15 Nilshir Plot- 1/1, 1/2, 1/3, 1/4, 1st Floor, Lane 14#, Section# 11, Avenue-5, Mirpur-11, Dhaka, 1216 Mirpur, Dhaka, Bangladesh",1216
usv0,Barakah Biryani & Cafe,,Dhaka,,Rice Dishes|Indian|Biryani|Asian,4.8,30,50.0,80.0,0.0,23.8218298,90.3739283,"Kalshi Main Road, opposite side of Sangbadik Abashik Area।, 17, 1216 Mirpur, Dhaka, Bangladesh",1216
ljsw,Home Kitchen,,Dhaka,,Snacks|Curry,2.8,3,50.0,78.0,0.0,23.8130518,90.3750058,"Mirpur 11,  Sec 11, avu 5, block C, 14/5, 1216 Mirpur, Dhaka, Bangladesh",1216
o8k3,PizzaMon Wood Woven Live Pizza,,Dhaka,,Italian|Mediterranean|Pizza|Western,0.0,1,50.0,78.0,0.0,23.80477933,90.38015553,"mondir er pichone, rakeen city road mirpur 13, 1216 Mirpur, Dhaka, Bangladesh",1216
ancv,Tamzid's Kitchen,,Dhaka,,Bangladeshi|Asian,2.2,6,50.0,78.0,35.0,23.82469571,90.37405743,"Blue building, HOUSE-38, ROAD-8, BLOCK-E, MIRPUR 12, DHAKA 1216, 1216 Mirpur, Dhaka, Bangladesh",1216
j65n,Yummy Flavour 1.0,,Dhaka,,Snacks,0.0,0,50.0,78.0,35.0,23.82471281,90.37399777,"Blue building, HOUSE-38, ROAD-8, BLOCK-E, MIRPUR 12, DHAKA 1216, 1216 Mirpur, Dhaka, Bangladesh",1216
yn3k,Friends Wood Fire Live Pizza and momo,,Dhaka,,Italian|Mediterranean|Pizza|Western,4.0,30,50.0,83.0,0.0,23.80482205,90.37983155,"PSC bike stand mirpur13, PSC Convention Hall Rd 13 Mirpur13 Kafrul, Rakeencity road p.s.c conversation  hall Mondir soglongo, 1216 মিরপুর, ঢাকা, Bangladesh",1216
n0m0,Alif Chotpoti and Fuchka Ghor,,Dhaka,,Snacks|Chotpoti & Fuchka|Bangladeshi|Asian,2.7,20,50.0,83.0,35.0,23.8048604,90.3797037,Mirpur 13 beside police convention Hall,1216
a7gz,Mr Rashid Express,,Dhaka,,Fast Food,4.9,19,50.0,83.0,0.0,23.828172,90.37493,"পেয়াদা বাড়ি, জননী ভিলা, House - 05, Flat - G1, Road - 05, Block - D, Kalapani, 1216 মিরপুর, ঢাকা, Bangladesh",1216
m0ys,Happy Kitchen,,Dhaka,,Bangladeshi|Asian,0.0,0,50.0,83.0,0.0,23.81273901,90.37387307,"10 Parise Rd, Parise Rd 10, 1216 Mirpur, Dhaka, Bangladesh",1216
etbn,Cp Five Star - Flavour Express,CP Five Star,Dhaka,,Chicken|Snacks|Meat|Fast Food,4.1,25,50.0,85.0,0.0,23.82147505,90.37257235,"3 no Wabdha Building, 11/B, Kalshi Main Road, Dhaka :1216.",1216
onte,Tawfiq Homemade Tikka,,Dhaka,,Asian,0.0,1,50.0,83.0,35.0,23.8266717,90.3735526,"মিরপুর -১২, ব্লক-ডি,লাল ডেক, রোড নাম্বার -১৬,৭ম তলা, বাড়ি নাম্বার ৬৩ মিরপুর ১২, রোড নাম্বার ১৬, ব্লক ডি, লাল ডেক,পল্লবী, 1216 মিরপুর, ঢাকা, Bangladesh",1216
nepw,Flavor Nest,,Dhaka,,Snacks|Rice Dishes|Noodles,4.7,12,50.0,83.0,0.0,23.8218263,90.3725287,"Zia college er road, block-e house-12 road-2",1216
cpk8,Momolicious,,Dhaka,,Asian,4.8,24,50.0,83.0,35.0,23.8143139,90.37317,"Parise Road, LIFT HOUSE PARIS ROADParise Road, LIFT HOUSE PARIS ROAD,road 11,House 89/90,Paris Road,kailla bostir math,block C,mirpur 11,Dhaka 1216, Dhaka ,Bangladesh, 1216 Dhaka, Bangladesh",1216
tsgu,Fry&Bite,,Dhaka,,Snacks|Chinese|Burgers|Western|Asian|Fast Food|Dumpling,3.6,30,50.0,83.0,0.0,23.8269456,90.373407,"D-Block Eidgah Maidan, Mirpur Ceramic Rd Mirpur 12 D Block eidgah math road no.20 (Eid gah mathe konay krishnochura gas er niche), 1216 Mirpur, Dhaka, Bangladesh",1216
rffs,Bilashi  Food Mart,,Dhaka,,Curry|Rice Dishes,0.0,1,50.0,83.0,0.0,23.8230216,90.3723526,"Pallabi Mohila Degree College, Sahid Zia College Rd Block-E, Road-6, House-16, 1216 Mirpur, Dhaka, Bangladesh",1216
gb56,Sufia's Kitchen,,Dhaka,,Snacks|Curry|Rice Dishes,0.0,0,50.0,83.0,0.0,23.8230216,90.3723526,"Pallabi Mohila Degree College, Sahid Zia College Rd Back side of Pallabi mohila collage",1216
ne2s,Pizza Bazar- Live Pizza,,Dhaka,,Italian|Mediterranean|Pizza|Burgers|Western,2.9,6,50.0,83.0,0.0,23.82710525,90.37327265,"Mirpur 12 D-Block Eid Ghah Math, Road: 20 , Mirpur",1216
ghvg,Very Good Live Food,,Dhaka,,Cakes|Snacks|Bakery,0.0,1,50.0,85.0,0.0,23.81821817,90.37183199,"Section -11,Block - B, Road -12,Lane -4,House -2, Pollobi , Mirpur 1216",1216
fsud,Food Crush,,Dhaka,,Bangladeshi|Asian,0.0,0,50.0,83.0,35.0,23.805557,90.3766821,"Scholastica, Plot-2/B-2, 2/C, Line - 1 Section - 13, 1216 Mirpur, Dhaka, Bangladesh",1216
w6n6,The Food Land,,Dhaka,,Snacks|Chinese|Asian|Dumpling,0.0,0,50.0,83.0,0.0,23.7993434,90.3833725,"East Side Of Jameul-Ulum Madrasa,Mirpur -14 Staff quarter ohb-16",1206
f6i8,Iyana's Live Kitchen,,Dhaka,,Snacks|Curry|Rice Dishes|Italian|Beverage|Mediterranean|Pizza|Burgers|Western,3.7,4,50.0,85.0,0.0,23.8086694,90.3741133,"House-2,Lane-10,Block-C,Mirpur-10",1216
dluc,Oven Pizza & Turkish Food,,Dhaka,,Italian|Mediterranean|Pizza|Western|Fast Food,2.8,10,50.0,85.0,0.0,23.80284275,90.3786371,"LEADS Corporation Limited, ROAD-1 Main 1st Floor,Leads Tower, Mirpur-14, 1206 Mirpur, Dhaka, Bangladesh",1206
t37g,Foodie Wala,,Dhaka,,Italian|Pasta|Mediterranean|Chinese|Burgers|Western|Asian|Dumpling,4.0,3,50.0,83.0,0.0,23.7993859,90.3831941,"East side of jameul uloom madrasha, mirpur-14",1216
cbeq,On The Go Eats,,Dhaka,,Snacks,0.0,0,50.0,83.0,0.0,23.8356651,90.3771508,"On The Go Eats, Shagufta New Rd, 1216 Mirpur, Dhaka, Bangladesh",1216
rzqw,TAIWAN TWIST,,Dhaka,,Juice Corner|Beverage,0.0,0,50.0,85.0,0.0,23.8357765,90.3772141,"Shagufta Food Court, Shagufta New Rd Near by abbas hotel, zeron point food cart, also beside cha & chill, 1216 Mirpur, Dhaka, Bangladesh",1216
rybi,Ontora's Kitchen,Ontora's Kitchen,Dhaka,,Curry|Rice Dishes|Bangladeshi|Asian,4.6,0,50.0,83.0,0.0,23.8269261,90.3718564,"Mirpur Rd, House-42, ROAD-19, BLOCK-D, eid Gah field, SECTION-12, MIRPUR",1216
c3pq,Tasty Table,,Dhaka,,Snacks|Italian|Mediterranean|Pizza|Western,0.0,0,50.0,83.0,35.0,23.79910414,90.38305852,"3/A, Barnomala Road, Battalion Bou Bazar, Mirpur 14 Jameul Uloom Madrasar pashe",1206
sqpo,Hard Roc'k Cafe,,Dhaka,,Snacks|Beverage|Burgers|Western,0.0,0,50.0,85.0,0.0,23.8085159,90.3734926,"House -08, block -C, road -06, section -10, Mirpur, Dhaka -1216.",1216
dlwf,Kiyoshi Yamada,,Dhaka,,Noodles|Japanese|Chinese|Asian|Dumpling,4.7,7,50.0,85.0,0.0,23.8362183,90.37678,"180, DOHS Gate No: 1, Main Road, Pallabi, Dhaka, Bangladesh",1216
ba3q,TTFC biriyani house,,Dhaka,,Bangladeshi|Asian,0.0,0,50.0,85.0,35.0,23.8172565,90.3704486,"Badshah manzil, 1/1/1st floor, 1216 Mirpur, Dhaka, Bangladesh",1216
f8kg,Birthday Cake,Birthday Cake,Dhaka,,Cakes|Dessert,3.0,9,50.0,83.0,35.0,23.8267386,90.3711584,Mirpur 12 block D house 19 Road 19,Dhaka-1216
vhhg,Taste Harbor,Taste Harbor,Dhaka,,Curry|Rice Dishes|Beverage|Fast Food,4.3,3,50.0,85.0,0.0,23.8364292,90.3766518,"Near Gate- 1, Mirpur DOHS, Dhaka- 1216",1216
by30,Bloom & Basil,,Dhaka,,Rice Dishes|Bangladeshi|Asian,4.9,30,50.0,83.0,0.0,23.8114954,90.3715711,"AROHA Art & Calligraphy,  H-19, Ln-19, B-A, Mirpur 10, Dhaka 1216, 1216 Mirpur, Dhaka, Bangladesh",1216
a6hc,Ibrahimpur Water Garden Restaurant,,Dhaka,,Curry|Rice Dishes|Soups|Noodles,0.0,0,50.0,85.0,0.0,23.7961076,90.3878537,"Bhuiyan Centre, 199/2 Kachukhet-Mirpur 14 Rd, 3rd Fl (KFC Bldg), Dhaka 1206",1206
kqxo,Awesome Biryani House,AD Biryani House & Juice Corner,Dhaka,,Rice Dishes|Indian|Biryani|Asian,4.3,0,50.0,85.0,0.0,23.8366958,90.3765607,"Mirpur Dohs,jaman trade center, Shagufta, Mirpur",1216
lhhg,Cheese Blast,,Dhaka,,Snacks|Fast Food,0.0,0,50.0,85.0,0.0,23.8078986,90.3731251,"House 1/3, Road 19, Block B, Near Hope School, Mirpur 10, Dhaka 1216",1216
vlbq,Flavies,,Dhaka,,Chinese|Asian|Fast Food|Dumpling,0.0,0,50.0,83.0,35.0,23.8000672,90.3793961,"497/2D Grand Property Building, North Ibrahimpur",1216
m281,Pizzamine,,Dhaka,,Italian|Mediterranean|Pizza|Western,0.0,0,50.0,83.0,0.0,23.8080594,90.3724758,"House 1/3, Road 19, Block B, Near Hope School, Mirpur 10, Dhaka 1216",1216
gm08,Shahana's Kitchen,,Dhaka,,Snacks|Rice Dishes,0.0,1,50.0,83.0,0.0,23.82525925,90.36972527,"House - 30, Road - 20, Block - C, Section - 12, Mirpur",1216
ffpw,Saba Food & Bakery -10,Saba Food & Bakery ,Dhaka,,Snacks,0.0,1,50.0,85.0,0.0,23.810751,90.37096,"Jhoot potti Benaroshi polli, Mirpur 10",1216
mzrg,Mayer Doa Kabab Ghor,,Dhaka,,Turkish|Kebab|Snacks|Middle Eastern,0.0,2,50.0,83.0,35.0,23.818123,90.368897,"11, Mirpur Road,  House no. 17, Road no. 17, Avenue 3, Block - A , Mirpur 11",1216
yc84,Japan Cafe,,Dhaka,,Beverage|Japanese|Asian,2.9,11,50.0,85.0,0.0,23.82294266,90.36890097,Rd No 9 Beside Takwa Driving School Mirpur-1216,1216
psy8,Burgerii,,Dhaka,,Juice Corner|Chicken|Beverage|Meat|Burgers|Western|Fast Food,3.2,30,50.0,85.0,0.0,23.8080959,90.3717019,"Burgerii,  Opposite of Mirpur Girls Ideal school Gate 3., 1216 Mirpur, Dhaka, Bangladesh",1216
p9fq,Pizza Time,,Dhaka,,Italian|Pasta|Mediterranean|Pizza|Western,0.0,0,50.0,85.0,0.0,23.8085484,90.3714591,"House-1, Road no.- 10, Block- B, Mirpur 10, Dhaka- 1216",1216
i0ur,Aka's Kitchen,,Dhaka,,Rice Dishes|Bangladeshi|Asian,0.0,0,50.0,83.0,35.0,23.8058034,90.3730674,"Panir tank, block-c, road-5, house-10/1 mirpur 2 panir tank dhaka 1216, 1216 Mirpur, Dhaka, Bangladesh",1216
kvce,Bangali food by Shairmin,,Dhaka,,Curry|Rice Dishes|Bangladeshi|Asian,0.0,0,50.0,83.0,0.0,23.81541545,90.36874355,"Mirpur 11 Bazar,  3/3 Line, House 19, Block A, Mirpur 11, Near Mirpur Bangla High School, 1216 Mirpur, Dhaka, Bangladesh",1216
q2su,Mirpur Hotel and Restaurant,,Dhaka,,Snacks|Curry|Bangladeshi|Asian,3.6,30,50.0,85.0,0.0,23.82497679,90.3686501,"Road No 1 21 House 1 road 21 block C mirpur 12, 1216 Mirpur, Dhaka, Bangladesh",1216
w8by,Bhojon Rosik,,Dhaka,,Italian|Mediterranean|Pizza|Burgers|Western,0.0,0,50.0,92.0,0.0,23.8167508,90.3674679,"Mirpur 11, 09/12/3, 1216 Mirpur, Dhaka, Bangladesh",1216
yp0q,Pinch Of Rizq,,Dhaka,,Curry|Rice Dishes|Dessert|Bangladeshi|Asian,0.0,0,50.0,92.0,0.0,23.8146852,90.3676836,"Urban Marilia,  House 11, Block A, Avenue 1, Section 11, Mirpur, Dhaka 1216",1216
b301,Food Flex,,Dhaka,,Snacks|Beverage|Burgers|Western,0.0,0,50.0,92.0,0.0,23.8069229,90.3705215,"Adarsha High School, Mirpur 10 Roundabout house-10, road-05, mirpur-10, shenpara parbata, Dhaka-1216, 1216 Mirpur, Dhaka, Bangladesh",1216
lpr8,Kabab Bari,,Dhaka,,Turkish|Kebab|Snacks|Middle Eastern,3.7,5,50.0,96.0,0.0,23.7944974,90.3839294,"Ibrahimpur Rd 14 Mirpur 14 ibrahmpur bazar, 1216 Mirpur, Dhaka, Bangladesh",1216
a19x,Yummy Yummy Live Bakery,,Dhaka,,Cakes|Bakery,3.3,7,50.0,96.0,0.0,23.8199018,90.366687,Block D Rd Number 9,1216
gsls,Mummy's Hotpot,,Dhaka,,Snacks|Rice Dishes|Bangladeshi|Asian,0.0,0,50.0,92.0,0.0,23.81884142,90.36659886,"House - 11 Road - 07, Block - D. Apex Road Near Metro Station, Also Near Baitul Ehteram Jame Masjid, Mirpur 11, Dhaka - 1216",1216
qpg8,Yummy Yummy Restora,,Dhaka,,Snacks|Curry|Rice Dishes|Indian|Biryani|Bangladeshi|Asian,3.9,15,50.0,96.0,0.0,23.8199541,90.36654,"House 14, Road 09, Block D, Mirpur 11, Dhaka 1216",1216
l4i1,Bangla Bhojon,,Dhaka,,Bangladeshi|Asian,4.8,18,50.0,92.0,35.0,23.8105857,90.367995,"Mirpur 10, block A, Road 4, House 4, Flat number 802, 1216 Mirpur, Dhaka, Bangladesh, 1216 Dhaka, Bangladesh",1216
k1ou,Q-Express - Mirpur 11.5,,Dhaka,,Snacks|Beverage|Burgers|Western,3.0,7,50.0,96.0,0.0,23.824162,90.36656141,"Mirpur 1216 Block -B, Section 12, Pallabi, Mirpur, Dhaka 1216. Near M.D.C Model Institute main gate",1216
mzco,Pizza King & Food Corner - Mirpur 12,,Dhaka,,Snacks|Italian|Mediterranean|Pizza|Burgers|Western,4.0,14,50.0,96.0,0.0,23.82473027,90.36652214,"House - 1, Block - B, Road - 12, Mirpur  12, Pallabi",1216
dxwc,Food Heaven,,Dhaka,,Fast Food,0.0,0,50.0,92.0,35.0,23.7931842,90.3852639,"Patasha building, Ibrahimpur habbiulla road,1at floor,1075/3, 1206 মিরপুর, ঢাকা, Bangladesh",1206
c1yg,Rave Buffet and Rooftop,,Dhaka,,Turkish|Kebab|Snacks|Rice Dishes|Middle Eastern,0.0,0,50.0,96.0,0.0,23.8162771,90.3662468,"House 11, Block-A, Section 11, EBL Building,Mirpur Road, Dhaka",1216
vbk1,Sky Moon Lounge & Rooftop,,Dhaka,,Turkish|Kebab|Snacks|Curry|Rice Dishes|Middle Eastern|Beverage,4.6,3,50.0,96.0,0.0,23.818356,90.3658275,"RSH Tower (BATA/Sonali Bank Building), Plot: 23 (Lift- 9), Main Road: 03, Block: A,
Section: 11, Mirpur-11, Dhaka 1216
Metro Station, Gate B, Pillar 207.",1216
d4g5,Pizza Panda,,Dhaka,,Italian|Mediterranean|Pizza|Western|Fast Food,0.0,1,50.0,96.0,0.0,23.79204565,90.3876223,"Shop 3, Shadhinota Chottor, Kochukhet, Kochukhet Bazar, Dhaka",1230
mwnu,Crunch- Mirpur 10,Crunch,Dhaka,,Fast Food,4.5,15,50.0,96.0,0.0,23.8094665,90.3677238,"House 2, Road 4, Block A, Section 6, Mirpur , Dhaka 1216",1216
u3hn,Cheez - Mirpur,Cheez,Dhaka,,Italian|Mediterranean|Pizza|Western,4.8,30,50.0,96.0,0.0,23.80929965,90.3677099,"3rd Floor, Upoma Plaza, House 2/A, Road 4, Block A, Mirpur 6",1212
u1k8,Ling Jing Chinese Restaurant - Mirpur,Ling Jing Chinese Restaurant,Dhaka,,Curry|Chinese|Asian,4.4,30,50.0,96.0,0.0,23.8162379,90.3657762,"Madhuri Bhabhan, House No-02, Main Road -03, Section -07, Pallabi, Dhaka -1216, Mirpur 11 Bus stand,  Square Hospital first floor, beside Zam Zam Conventional Hall, Opposite of Rave Restaurant",1216
c4zv,Whatta Bowl - Mirpur,Whatta Bowl,Dhaka,,Rice Dishes|Chinese|Asian,4.3,30,50.0,96.0,0.0,23.8162379,90.3657762,"Madhuri Bhabhan, House No-02, Main Road -03, Section -07, Pallabi, Dhaka -1216, Mirpur 11 Bus stand,  Square Hospital first floor, beside Zam Zam Conventional Hall, Opposite of Rave Restaurant",1216
wet2,Alfresco - Mirpur,Alfresco,Dhaka,,Curry|Italian|Pasta|Mediterranean|Western|Fast Food,4.5,30,50.0,96.0,0.0,23.8162379,90.3657762,"Madhuri Bhabhan, House No-02, Main Road -03, Section -07, Pallabi, Dhaka -1216, Mirpur 11 Bus stand,  Square Hospital first floor, beside Zam Zam Conventional Hall, Opposite of Rave Restaurant",1216
fqa5,RS CHINESE FOOD,,Dhaka,,Chinese|Asian,0.0,0,50.0,92.0,0.0,23.79420592,90.38185446,"Shohag Dreamland, Ibrahimpur Bazar Rd, 840/1, 1206 Mirpur, Dhaka, Bangladesh",1206
e5h6,Kabab Lane,,Dhaka,,Turkish|Kebab|Snacks|Curry|Middle Eastern|Beverage,0.0,0,50.0,96.0,0.0,23.8259201,90.3659292,"12/A, Road 4, House 1/5, Pallabi",1216
gla2,Flame's,,Dhaka,,Beverage|Burgers|Western|Fast Food,0.0,0,50.0,92.0,0.0,23.8087254,90.3675165,"Santino-BFC- Mirpur 10, Begum Rokeya Avenue, Dhaka, Bangladesh",1216
i336,Desh Crush,,Dhaka,,Snacks|Curry|Rice Dishes|Bangladeshi|Asian,0.0,1,50.0,96.0,0.0,23.7945381,90.3803401,"House - 829 Ibrahimpur Bazar Road, Ibrahimpur, Kafrul, Mirpur",1216
oj4f,Spice Symphony,,Dhaka,,Turkish|Kebab|Middle Eastern|Beverage,4.3,3,50.0,96.0,0.0,23.8240474,90.365246,"Spice Symphony, Mirpur Share Egaro Bus Stoppage, Beside Anik Plaza",1216
n7z4,Hot & Fry Cafe & Restaurant,,Dhaka,,Snacks|Rice Dishes|Fast Food,0.0,3,50.0,96.0,0.0,23.8207289,90.3648642,"h- 68, r- 4, section -12, Mirpur , Block - B , Mirpur",1216
nvlf,Chuijhal Special Khichuri Ghor,,Dhaka,,Curry|Rice Dishes,0.0,2,50.0,96.0,35.0,23.79115846,90.38776463,"1 no dokan, rojoni ghondha super market, cantonment 1206",1206
ff1f,Crazy Pizza,,Dhaka,,Italian|Mediterranean|Pizza|Western,0.0,0,50.0,92.0,0.0,23.79446023,90.37990553,"Ibrahimpur Rd 792/1 Ibrahimpur  bazar road ( pakar matha), 1206 Mirpur, Dhaka, Bangladesh",1206
op4n,CoolFizz,,Dhaka,,Dessert,0.0,0,50.0,92.0,35.0,23.8270385,90.3655403,"Doctor Food, House#65, Road#6, Block#A, Mirpur-12, Pallabi, Dhaka-1216, Dhaka, Bang, 1216 Mirpur, Dhaka, Bangladesh",1216
jfbi,Foler Bari,,Dhaka,,Juice Corner|Snacks|Beverage|Cafe|Dessert,4.5,12,50.0,96.0,35.0,23.81028265,90.36633185,"House-73, Block-C Avenue 5, Dhaka 1216",1216
ugut,Cafe Calculus,,Dhaka,,Snacks|Beverage|Cafe|Sandwiches|Burgers|Western,3.9,25,50.0,96.0,0.0,23.8116335,90.3657031,"Math World,  House-19,Lane-07,Block-06,Section-06,Mirpur,Dhaka.(Behind Mirpur Indoor Stadium), 1216 Mirpur, Dhaka, Bangladesh",1216
lxk9,Bismillah Adda Cart,,Dhaka,,Snacks,0.0,0,50.0,92.0,0.0,23.824326,90.3646405,"Anik Plaza, Mirpur 11.5 Pallabi, Begum Rokeya Ave, Dhaka 1216",1216
pa8u,Bhagyakul Bakery - Kachukhet,Bhagyakul Bakery,Dhaka,,Cakes|Snacks|Dessert|Bakery,4.7,30,50.0,96.0,0.0,23.7906109,90.3877943,"House - 28, Kachukhet Mor, North Kafrul, Dhaka Cantonment",1206
pknm,Nomnom Drive,,Dhaka,,Rice Dishes,0.0,4,50.0,96.0,0.0,23.8237942,90.3645216,"City Club Market, Begum rokeya sarani, Pallabi, Mirpur, Dhaka",1216
jbl1,Q-Bistro-Pallabi,,Dhaka,,Snacks|Beverage|Burgers|Western,1.7,3,50.0,96.0,0.0,23.82413136,90.3644713,"Rongdhonu Shopping Mall, Mirpur 11.5 Bus stopage, Mirpur, Dhaka",1216
sdjt,Thinking Cup Restaurant,Thinking Cup,Dhaka,,Turkish|Italian|Western|Kebab|Snacks|Rice Dishes|Middle Eastern|Mediterranean|Breakfast|Indian|Soups|Pizza|Chinese|Asian|Fast Food,4.6,28,50.0,96.0,0.0,23.7904168,90.38786185,"1st Floor, 30/1 Uttor Kafrul 1206, Mirpur, Dhaka.",1206
xapv,Allah Dhan Biriyani House,,Dhaka,,Indian|Biryani|Asian,0.0,1,50.0,96.0,0.0,23.824074,90.3643907,"Anik Plaza, Mirpur Shaare Egaro, Pallabi, Mirpur, Dhaka 1216",1216
zp26,Ruma's Kitchen,,Dhaka,,Curry|Rice Dishes|Bangladeshi|Asian,3.4,25,50.0,92.0,0.0,23.7928549,90.3815601,"642, Ibrahimpur Panir Pump,  North Kafrul,  Dhaka Cantonment",1216
iy5l,Puro Pastry & Bakery - Mirpur 11.5,Puro Pastry & Bakery - Dhaka,Dhaka,,Cakes|Dessert|Fast Food,4.9,30,50.0,96.0,0.0,23.8241767,90.3640629,"M.M Complex ,Ground Floor,2/11,Pallabi,Mirpur,Dhaka-1216",1216
j7j2,Brother Sister kitchen,,Dhaka,,Bangladeshi|Asian,0.0,0,50.0,92.0,35.0,23.79936565,90.37204648,"Manik vila, Kajipara / manik vila/ 769/1, 1216 Mirpur, Dhaka, Bangladesh",1216
h7m4,Posh Lounge Rooftop,,Dhaka,,Rice Dishes|Italian|Pasta|Beverage|Mediterranean|Cafe|Pizza|Burgers|Western|Fast Food,4.1,3,50.0,96.0,0.0,23.8272192,90.3644374,"Safura Tower (Beside Pallabi Metro Station,) House 45, Level- 9 Road 7, Mirpur - 12, Dhaka",1216
y319,Zannat's Kitchen,,Dhaka,,Bangladeshi|Asian,0.0,0,50.0,92.0,35.0,23.8225093,90.3636074,"Block-E, Section-11, Mirpur, Pallabi, Flat-2B, House-71, Road-1/A Adarsha Nagar Main Road, 1216 Mirpur, Dhaka, Bangladesh",1216
ktb2,Shopnar Shopno,Shopnar Shopno,Dhaka,,Snacks|Curry|Rice Dishes|Beverage|Dessert|Bangladeshi|Asian,4.9,0,50.0,92.0,0.0,23.7903052,90.3862989,"Chowdhury Baree,Ground floor(right side), House no-78,88 N Kafrul Road,In front of Ahammodia Masque",1206
pfk6,Taiba's Koyel Ranna Ghor,,Dhaka,,Rice Dishes,0.0,1,50.0,92.0,0.0,23.8027726,90.368914,"Middle monipur, House 547 top floor, 1216 Mirpur, Dhaka, Bangladesh",1216
z09z,Morol Barir Rannaghor,,Dhaka,,Snacks|Curry|Bangladeshi|Asian,4.7,18,50.0,92.0,35.0,23.8113196,90.3645617,"section 6.block c. house 5. Road 6.Mirpur Dhaka, 1216 Mirpur, Dhaka, Bangladesh",1216
a560,Booom Fast Food,,Dhaka,,Snacks|Italian|Pasta|Mediterranean|Western,0.0,0,50.0,92.0,0.0,23.7982389,90.3726332,"Shwapno - Kazipara, Begum Rokeya Avenue Shopno er samne, 1216 Mirpur, Dhaka, Bangladesh",1216
zfea,Tasty Treat Cafe-Pallabi-Mirpur,Tasty Treat Cafe,Dhaka,,Dessert,3.3,30,50.0,96.0,0.0,23.8269055,90.3639363,"Nokir Tower, 14/4 Pollobi, Mirpur-12, Dhaka - 1216",1216
z54x,Smart Food Corner,,Dhaka,,Snacks|Dessert|Bakery,0.0,1,50.0,96.0,0.0,23.8146,90.3634705,"House 32, Opposite of Bangla School Girl Branch, Section 6, Block D, Road 3, Mirpur, Dhaka",1216
eavj,Cht Kitchen,,Dhaka,,Bangladeshi|Asian,0.0,0,50.0,92.0,35.0,23.8054131,90.3667225,"H - 5, R - 5, B block, Mirpur- 13, Dhaka, 1216 Mirpur, Dhaka, Bangladesh",1216
y69h,Jhaltong,,Dhaka,,Italian|Pasta|Mediterranean|Sandwiches|Burgers|Western,0.0,0,50.0,92.0,0.0,23.8280274,90.3640039,"Mirpur-12 Bus Stand, 17, 1216 Mirpur, Dhaka, Bangladesh",1216
zvz5,Maya Kitchen,,Dhaka,,Curry|Bangladeshi|Asian,0.0,1,50.0,92.0,0.0,23.8138629,90.3634694,"Mirpur 6, 1216 Mirpur, Dhaka, Bangladesh",1216
szqc,Al-Amin Kabab Ghor,,Dhaka,,Turkish|Kebab|Middle Eastern,3.2,8,50.0,92.0,0.0,23.80846344,90.36511783,"Section: 06, Block: A, Road: 02, House: 26/1, Mirpur Dhaka",1216
lpke,Shader Adda Juice Bar,,Dhaka,,Juice Corner|Snacks|Beverage,4.6,27,50.0,96.0,0.0,23.82817188,90.36392274,"Sujat Mention, Near Bata, Mirpur 12, Bus stand, Dhaka",1216
a9ah,Clock Dosa Express,,Dhaka,,Snacks|Indian|Chinese|Asian|Fast Food|Dumpling,3.2,6,50.0,92.0,0.0,23.81032,90.3643659,"Mirpur-6 Kacha Bazar, Avenue 5 Dhaka mirpur 6",1216
ywuh,The Savory,,Dhaka,,Chicken|Soups|Meat|Burgers|Western|Fast Food,4.3,2,50.0,96.0,0.0,23.82855524,90.36373911,"Begum Rokeya Ave 3 Signature Food Court (9th Floor Prince Bazar Building ) Holding No. 3 Roof Top, Sultan Mansion Begum Rokeya Ave Dhaka 1216, 1216 Mirpur, Dhaka, Bangladesh",1216
vyta,Kitchen Session,,Dhaka,,Snacks|Rice Dishes|Sandwiches|Burgers|Western,0.0,1,50.0,96.0,35.0,23.8286345,90.363724,"Plot 3, 8th Floor, Signature Food Court, Pallabi, Dhaka 1216",1216
xju7,Hungry's Heaven,,Dhaka,,Chicken|Rice Dishes|Sandwiches|Meat|Chinese|Burgers|Western|Asian|Fast Food|Dumpling,4.0,30,50.0,96.0,0.0,23.8244234,90.3627765,"SHOP NO: 06, MAWTS 1/C,1/A
PALLABI, MIRPUR-12",1216
m8vd,Taste La La Laa,,Dhaka,,Fast Food,0.0,0,50.0,92.0,35.0,23.8231095,90.3625747,"Nova Strawberry, 29A/15, Pallabi, Mirpur, Dhaka, 1216 Mirpur, Dhaka, Bangladesh",1216
ktk0,Ayat's Kitchen,,Dhaka,,Bangladeshi|Asian,0.0,0,50.0,92.0,0.0,23.8086184,90.3646043,"13 Road-2, Road-2 13, 1206 Mirpur, Dhaka, Bangladesh",1206
ntkj,Bubble Bar,Juice Plaza,Dhaka,,Juice Corner|Snacks|Beverage,4.8,7,50.0,96.0,35.0,23.8292915,90.3637298,"Hazi Kudrat Ali Molla Super Market, 1/C, Harunabad, Harun Molla Road, Pollobi, Mirpur 12, Dhaka - 1216",1230
eg5m,Roshui Ghor,,Dhaka,,Snacks|Curry|Bangladeshi|Asian,3.2,16,50.0,92.0,35.0,23.7980233,90.3712996,"Kazipara,mirpur house no:702, 1216 Mirpur, Dhaka, Bangladesh",1216
daoe,Home chef,,Dhaka,,Curry|Bangladeshi|Asian,3.3,5,50.0,92.0,35.0,23.797945,90.37137035,"Mirpur kazipara, 702,exim bank goli, kazipara, mirpur dhaka, 1216 মিরপুর, ঢাকা, Bangladesh",1216
qvua,Deshi Bytes,,Dhaka,,Snacks|Rice Dishes|Bangladeshi|Asian,4.9,10,50.0,92.0,35.0,23.798005,90.3712744,"Nanna Mia road, House No:700, 1216 Mirpur, Dhaka, Bangladesh",1216
g4r8,Afsana's kitchen,,Dhaka,,Curry|Rice Dishes,0.0,0,50.0,92.0,0.0,23.79120163,90.38048585,"Agargaon, A243, 1207 60 Feet, Dhaka, Bangladesh",1207
kduj,Shahana’s Cooking,,Dhaka,,Curry|Rice Dishes,0.0,1,50.0,92.0,0.0,23.79278393,90.37766718,"East Shewrapara,  Doreen apartment r opposite road, 1216 Mirpur, Dhaka, Bangladesh",1216
xc89,Nilima's Kitchen,,Dhaka,,Curry|Rice Dishes|Bangladeshi|Asian,0.0,0,50.0,92.0,0.0,23.7993542,90.369815,"947/1/3, East Monipur ,Mirpur dhaka - 1216",1219
dzx0,Safe & Fresh food,,Dhaka,,Curry|Rice Dishes|Bangladeshi|Asian,4.3,7,50.0,92.0,0.0,23.7986865,90.3703816,"Bashundhara Ln 1b 721/7west kazipara, Bashundhara lane,  Dhaka-1216, 1216 Mirpur, Dhaka, Bangladesh",1216
eg9y,Ghorer Khabar,,Dhaka,,Curry|Bangladeshi|Asian,3.0,12,50.0,92.0,0.0,23.8032324,90.36620925,"933, East Monipur Road, 1038/4, 7UP Golli",1216
dy7q,The Hungry Hippo,,Dhaka,,Beverage|Sandwiches|Burgers|Western,3.2,12,50.0,92.0,0.0,23.8237789,90.361429,"La Sierra House: 8/10 Road: 08 Word:06 Sector: 11.5 Mirpur, Bangladesh",1216
zcbl,Food Museum,,Dhaka,,Snacks,0.0,0,50.0,92.0,0.0,23.8190818,90.3611734,"Infront of Milk Vita office, Milk Vitae Mor, Mirpur, Dhaka",1216
rlw8,Bachelor Rice,,Dhaka,,Curry|Bangladeshi|Asian,0.0,0,50.0,92.0,35.0,23.8102945,90.3623868,"House 256, Section 11 Block C Avenue 5 line 20, 1216 Mirpur, Dhaka, Bangladesh",1216
f25q,Faiza Coffee House,,Dhaka,,Juice Corner|Snacks|Beverage|Dessert,4.6,2,50.0,92.0,0.0,23.805707,90.3642833,"Mirpur 2 ,Shere bangla stadium 4 no gate,dhaka",1216
j928,Mama Chotpoti O Fuska House,,Dhaka,,Chotpoti & Fuchka|Bangladeshi|Asian,4.8,30,50.0,92.0,0.0,23.805641,90.3641518,"Mirpur-2 sher e bangla national cricket Stadium hasan mama biriyani house er pashe, 1216 Mirpur, Dhaka, Bangladesh",1216
lpkw,Abesh Hotel & Biryani House- Mirpur-12 Cantonment,Abesh Hotel & Biryani House,Dhaka,,Turkish|Kebab|Curry|Rice Dishes|Middle Eastern|Bangladeshi|Doi|Asian|Faluda,4.7,30,50.0,96.0,0.0,23.83360203,90.3636283,"Mirpur 12, Cantonment (Near Metro Rail Pillar No. 153), Dhaka.",1216
w8ku,Ya Habibi Cafe,,Dhaka,,Snacks|Beverage,4.2,19,50.0,100.0,0.0,23.81131325,90.3615941,"Road 12, Block D, Mirpur 6, Dhaka 1216, Near Mukul Fouz Maath",1216
vgv0,Food Rail,,Dhaka,,Curry|Italian|Pasta|Beverage|Mediterranean|Western,4.6,15,50.0,100.0,0.0,23.7925527,90.3751733,"965,east shewrapara ,Mirpur Dhaka -1216",1216
y97o,RT Catering service,,Dhaka,,Rice Dishes,0.0,0,50.0,92.0,0.0,23.7944761,90.3723263,"House: 81/2 Wasa 3No Goli,West Shewrapara, Mirpur, Dhaka",1216
xdgm,Tisha's Food Corner,,Dhaka,,Fast Food,0.0,0,50.0,92.0,0.0,23.79187507,90.37578408,"W Shewrapara - Ibrahimpur Rd 928 6th floor, 1207 মিরপুর, ঢাকা, Bangladesh",1207
jtxe,RJ Food Corner,,Dhaka,,Fast Food,0.0,4,50.0,92.0,0.0,23.8100323,90.3614383,"32, Section-6, B-Block Lane-1, 1216 Mirpur, Dhaka, Bangladesh",1216
kil8,Tangail Sweets & Dairy,,Dhaka,,Cakes|Sweets|Dessert|Doi,4.5,21,50.0,92.0,0.0,23.79754753,90.36873684,"534/A, middle monipur, mirpur 2, 
dhaka 1216",1206
y7kb,Hack N Snack,,Dhaka,,Chicken|Snacks|Meat|Asian,4.2,18,50.0,92.0,0.0,23.8103881,90.3612682,"4, Avenue 5, Avenue 5, Block - D, House 3/4, Mirpur 6, Dhaka",1216
ik8t,The Chow,,Dhaka,,Rice Dishes|Noodles,4.3,7,50.0,92.0,0.0,23.81038,90.361262,"House:4,avenue-5,block-d,mirpur-6",1216
wp5f,Home of Dairy,,Dhaka,,Sweets|Dessert|Bangladeshi|Doi|Asian,4.4,4,50.0,92.0,0.0,23.7975236,90.3686667,"Frilled Attire/ Tangail Doi Ghor, 534/A,
Khejurtola masjid, Middle Monipur,
Mirpur 2, dhaka 1215.",1215
uf7i,Unun,,Dhaka,,Curry|Bangladeshi|Asian,4.9,30,50.0,92.0,0.0,23.7936986,90.3725613,"West Shewrapara, 229 wasa Road, West Shewrapara, 1216 Mirpur, Dhaka, Bangladesh",1216
h6fh,Food on the Wheel,,Dhaka,,Bangladeshi|Asian,0.0,1,50.0,92.0,0.0,23.8228125,90.3596754,"Extension Pallabi Beside Ayesha Garments, House 7, Block B, flat 4A, 1216 Mirpur, Dhaka, Bangladesh",1216
e66g,Dolly's kitchen,,Dhaka,,Curry|Rice Dishes|Bangladeshi|Asian,5.0,16,50.0,92.0,35.0,23.7977941,90.367935,"669/2, 3rd floor 669/2 middle monipur Khejurtolar mor ashe call dila hobe, baitul falah jaame masjid(khejurtola masjid), 1216 60 Feet, Dhaka, Bangladesh",1216
eugi,Petuk Kitchen,,Dhaka,,Snacks|Rice Dishes,4.9,30,50.0,92.0,0.0,23.7953891,90.3698391,"Baish Bari Road, Baish Bari Rd,827/5A, 1216 Mirpur, Dhaka, Bangladesh, 1216 Dhaka, Bangladesh, 1216 Dhaka, Bangladesh",1216
nc2q,Mehran Catering,,Dhaka,,Bangladeshi|Asian,0.0,0,50.0,92.0,35.0,23.79673057,90.36766947,"Mirpur Adhunik school er pasher goli, 1216 60 Feet, Dhaka, Bangladesh",1216
rjld,Moon's Food,,Dhaka,,Snacks|Curry|Rice Dishes|Bangladeshi|Asian,4.9,30,50.0,92.0,0.0,23.7960603,90.3681775,"479 Nahar Garden, modina road .East Monipur Road, Dhaka 1216.",1216
sdi2,Ki Khaben,,Dhaka,,Bangladeshi|Asian,0.0,0,50.0,92.0,0.0,23.8076128,90.3603632,"House# 06 Road-05, Road-05 House# 06, Block-H, 1216 Mirpur, Dhaka, Bangladesh",1216
qo31,Fresh Eatz,,Dhaka,,Rice Dishes|Fast Food,4.8,18,50.0,92.0,35.0,23.806828,90.360621,"House- 10, Road- 7, Block -H, Mirpur-2 Dhaka 1216, Bangladesh.",1216
pujl,Pizza Circuit,,Dhaka,,Italian|Pasta|Mediterranean|Pizza|Burgers|Western,4.4,24,50.0,92.0,0.0,23.7902012,90.3746626,"692, West Shewrapara. Mirpur Dhaka 1216",1216
klqi,Mariya's Kitchen,,Dhaka,,Curry,0.0,0,50.0,92.0,0.0,23.8191248,90.3576038,"Rupnagar Abashik Arambag, Mirpur 7, Road No. 8, House No. C19, 1216 Mirpur, Dhaka, Bangladesh",1216
nsd3,Tehari Mamma,,Dhaka,,Curry|Rice Dishes,0.0,0,50.0,92.0,35.0,23.8022194,90.3620612,"Baganbari, House 362, 60 Feet Road (Olimiar Tech Bazar er pore), Dhaka 1216, Bangladesh",1216
oj85,Terra Asia Bites,,Dhaka,,Curry|Rice Dishes|Fast Food,3.6,18,50.0,92.0,0.0,23.79261636,90.36926857,"117/1C WEST SHEWRAPARA, MIRPUR, DHAKA, 1216 Mirpur, Dhaka, Bangladesh",1216
wo12,Kebabistan,,Dhaka,,Turkish|Kebab|Middle Eastern,0.0,0,50.0,92.0,0.0,23.8042335,90.3598417,"Love Road ( Opposite of Mirpur Central Mondir), Mirpur 2. Mirpur, Dhaka, Bangladesh",1216
r2ts,Liza Home Kitchen,,Dhaka,,Curry|Rice Dishes|Bangladeshi|Asian,4.4,17,50.0,92.0,35.0,23.7962134,90.3651603,"60 feet road, floor 5,house 379,Barek Mollar Mor,mollapara, 60 feet road Mirpur,Dhaka,Barek Mollar Mor, 60 Feet Road,",1217
selm,Manha Kitchen,,Dhaka,,Curry|Rice Dishes|Bangladeshi|Asian,4.3,19,50.0,92.0,0.0,23.81600647,90.35626618,"Rupnagar Residential Area,  House 59 Road 20 East side, 1216 Mirpur, Dhaka, Bangladesh",1216
nqqh,Pizzio,,Dhaka,,Bangladeshi|Asian,0.0,2,50.0,92.0,35.0,23.8139957,90.356281,Rupnagar mirpur,1216
wznu,Aurvo,,Dhaka,,Fast Food,0.0,0,50.0,92.0,0.0,23.8122345,90.3566269,"East Kazi Para, 332/2A East Kazi Para, Road no 9, 1216 Mirpur, Dhaka, Bangladesh",1216
q9a9,Ghorer Ahar,,Dhaka,,Bangladeshi|Asian,0.0,0,50.0,92.0,35.0,23.7901483,90.3709551,"West Shewrapara, Ali Mia Tek, 159/21, 8B BayTul Falah Mosque er sthe, Leguna Garage er pashe, 1216 60 Feet, Dhaka, Bangladesh",1216
voh9,Mamonir Rannaghor,,Dhaka,,Curry|Bangladeshi|Asian,0.0,0,50.0,92.0,0.0,23.7881199,90.3736584,"West Shewrapara, House 438/6, shapla shoroni, 1216 Mirpur, Dhaka, Bangladesh",1216
fo63,Najifa's Food,,Dhaka,,Curry|Rice Dishes|Bangladeshi|Asian,0.0,0,50.0,92.0,0.0,23.7966026,90.3635491,"House 165, Flat A-4, Road beside Baitul Aman Jame Masjid, Section-2, West Monipur, Mirpur 2, Dhaka 1216.",১২১৬
jnf2,Brownbites,,Dhaka,,Rice Dishes|Burgers|Western|Fast Food,0.0,0,50.0,92.0,0.0,23.79916515,90.3615485,"Dipti Anjum Palace,  1/7/2 Dipti Anjum Palace, Borobag, Mirpur-2, 1216 Mirpur, Dhaka, Bangladesh",1216
ulcq,Cook & Go,,Dhaka,,Rice Dishes|Meat,4.9,11,50.0,92.0,35.0,23.78841319,90.37183909,"Bhuiyan Residence, West Shewrapara, 374/3, 1216 Mirpur, Dhaka, Bangladesh",1216
fjpp,Afreen kitchen,,Dhaka,,Bangladeshi|Asian,0.0,0,50.0,92.0,35.0,23.8220803,90.3546058,"Mitali Bhaban, ahchaniya misson school er goli, Mirpur 1,shah ali Bag, Dhaka, Bangladesh, 1216 মিরপুর, ঢাকা, Bangladesh",1216
u3s8,Sadd Kitchen,,Dhaka,,Curry|Bangladeshi|Asian,4.6,7,50.0,92.0,0.0,23.7860067,90.37543,"Shamim Sharani Panir Pump (WASA Pump), 363/3 soikot general store, 1216 60 Feet, Dhaka, Bangladesh",1216
ajn9,Rajkonnar Ranna,,Dhaka,,Curry|Bangladeshi|Asian,3.4,28,50.0,92.0,0.0,23.7860003,90.37535795,"Taltala New Bazar Road Rd 186/3 Taltola samim saroni road, 1215 60 Feet, Dhaka, Bangladesh",1215
btvj,Shilaidah's Kulfi,,Dhaka,,Dessert,0.0,0,50.0,92.0,35.0,23.7949766,90.363545,"99/1, Ka, East Ahamed Nagar, Mirpur, Dhaka (Near Barek mollar more, 60 feet)",1216
p8x8,Taste With Mariya,,Dhaka,,Curry|Rice Dishes|Doi,4.9,30,50.0,92.0,0.0,23.808604,90.3556773,"Road 2/1, house 01,Shialbari Rupnagar R A Mirpur-2 Dhaka, 1216 Mirpur, Dhaka, Bangladesh, 1216 Dhaka, Bangladesh",1216
uupk,Kacchi Kitchen - Mirpur 2,Kacchi Kitchen,Dhaka,,Rice Dishes,0.0,0,50.0,92.0,35.0,23.78556,90.3748,"Kamal Soroni Road, 762/4/D, 60feet road, beside monipur boys school, mirpur-2 dhaka 1216",1216
vyhz,Sabina Home Kitchen,,Dhaka,,Curry|Rice Dishes|Bangladeshi|Asian,0.0,0,50.0,92.0,0.0,23.78964555,90.36870375,"98/b hasnahena poroma goli, paka mosjid road.",1216
b6p7,One Kitchen-Taltola,One Kitchen,Dhaka,,Rice Dishes|Beverage|Soups|Fast Food,0.0,0,50.0,92.0,0.0,23.7852184,90.3752849,"House-176/4, 2nd Floor, Sargent Goli, West Kafrul ,Taltola, Mirpur, Dhaka.",1216
vx7x,Banglar Ranna Ghor,,Dhaka,,Snacks|Rice Dishes,0.0,0,50.0,92.0,0.0,23.7920405,90.36579794,"House - 306/7, Road No -01, Near Chillout Dine, Kamal Soroni, South Pirerbagh, 60 Feet, Mirpur, Dhaka - 1216",1216
ossa,Sumus fresh home made dine,,Dhaka,,Bangladeshi|Asian,2.9,23,50.0,92.0,35.0,23.78970339,90.36831587,"Poroma Goli, house/flat #84, plot # Middle Pirerbag, 60 feet Mirpur. Dhaka Poroma Goli, Opposite of Alim uddin School., 1216 60 Feet, Dhaka, Bangladesh",1216
czjg,Nahar Kitchen,,Dhaka,,Curry|Rice Dishes,0.0,1,50.0,92.0,0.0,23.78940519,90.36858046,"Hasnahena , 91/B, poroma goli,pakamosjid, pirerbag, 1216 60 Feet, Dhaka, Bangladesh",1216
ulxx,Little Asia,,Dhaka,,Asian,0.0,2,50.0,92.0,0.0,23.78675706,90.37140769,"Shapla sharani culvert, 440/3-a shapla sharani, west shewrapara, mirpur,Flat - 203, 1216 Mirpur, Dhaka, Bangladesh",1216
nt5v,Healthy Food,,Dhaka,,Snacks,4.5,10,50.0,92.0,0.0,23.79910505,90.35777915,"Mirpur-1,  Jonota housing gate no 02, 1216 Mirpur, Dhaka, Bangladesh",1216
lu08,Halal Dinnig,,Dhaka,,Curry|Rice Dishes|Bangladeshi|Asian,0.0,3,50.0,92.0,0.0,23.82658919,90.35141764,"11, Pallabi Road, House Name: Hemonto, House 1, Road 7, Pallabi Share 11, Mirpur",1216
ptpv,The Pickle Engineer,,Dhaka,,Bangladeshi|Asian,0.0,0,50.0,92.0,35.0,23.83288717,90.35277838,"J block, 10 no road, Eastern Housing, Mirpur 12, 1216 Mirpur, Dhaka, Bangladesh",1216
g3zc,Tanjin's Kitchen,,Dhaka,,Snacks|Curry|Rice Dishes|Bangladeshi|Asian,0.0,0,50.0,92.0,35.0,23.78510946,90.36947694,"Shanti Nibash, 162/1-A,south pirerbag,near amtola moshjid, 1216 60 Feet, Dhaka, Bangladesh",1216
t5lu,Kacchi Bhai - Mirpur - 1,Kacchi Bhai,Dhaka,,Curry|Rice Dishes|Indian|Biryani|Doi|Asian,4.5,30,50.0,100.0,0.0,23.7998053,90.3557251,"Sony Square - 2nd Floor Of Sadhin Bangla Super Market, Mirpur 1 Circle",1216
zuqt,Coconut Cafe,,Dhaka,,Rice Dishes|Beverage|Fast Food,0.0,0,50.0,100.0,0.0,23.80612,90.3523783,"Dhaka Commerce College, Commerce College Road Road-5, Block-A, House-71, Rainkhola, Mirpur-2, Opposite of Dhaka Commerce College, Commerce College Road, Mirpur, Dhaka, 1216 Mirpur, Dhaka, Bangladesh",1216
bkqq,Organic kitchen,,Dhaka,,Bangladeshi|Asian,2.5,6,50.0,92.0,35.0,23.7873004,90.365764,"310, South Pirerbag, 287/1E, Road 3 Jhilpar Jame Masjid",1216
abkv,Munni Home Kitchen,,Dhaka,,Rice Dishes,4.7,30,50.0,92.0,0.0,23.79572083,90.35770063,"Salimuddin Mkt Rd 23 23/1f solimuddin market, Taqwa jame masjid, 1216 Mirpur, Dhaka, Bangladesh",1216
jyro,Jenny's kitchen,,Dhaka,,Bangladeshi|Asian,0.0,0,50.0,92.0,35.0,23.8006461,90.3545317,"1216 মিরপুর, ঢাকা, Bangladesh",1216
lyfv,Frozen Feast,,Dhaka,,Snacks|Bangladeshi|Asian,0.0,1,50.0,92.0,0.0,23.8306247,90.3509821,"House no 31, Block: J, Road: 01, Eastern Housing Mirpur Dhaka 1216",1216
osd6,Testy Trunk,,Dhaka,,Chicken|Soups|Meat|Chinese|Asian|Dumpling,1.5,3,50.0,92.0,0.0,23.8008615,90.35431845,"Mirpur 1, Road: 5, Besides Arrong mirpur 1",1215
vtwe,Arif Food Mirpur,,Dhaka,,Chinese|Burgers|Western|Asian|Fast Food|Dumpling,3.3,5,50.0,92.0,0.0,23.8009142,90.35423665,"Mirpur1, Nearby aarong (Opposite of BFC Mirpur-01)",1216
e4rb,Bangla Ghor,,Dhaka,,Bangladeshi|Asian,0.0,0,50.0,92.0,0.0,23.82677615,90.34969491,"পল্লবী ২য় পর্ব (ইস্টার্ন হাউজিং), Rode.10 block .L house.1, 1052 মিরপুর, ঢাকা, Bangladesh",1052
do66,Home Kitchen,,Dhaka,,Curry|Rice Dishes,0.0,0,50.0,92.0,0.0,23.8324997,90.3510181,"বর্ধীত পল্লবী, আলুব্দী  ঈদগাহমাঠ  সংলগ্ন রোড,  জে ব্লোক, রোড নং ৫, বাড়ী নং ৩০",1216
jljc,Restaurant House,,Dhaka,,Bangladeshi|Asian,0.0,0,50.0,92.0,35.0,23.8022909,90.3529748,"House-30, Road-09, block-E Section 1 mirpur,dhaka-1216",1216
dfsz,Momo House,,Dhaka,,Indian|Asian,4.1,3,50.0,92.0,0.0,23.789767,90.361589,"Middle Paikpara, Mirpur-1, Dhaka, Bangladesh, Sajeda's dream 137/3 Bou bazar, 1216 Mirpur, Dhaka, Bangladesh",1216
h69g,Mango Home Kitchen,,Dhaka,,Snacks|Rice Dishes,0.0,0,50.0,92.0,0.0,23.7933842,90.3582996,"Ahamed nagar paikpara, boshir uddin School er purbo paser gate ar samner Golapi colur Building, 212/1 Mallik vila, 1216 Mirpur, Dhaka, Bangladesh",1216
kpk7,TS Cake House,,Dhaka,,Bangladeshi|Asian,0.0,0,50.0,92.0,35.0,23.82838234,90.34905385,Eastern housing block F road S/2 House 35,1216
y661,Ferdousi Pitta Ghor,,Dhaka,,Bangladeshi|Asian,4.4,30,50.0,92.0,0.0,23.8068231,90.3501834,"Ayesha Garden, House 8/9A,  Shahin Pukur Road, Block - New C, Section 1, 1216 Mirpur, Dhaka, Bangladesh",1216
r3yu,MR Kitchen,,Dhaka,,Snacks|Curry|Bangladeshi|Asian,0.0,1,50.0,92.0,0.0,23.8055767,90.3506133,"Rd No. 1 1 Near avenue 1,block C, section 1,Mirpur Dhaka, 1216 Mirpur, Dhaka, Bangladesh",1216
ztej,Food Valley,,Dhaka,,Snacks|Curry|Beverage|Bangladeshi|Asian,4.9,5,50.0,92.0,0.0,23.80671773,90.35020539,"Ayasha Garden, Plot-8/9A, Lane-1/2, Shainpokur road, Rainkhola, Mirpir-1. Dhaka-1216, 1216 Mirpur, Dhaka, Bangladesh",1216
pz4d,Mrittika's Kitchen,,Dhaka,,Snacks|Bangladeshi|Asian,4.8,30,50.0,92.0,0.0,23.80680049,90.35014336,"Zoo Road Ayesha Garden, 2nd Floor, Plot-8/9A, Lane-1/2, Shainpukur, Zoo Road, Rainkhola, Mirpur-1, Dhaka-1216, 1216 Mirpur, Dhaka, Bangladesh",1216
dfwh,Summu's Matbakh,,Dhaka,,Bangladeshi|Asian,0.0,3,50.0,92.0,0.0,23.7915157,90.3588512,"Ahmednagar Chapakhana more Mirpur 1, 56/B, Mirpur, Dhaka, Bangladesh",1216
zysi,Hasin’s Food Diary,,Dhaka,,Bangladeshi|Asian,0.0,0,50.0,92.0,35.0,23.8034417,90.3509897,"Road-4, house-23, block-E, Mirpur-1",1216
gms2,A.R Catering Service,,Dhaka,,Bangladeshi|Asian,4.4,1,50.0,92.0,0.0,23.80059099,90.3520496,"Mirpur-1, Road -3,house-30,flat 5b, 1216 Mirpur, Dhaka, Bangladesh",1216
xj14,Cooking Stove Express,,Dhaka,,Fast Food,0.0,0,50.0,92.0,35.0,23.7856576,90.3633428,"South paikpara, 368/1 kallyanpur dhaka, 1216  Bangladesh",1216
zmhw,Sumaya  Food Kitchen,,Dhaka,,Chicken|Italian|Pasta|Beverage|Mediterranean|Meat|Western,0.0,1,50.0,92.0,35.0,23.80079,90.3511062,"House-18,Road-7,Block-D,Mirpur-1, 1216 Mirpur, Dhaka, Bangladesh",1216
cs8g,Afrin Kitchen,,Dhaka,,Chinese|Asian,0.0,0,50.0,92.0,35.0,23.7956037,90.3536548,"Mijan enterprise , botola, Mirpur-1, Dhaka, Bangladesh",1216
cf16,Tasty Tend,,Dhaka,,Fast Food,0.0,0,50.0,92.0,0.0,23.7956037,90.3536548,"Mirpur 1, Mirpur 1 cheriya khana road, 1216 মিরপুর, ঢাকা, Bangladesh",1216
dx9j,Akhi's Kitchen,,Dhaka,,Bangladeshi|Asian,0.0,2,50.0,92.0,0.0,23.80399875,90.34915298,"Mirpur-1, H-10, Road -09, Block -New C, Section -1, Mirpur Dhaka -1216, 1216 Mirpur, Dhaka, Bangladesh",1216
a149,Huzifa Kitchen,,Dhaka,,Curry|Rice Dishes|Bangladeshi|Asian,0.0,0,50.0,92.0,0.0,23.8056771,90.34836662,"Shah Ali Thana Mirpur 1, Section-1,block-B,house-লালদালান*ক*, flat-24,road-1, 1216 Mirpur, Dhaka, Bangladesh",1216
qvr1,Ghoroa Shaad,,Dhaka,,Curry|Rice Dishes|Dessert|Bangladeshi|Asian,5.0,30,50.0,92.0,35.0,23.791175,90.3560903,House 367/3 Ahmmednagar paikpara. Mirpur Dhaka 1216.,1216
zzcs,Iconic food,,Dhaka,,Bangladeshi|Asian,0.0,0,50.0,92.0,0.0,23.80144821,90.34959583,"Mirpur 1. Block-D. House.26, 1216 Mirpur, Dhaka, Bangladesh",1216
xvrb,Mix Chip,,Dhaka,,Snacks|Fast Food,0.0,0,50.0,92.0,0.0,23.8022371,90.3488477,"Dhaka Mirpur 1 
Block A Road No 8 Bari no.11",A block
fhhx,Yamm Za,,Dhaka,,Italian|Mediterranean|Western,0.0,4,50.0,92.0,0.0,23.8034623,90.3480318,"Yammza, Rd 1 House-1, 1216 Mirpur, Dhaka, Bangladesh",1216
pzil,Tania's Kitchen,,Dhaka,,Rice Dishes|Bangladeshi|Asian,0.0,1,50.0,92.0,0.0,23.7897129,90.3563686,"moddho paikpara, ansarcamp, mirpur-1, dhaka, 5/1/I, 1216 Mirpur, Dhaka, Bangladesh",1216
su9k,SF FOODIANA,,Dhaka,,Snacks|Fast Food,0.0,0,50.0,92.0,0.0,23.7904495,90.35551542,"Joba Neer, 2nd Floor, 5/1, 1216 Mirpur, Dhaka, Bangladesh",1216
odcf,Mr. Potato,,Dhaka,,Snacks|Burgers|Western,1.4,3,50.0,92.0,0.0,23.7916349,90.3539367,"Ansar Camp Road, Ansar Camp Rd Bus Stand,Ansar Camp Road, Mirpur-1",1216
uq1n,Homemade Chef,,Dhaka,,Rice Dishes|Bangladeshi|Asian,0.0,0,50.0,92.0,0.0,23.7910823,90.3542513,"20/1, Ansar Camp Rd, 1216 Mirpur, Dhaka, Bangladesh",1216
ugsh,Mayer Hater Ranna,,Dhaka,,Curry|Rice Dishes|Bangladeshi|Asian,4.1,5,50.0,92.0,0.0,23.8036053,90.3468223,"Mirpur - 01, Block - A , Road - 3, Shah Ali Thana , Mirpur, Dhaka.",1216
lcbf,Deshi Food Shop (South Bishil) - pandago,,Dhaka,,Bangladeshi|Asian,0.0,0,50.0,92.0,0.0,23.79505454,90.35091905,"Bismillah Store, 163/2, South Bishil, Mirpur-01, Dhaka-1216",1216
l6hr,Farzana's Kitchen,,Dhaka,,Curry|Rice Dishes|Bangladeshi|Asian,4.9,4,50.0,92.0,0.0,23.7983594,90.3489751,"Mirpur-1,  Uttor Bisil,13no Rode,7 no Basa,Mirpur 1 Dhaka 1216, 1216 Mirpur, Dhaka, Bangladesh",1216
yum5,Chill250,,Dhaka,,Beverage,0.0,0,50.0,92.0,0.0,23.79103096,90.35142083,"Rose Valley, Uttor Tolarbag Rd 1, 1216 Mirpur, Dhaka, Bangladesh",1216
rbox,Mithi Kitchen,,Dhaka,,Curry|Rice Dishes|Dessert|Bangladeshi|Asian,4.9,6,50.0,92.0,0.0,23.789886,90.351211,"Tolarbag 2nd Lane Tolarbag 2lane house 16/4 5 floor, 1216 Mirpur, Dhaka, Bangladesh",1216
ypvc,Zelpy Food,,Dhaka,,Snacks|Rice Dishes,0.0,0,50.0,92.0,0.0,23.79365825,90.34793334,"ocean Dew, Flat: C1, 42/B/B, Shahid Buddhijibi Graveyard, Mazar Rd 1",1216
ft5k,Designer's Food House,,Dhaka,,Rice Dishes|Fast Food,2.8,30,50.0,92.0,35.0,23.79204272,90.34863598,"AJR Currier Service's Building,Mazar Road, 2nd colony, 10/A, 2nd Colony,Mazar Road,Mirpur-1,Dhaka-1216, 1216 Mirpur, Dhaka, Bangladesh",1216
xwnp,Testy Hub Mirpur,,Dhaka,,Bangladeshi|Asian,2.2,5,50.0,92.0,35.0,23.7920491,90.3486268,"AJR Currier Service's Building.Mirpur-1,Mazar Road,2nd Colony,, House No-10/A, 3rd Floor, 1216 Mirpur, Dhaka, Bangladesh",1216
va7h,Tehari Pagla,,Dhaka,,Bangladeshi|Asian,0.0,0,50.0,92.0,35.0,23.7901341,90.3479675,"Sheltech Bithika, Mazar Road, Tower 2, 1216 Mirpur, Dhaka, Bangladesh",1216
qpls,Tamanna's Kitchen,,Dhaka,,Snacks,0.0,1,50.0,92.0,0.0,23.7956066,90.3429426,"Golartek Mosque Road, Golartek Mosque Rd, 1402 Mirpur, Dhaka, Bangladesh",1402
qd20,Fresh Kitchen,,Dhaka,,Bangladeshi|Asian,0.0,0,50.0,92.0,35.0,23.7915821,90.3437671,"Bardhanbari, 1st floor, Number: A, Bardhanbari, 49 Darus Salam Rd, Dhaka",1216
iwx9,Hena Test Foods,,Dhaka,,Bangladeshi|Asian,0.0,0,50.0,92.0,35.0,23.7919834,90.3426605,"Mamtaj Mahamal, 100/102 Golartek Mirpur 1 Main gate of Siddhanta School, 1216 Gabtoli, Dhaka, Bangladesh",1216
qclz,Tahiya's Kitchen,,Dhaka,,Curry|Rice Dishes|Bangladeshi|Asian,5.0,14,50.0,92.0,0.0,23.7929324,90.3412381,"Golartek Playground,  House#70, Flat# 5/B, Palpara Ghat Road, 1216 Mirpur, Dhaka, Bangladesh",1216
s4d8,Ammajan Foodcart Shop,,Dhaka,,,0.0,0,50.0,92.0,35.0,23.79073383,90.37154106,"পশ্চিম শেওড়াপাড়া, পিরেরবাগ রোড",1216
xp8r,Khide Lagse Naki,,Dhaka,,,0.0,0,50.0,92.0,35.0,23.8021045,90.35453608,Mirpur-1,1216
xoy3,Snemo's Pasta Lab,,Dhaka,,,4.7,6,50.0,92.0,35.0,23.788184,90.37276,"453/2-A west Sawrapara, Mirpur, Dhaka",1216
cv35,Chicken Tiken,,Dhaka,,,0.0,0,50.0,83.0,35.0,23.81715163,90.37025539,"mirpur 12, road- 3, house- 84 , block- E",1216
a4zv,Rajbari Express Fuchka & Chotpoti,,Dhaka,,,0.0,0,50.0,85.0,35.0,23.8172565,90.3704486,"Dhaka,Mirpur-1,godara ghat, h block,3no  road",1216
l23n,Ayat Kitchen Mirpur,,Dhaka,,,0.0,1,50.0,38.0,35.0,23.8142885,90.3900339,"Bashantek Bazar,Thonertek sorker Bari more.",1206
hwyv,SURA'S Kitchen,,Dhaka,,,0.0,1,50.0,33.0,35.0,23.82560855,90.39114311,"Manikdi Namapara Tin Rasta, Manikdi Bazar Road, West",1206
lbfe,Noor's Kitchen,,Dhaka,,,0.0,0,50.0,92.0,35.0,23.8020325,90.3622008,Bangladesh,1216
qr4b,Tripty Ghor,,Dhaka,,,0.0,0,50.0,92.0,35.0,23.7888679,90.3871272,"132 N Kafrul Rd, N Kafrul Rd, 132",1206
wp29,Home Made Food,,Dhaka,,,0.0,1,50.0,53.0,35.0,23.8133626,90.3815855,পলাশ নগর কবর এসস্থান মিরপুর ১১ ঢাকা ১২১৬.,1216
sdim,Safa Briyani,,Dhaka,,,0.0,0,50.0,85.0,35.0,23.8271186,90.3703141,"হোল্ডিং ২৬, রোড ২৫, ব্লক ডি, সেকশন ১২",1216
v3e9,Mom's Homemade Kitchen,,Dhaka,,,0.0,0,50.0,92.0,35.0,23.7953614,90.3724084,"Krishibid Road, Krishibid Rd",1216
o4zy,Tehari Ghor - Mirpur 10,,Dhaka,,,4.7,30,50.0,96.0,0.0,23.80584921,90.36917252,"Shah Ali Plaza, Sazeda Mansion, Mirpur-10, Dhaka",1216
rth8,Allahor Dan Biriani House,,Dhaka,,Rice Dishes|Indian|Biryani|Asian,3.4,5,50.0,85.0,0.0,23.7991187,90.3846041,"Mirpur 14 Bus Stand, House No. 110, Battalion Bou Bazar,Goalbari, Mirpur 14. Dhaka 1206,",1206
tjpy,Adarsho Cafe Noor,,Dhaka,,Snacks|Burgers|Western|Fast Food,4.2,2,50.0,85.0,0.0,23.7990992,90.3814112,House NHB 18/4 kafrul mirpur 14  Dhaka 1216,1206
xrb5,Paragon Momo - Shwapno Kazipara,Paragon Momo,Dhaka,,Chinese|Asian|Dumpling,4.8,11,50.0,96.0,0.0,23.79825069,90.37253834,"House - 544/C/2, East Kazipara, Begum Rokeya Avenue, Mirpur",1216
u6kj,Kazi Hotel & Restaurant,,Dhaka,,Snacks|Curry|Rice Dishes|Bangladeshi|Asian,3.0,0,50.0,96.0,0.0,23.79713505,90.3733057,"557/1, East Kazipara, Bus Stand",1216
gjn6,Puro Pastry & Bakery - Mirpur 6,Puro Pastry & Bakery - Dhaka,Dhaka,,Cakes|Dessert|Fast Food,4.8,30,50.0,100.0,0.0,23.8103126,90.36417205,"Section- 6 , Block b, Avenue 5, Mirpur Dhaka 1216",1216
j516,Chicken Khabo,,Dhaka,,Snacks|Rice Dishes|Burgers|Western,4.7,16,50.0,100.0,35.0,23.7898242,90.3748489,"675, West Shewrapara Mosque Road, 675 west shewrapara , mirpur Dhaka",1216
zi3u,Domino’s Pizza Ibrahimpur,Domino's Pizza,Dhaka,,Italian|Mediterranean|Pizza|Western,4.3,30,0.0,,20.0,23.7955788,90.3875198,"""Mousumi and Bhuiyan Plaza,
283, Kachukhet Main Road, Ibrahimpur,  Dhaka-1206.""",1206
rvow,Traditional Hazi Biryani,Traditional Hazi Biryani,Dhaka,,Rice Dishes|Indian|Biryani|Asian,3.6,30,50.0,55.0,60.0,23.8058063,90.3680201,"House No - 36, Ruhunnessa Villa, Block-Kha, Boundary Road, Mirpur-10, Dhaka",1216
vopm,Oven Cheese Pizza,,Dhaka,,Snacks|Italian|Beverage|Mediterranean|Pizza|Western,4.4,30,50.0,96.0,70.0,23.79980455,90.3520658,"House-19, Road-05, Block-F, Mirpur-01, Dhaka, Bangladesh",1216
skif,BiteBox,,Dhaka,,Noodles|Burgers|Western|Fast Food,2.3,23,50.0,37.0,50.0,23.8089967,90.37936,"House :3, House: 03, Section: 13, Block: C, Road: 01, 1216 Mirpur, Dhaka, Bangladesh, House :3, House: 03, Section: 13, Block: C, Road: 01, 1216, 1216 Mirpur, Dhaka, Bangladesh",1216
x2ty,Ahar Restaurant - Mirpur,Ahar Restaurant - Mirpur,Dhaka,,Snacks|Curry|Rice Dishes|Beverage|Fast Food,4.6,30,50.0,96.0,75.0,23.801971,90.3494471,"Ahar Restaurant 
road no 7,house no 1,block C,Dhaka 1216",1216
p4j2,Korean Cheese Coin,,Dhaka,,Cakes|Beverage|Cafe,4.7,30,50.0,55.0,45.0,23.7941667,90.3676116,"303, South Monipur, Mirpur, Dhaka 1216",1216
s0c1,Cryptails,,Dhaka,,Juice Corner|Snacks|Beverage|Burgers|Western|Fast Food,4.4,30,50.0,85.0,80.0,23.81025035,90.36143595,"67/5, Block-D, House 3, 4 Avenue 5, Dhaka 1216, 5 Road Number 4th, Dhaka 1216",1216
ufck,Whatta Bowl - Mirpur 1,Whatta Bowl,Dhaka,,Rice Dishes|Chinese|Asian,4.5,30,50.0,96.0,65.0,23.801971,90.3494471,"Ahar Restaurant - Mirpur 2
road no 7,house no 1,block C,Dhaka 1216",1216
ypb5,Jackson's Fried Chicken - Mirpur 1,Jackson's Fried Chicken,Dhaka,,Chicken|Meat|Fast Food|Fried Chicken,4.5,30,50.0,96.0,65.0,23.8019655,90.3494631,"Ahar Restaurant - Mirpur 1
1-C, Road # 7/1, Block # C Mirpur, Dhaka 1216",1216
rpil,Cryptails-Avenue 5,,Dhaka,,Rice Dishes|Burgers|Western|Fast Food,4.6,25,50.0,85.0,70.0,23.8103076,90.3613769,"House 3/4,Avenue-5,Block-D,Mirpur-6",1216
pf3m,Sausage Bite - Mirpur 2,,Dhaka,,Snacks|Beverage|Dessert|Burgers|Western|Doi|Fast Food|Faluda,2.2,11,50.0,96.0,75.0,23.8032526,90.35464415,"House - 7, Block - D, Avenue - 1, Opposite of Pizzaburg, Mirpur 2",1216
v389,Lunchwala - Mirpur 2,Lunch Wala - Chain,Dhaka,,Rice Dishes|Bangladeshi|Asian,4.4,30,50.0,96.0,60.0,23.801971,90.3494471,"Ahar Restaurant - Mirpur 2
road no 7,house no 1,block C,Dhaka 1216",1216
bpk1,Bismillah Biriyani House,,Dhaka,,Rice Dishes|Bangladeshi|Asian,3.8,30,50.0,96.0,60.0,23.8068567,90.3541081,"2- B, Hazi Avenue , Road- 3/1, Shop - 3/1, Shop - 7, Rainkhola, Mirpur -2, Dhaka 1216",1216
jjqb,Fries & More - Mirpur 1,Fries & More,Dhaka,,Western|Fast Food|American,4.5,30,50.0,96.0,75.0,23.8020696,90.349356,"Ahar Restaurant 1-C(, Road # 7/1, Block # C Mirpur, Dhaka 1216",1216
t7qs,Harun Hotel and Restaurant,Harun Hotel & Restaurant,Dhaka,,Snacks|Curry|Rice Dishes|Fish|Seafood|Bangladeshi|Asian,2.7,30,50.0,80.0,50.0,23.785151,90.367307,"247/3B, South Pirerbag, Amtola Bazar, 60 feet Road, Mirpur - 2",1216
dknk,Nusrat food corner,,Dhaka,,Snacks|Fast Food,0.0,3,50.0,83.0,75.0,23.78673338,90.36040741,"South Paikpara Main Road, House: 291/5,dokkhin paikpara, notunbazar, mirpur 1,4/Ka S Paikpara Main  Rd,",1216
nsgg,Shawarma & Sandwich,,Dhaka,,Chicken|Snacks|Rice Dishes|Meat|Burgers|Western|Bangladeshi|Asian|Fast Food,3.7,23,50.0,37.0,70.0,23.80883,90.379722,"13, Road 01, House- 04, Section- 13, Block - C, Road- 01, Third Floor, Mirpur dhaka - 1216",1230
eo20,Khandhani Foodie,,Dhaka,,,0.0,1,50.0,83.0,70.0,23.78621014,90.36095276,"312, 1 দক্ষিন পাইকপাড়া মেইন রোড, দক্ষিন পাইকপাড়া মেইন রোড, 1",1216
y4ub,Mithai - Kazipara,Mithai - Dhaka,Dhaka,,Cakes|Snacks|Dessert|Doi|Fast Food,4.6,19,50.0,42.0,0.0,23.7975573,90.372878,"567 East Kazipara, Near Bus Stand",1217
j4e4,TANI's Caboose,TANI's Caboose,Dhaka,,Snacks|Indian|Biryani|Dessert|Asian,0.0,0,50.0,43.0,0.0,23.7887388,90.3872452,"206/4A East Kafrul, Dhaka Cantonment, Dhaka 1206",1206
fz14,Puro Pastry & Bakery - Shewrapara,Puro Pastry & Bakery - Dhaka,Dhaka,,Cakes|Dessert|Fast Food,4.7,30,50.0,42.0,0.0,23.7918261,90.37512655,"779, West Shewrapara, Mirpur, Dhaka-1216 (Beside Shewrapara Central Mosque)",1216
s5rj,Satsotero Restaurant,Sat Sotero Restaurant,Dhaka,,Turkish|Kebab|Curry|Rice Dishes|Middle Eastern|Beverage|Burgers|Western|Khichuri,4.5,15,50.0,42.0,0.0,23.7930505,90.3740546,"House - 754/1, 5th Floor, Begum Rokeya Avenue, West Shewrapara, Mirpur",1216
ryyz,Hungry Fries,,Dhaka,,Snacks|Beverage|Burgers|Western,0.0,0,50.0,55.0,0.0,23.802709,90.370249,"143, Senpara Parbata, Opposit of Al Helal Hospital, Mirpur 1216",1216
f9nd,DYNAMIC,,Dhaka,,Fast Food,0.0,2,50.0,55.0,35.0,23.80788731,90.37171559,"1/7, Road-19, Block-B, Mirpur-10, 1216 Mirpur, Dhaka, Bangladesh",1216
bv80,Aamej - 60 Feet,Aamej,Dhaka,,Juice Corner|Beverage,4.6,7,50.0,60.0,0.0,23.7972358,90.3648966,"213, West monipur, Mirpur-2, 60 Feet, Dhaka -1216",1216
znm0,Shumi's Hot Cake - Monipur,Shumi's Hot Cake,Dhaka,,Cakes|Dessert|Fast Food,4.9,30,50.0,60.0,0.0,23.7998558,90.3635667,"750/A, Monipur, Mirpur-2, Dhaka-1216",1216
nazg,Haldi Restaurant & Cafe,,Dhaka,,Healthy,0.0,1,50.0,80.0,35.0,23.8004476,90.3617753,"Barabagh, Rd No. 8, 1216 Mirpur, Dhaka, Bangladesh",1216
jdxv,Sausage Bite,,Dhaka,,Chicken|Italian|Pasta|Mediterranean|Pizza|Meat|Burgers|Western|Fast Food|Faluda,3.5,10,50.0,85.0,0.0,23.80425,90.3596522,"Beside Darjeeling Momo, Near Mirpur Central Temple, Love Road, Mirpur 2",1216
b2nh,Adda Cart,,Dhaka,,Snacks|Beverage|Fast Food,0.0,0,50.0,83.0,0.0,23.77795545,90.37474626,"Agargaon ( Opposite of Bangladesh Election Commission) , Dhaka, Bangladesh",1216
hewd,SR Catering,,Dhaka,,Snacks|Rice Dishes|Bangladeshi|Asian|Bakery,0.0,0,50.0,83.0,0.0,23.7805415,90.36964658,Address 121 west Agargoan Sher e Bangla nagar  4th floor,1207
zqsq,Biryani Point,,Dhaka,,Rice Dishes|Indian|Biryani|Asian,0.0,0,50.0,83.0,0.0,23.7799524,90.3671093,"Opposite of 'New fried Chicken', 147/1, Shyamoli road 2, 1207 60 Feet, Dhaka, Bangladesh",1207
gmgx,Notun Rong,,Dhaka,,Dessert,0.0,0,50.0,83.0,0.0,23.78665613,90.36032565,"House-291/5, South Paikpara, Mirpur 1, Dhaka, House-291/5, South Paikpara, Mirpur 1, Dhaka, 1216 Mirpur, Dhaka, Bangladesh",1216
iuiu,Noakhali Ranna Ghor,,Dhaka,,Curry|Rice Dishes|Bangladeshi|Asian,0.0,0,50.0,83.0,35.0,23.7822866,90.3629757,"prf. house, road no:4 house no:27 flat no:7B, 1207 Mohammadpur, Dhaka, Bangladesh",1207
kgkf,Tasty Treat Ahammed Nagar Paikpara Mirpur,Tasty Treat,Dhaka,,Cakes|Dessert|Fast Food,4.7,14,50.0,85.0,0.0,23.791334,90.356775,"365/2, Ahammed Nagar, Paikpara, Mirpur, Dhaka",1216
s9af,Chatime - Mirpur 1,Chatime,Dhaka,,Beverage,4.6,30,50.0,96.0,0.0,23.8011423,90.35433075,"House No. 1/G, 25-29, Birbikrom Hemayet Uddin Sarak, Mirpur 1, Dhaka",1216
t503,Engineer's Kitchen,,Dhaka,,Snacks|Sandwiches|Burgers|Western,4.1,6,50.0,92.0,0.0,23.7802638,90.3618508,"মেইন রোড Banalota house,473/1 south paikpara,Dhakhina Abashan,Kallyanpur, Dhaka, 1207 Mirpur, Dhaka, Bangladesh",1207
coan,Taste of Home,,Dhaka,,Bangladeshi|Asian,5.0,8,50.0,92.0,35.0,23.7726883,90.3734859,"Koyel Bhaban, Sher-e-Bangla Agricultural University, 1207 Mohammadpur, Dhaka, Bangladesh",1207
z4br,Fatima's Kitchen,,Dhaka,,Curry|Rice Dishes|Bangladeshi|Asian,0.0,0,50.0,92.0,0.0,23.7822036,90.3595372,"Kallyanpur, Road 1,House 8,",1207
fvla,Mejban Bari Kabab and Restaurant,,Dhaka,,Turkish|Kebab|Curry|Rice Dishes|Middle Eastern,0.0,1,50.0,96.0,0.0,23.7970677,90.3521046,"112 S Bishil Rd, S Bishil Rd 112, 1216 Mirpur, Dhaka, Bangladesh",1216
vlh9,Foodie Bhai,,Dhaka,,Snacks|Asian|Fast Food,0.0,2,50.0,96.0,0.0,23.8061199,90.3524639,"Block A, Road 5 House 71 Mirpur 2 Beside Commerce   College",1216
ej2i,Rashida’s Kitchen,,Dhaka,,Bangladeshi|Asian,0.0,1,50.0,92.0,35.0,23.7877117,90.3535384,"New c type government quarter bangla college attached, 129/5 new c type government quarter bangla college attached Attached with main road, 1216 Mirpur, Dhaka, Bangladesh",1216
i3un,Abbas Kacchi Bari,,Dhaka,,Rice Dishes|Beverage,2.3,12,50.0,96.0,0.0,23.80182,90.3495264,"Block D, Road 1, Opposite of Ahar Restaurant, Avenue 2/22, Mirpur 1, Dhak 1216",1216
gdjb,Doi Fuchka,,Dhaka,,Fast Food,3.6,9,50.0,96.0,35.0,23.806729,90.350064,"Shainpukur Road, (Back side of Aysha Garden), House No:8/9 Road No:1/2, Block C, Shinepukur Road,Mirpur 1 Dhaka_1216",1216
oac0,Liquid Lush,,Dhaka,,Juice Corner|Beverage|Cafe,4.3,15,50.0,92.0,0.0,23.7868112,90.350224,"Tolarbag Mosque Rd 1 Al-Ihsan Islamic Institute building, 1216 Mirpur, Dhaka, Bangladesh",1216
muwy,Food Mania,,Dhaka,,Chinese|Asian,0.0,0,50.0,100.0,0.0,23.7879137,90.3479561,"1 Mazar Rd, Mirpur-1 Mazar Road lalkuthi Bazar,opposite side of Maternity Hospital, 1216 Mirpur, Dhaka, Bangladesh",1216
jrnk,Tehari Ghar - Gabtoli,Tehari Ghar,Dhaka,,Rice Dishes|Indian|Biryani|Asian,4.9,30,50.0,100.0,0.0,23.7834684,90.3472127,"Infront of Gabtoli Gabtoli Jomidarbari Shahi Moshjid, House 33 Mazar Road Gabtoli Dhaka 1216",1216
qpc9,Panda chotpoti & fuchka with fast-food,,Dhaka,,Bangladeshi|Asian,0.0,5,50.0,100.0,35.0,23.797154,90.341524,"13, Road 5, Block: A , Road: 5 , House: 13, Mirpur-1 (Royal testy Food er pashe)",1216
iedk,1 Star Chef,,Dhaka,,Snacks|Beverage,3.0,10,50.0,32.0,35.0,23.8057725,90.3790793,"Road-9 block-C  Home 18, Mirpur 13",1216
bj0c,Sakib Bhai Er Mukhoruchi Khabar Hotel,,Dhaka,,Snacks|Bangladeshi|Asian,3.6,2,50.0,37.0,0.0,23.7960634,90.3758126,"1125 ,Jamtola kacha Bazar er uttor dike, east Shewrapara",1213
c7vr,The Kacchi Khai,,Dhaka,,Curry|Rice Dishes|Beverage,0.0,0,50.0,42.0,0.0,23.797028,90.372782,"usmani towner kazipara, mirpur, kazipara bus stand, kajipara,",1216
urh3,Tasty Garden,,Dhaka,,Juice Corner|Beverage|Dessert|Fast Food,4.0,25,50.0,55.0,0.0,23.7983873,90.3659536,"651 Middle Monipur, Mirpur-2, 1216 Mirpur, Dhaka, Bangladesh",1216
jg1n,Pach Vai Biriyani And Shawarma,,Dhaka,,Turkish|Kebab|Rice Dishes|Middle Eastern,0.0,0,50.0,60.0,0.0,23.7961879,90.3652053,"382/D, Monipur, 60 Feet, Barek Mollah Moar",1216
jf1i,Four Brothers Fastfood and Live Bakery,,Dhaka,,Snacks|Dessert|Bakery,3.2,30,50.0,60.0,0.0,23.7908279,90.3660144,"⁠৫০/২, উত্তর পীরেরবাগ(মাইকের গলি) ৬০ ফিট রোড, মিরপুর, ঢাকা-১২১৬",1216
l69t,Food Valley,,Dhaka,,Fast Food,1.7,3,50.0,60.0,0.0,23.7919619,90.3653728,"Chapra Mosjit, 361/D-1, North Pirerbagh, Mirpur, Dhaka 1216, 1216 60 Feet, Dhaka, Bangladesh",1216
crj0,N & J Cloud And Grill,,Dhaka,,Beverage|Burgers|Western|Fast Food,0.0,1,50.0,60.0,0.0,23.7899214,90.3662771,"348/4-D,Kamal soroni,mirpur, 1216 Mirpur, Dhaka, Bangladesh",1216
g210,Fish & Kabab,,Dhaka,,Turkish|Kebab|Middle Eastern,0.0,0,50.0,60.0,0.0,23.8047839,90.3635818,"Mirpur Shopping center, Mirpur -2, Mirpur Food Court",1216
boy5,Cafe Delhi Darbar,,Dhaka,,Curry|Rice Dishes|Bangladeshi|Asian,0.0,2,50.0,60.0,0.0,23.8047839,90.3635818,"Mirpur Shopping center, Mirpur -2, Mirpur Food Court",1216
ns1q,The Shawarma House,,Dhaka,,Italian|Middle Eastern|Pasta|Shawarma|Mediterranean|Pizza|Western,3.1,12,50.0,60.0,35.0,23.8047378,90.3631465,"Mirpur Shopping center, Mirpur -2, Mirpur Food Court",1216
olr3,Bangaliana Mezban,,Dhaka,,Curry|Rice Dishes,3.7,6,50.0,60.0,35.0,23.8048345,90.3633459,"Mirpur Shopping center, Mirpur -2, Mirpur Food Court",1216
vyn7,Supreme Dinners- 60 Feet,Supreme Diners – Zoo Road,Dhaka,,Chicken|Soups|Sandwiches|Meat|Burgers|Western|Fast Food,4.3,10,50.0,80.0,0.0,23.787358,90.3671176,"262/4, South Pirerbag, 60 feet Road (Near Pabna Goli Mor), Mirpur",1216
eu86,Cp Five Star - Food Star - Agargaon,CP Five Star,Dhaka,,Chicken|Snacks|Meat|Fast Food|Fried Chicken,0.0,0,50.0,80.0,0.0,23.77932435,90.37953215,"Near idb centre ,Agargaon",1216
azuy,Sub Lover's - Amtola 60 Feet,Sub Lovers,Dhaka,,Mexican|Sandwiches|Western|Fast Food,4.3,4,50.0,80.0,0.0,23.7859106,90.367211,"House - 247/1B, Amtola Bazar, South Pirerbag, Kamal Sharani, 60 Feet, Mirpur 2",1216
xy37,Khushbo Biryani House,,Dhaka,,Rice Dishes,0.0,1,50.0,83.0,0.0,23.78235255,90.3695475,House-246/1 West Agargaon Dhaka-1207,1207
ed21,Kawfol,,Dhaka,,Juice Corner|Snacks|Beverage,0.0,1,50.0,85.0,0.0,23.8122418,90.3638799,"Mirpur 6 number Bazar bot tola., Dhaka, Bangladesh",1216
se7b,Rizq,,Dhaka,,Snacks|Curry|Rice Dishes|Fast Food,3.4,30,50.0,85.0,35.0,23.8106681,90.3616146,"Blocked d road 15 House 6 mirpur 6,Pallavi dhaka-1216",1216
t5xw,Crust and Beans - Mirpur 6,Crust and Beans,Dhaka,,Rice Dishes|Italian|Mediterranean|Pizza|Western|Fast Food,4.7,30,50.0,85.0,0.0,23.8104491,90.3614743,"Mirpur 6 , house 56 , avenue -5 block -D , section 6 Mirpur , Dhaka 1216",1216
hdab,Pizza Haven,,Dhaka,,Turkish|Kebab|Snacks|Italian|Middle Eastern|Mediterranean|Pizza|Western|Fast Food,0.0,3,50.0,85.0,0.0,23.81018745,90.36120785,"Mirpur 6,  Mirpur-6, Block-B, House 9/5,Porshika Mor Dhaka, 1216 Mirpur, Dhaka, Bangladesh",1216
cl5c,Lava Lounge,,Dhaka,,Turkish|Kebab|Snacks|Italian|Middle Eastern|Beverage|Mediterranean|Pizza|Western,0.0,1,50.0,85.0,0.0,23.8102164,90.3611621,"06, Block - B, House - 9, Mirpur, 5 Porshika Mor, Dhaka",1216
uljs,Nafisa Kitchen,,Dhaka,,Curry|Bangladeshi|Asian,4.0,5,50.0,83.0,35.0,23.7871524,90.3601806,"Akter Vila, 74/E, Road 14, 1216 Kallyanpur, Dhaka, Bangladesh",1216
qab9,Shoilpik Restora,,Dhaka,,Turkish|Kebab|Snacks|Curry|Middle Eastern|Beverage|Cafe,0.0,0,50.0,85.0,0.0,23.8003517,90.35631,"1/f, 4/35, colwalapara hall, mirp Beside Sony square",1216
ih82,Fry Haven,,Dhaka,,Juice Corner|Beverage|Fast Food,3.0,16,50.0,85.0,0.0,23.80026705,90.3561534,House-33 Road-4 Block-F Kolowala para Mirpur -1216,1216
v3q8,Luchi And Cafe,,Dhaka,,Juice Corner|Snacks|Beverage|Dessert|Burgers|Western,0.0,1,50.0,85.0,0.0,23.8030308,90.3561403,"House-5, Road-3, Block-E, Section -2, Mirpur",1216
kr52,TS Live Bakery,,Dhaka,,Snacks|Bakery,0.0,1,50.0,85.0,0.0,23.80414535,90.3560393,"House: 1, Block: E, Avenue: 1, Section : 2, opposite of crunch restaurant, Mirpur",1216
z0y9,Wrapick -  Mirpur,Wrapick,Dhaka,,Wraps|Snacks|Beverage|Dessert,4.5,30,50.0,96.0,0.0,23.8032637,90.3548722,"House - 11/1, Avenue - 1, Block - D, Section - 2, Mirpur.",1216
fk7e,Mayerdoa Hotel & Restaurant,,Dhaka,,Snacks|Curry|Bangladeshi|Asian,4.3,16,50.0,96.0,0.0,23.812455,90.3576486,"Rupnagar Road, Rupnagar Rd Road 09, Rupnagar R/A, Mirpur-2, 1216 Mirpur, Dhaka, Bangladesh",1216
z4hq,Softbuns - Mirpur 1,SoftBuns - Mohammadpur,Dhaka,,Dessert,0.0,0,50.0,96.0,35.0,23.8008702,90.3539385,"M1 Food Zone, Dhaka 1216",1216
zoff,Olympia Restaurant,,Dhaka,,Turkish|Kebab|Curry|Rice Dishes|Middle Eastern|Beverage,2.7,3,50.0,96.0,0.0,23.8012946,90.3537006,"Plot03, 1 Ln. No. 2,BlockG, Mirpur1,  Dhaka 1216",1216
e053,Miso Pot,,Dhaka,,Snacks|Beverage|Korean|Asian,3.7,30,50.0,96.0,0.0,23.8140258,90.3566713,"Doreen Vincita Shopping Centre, Doreen Vincita Shopping Centre (2nd floor), Rupnagar R/A, Dhaka Doreen Vincita Shopping Centre  (2nd floor), Rupnagar R/A, Dhaka, 1216 Mirpur, Dhaka, Bangladesh",1216
m08x,Yummy Plex,,Dhaka,,Snacks|Curry|Rice Dishes|Italian|Beverage|Mediterranean|Pizza|Burgers|Western,4.1,14,50.0,96.0,0.0,23.8065443,90.35297205,"House - S/9-2/A, Commerce College Road, Opposite of Dhaka Commerce College, Mirpur 2",1216
w55x,Laham,,Dhaka,,Snacks|Italian|Middle Eastern|Pasta|Shawarma|Mediterranean|Burgers|Western,3.6,8,50.0,96.0,0.0,23.79985534,90.35195076,"House-20 ,Road-5,Block-F,
Mirpur -1,Dhaka -1216",1216
v4bo,Talukder Cake And More,,Dhaka,,Cakes|Rice Dishes|Dessert,4.8,3,50.0,96.0,35.0,23.8170668,90.3559722,"House 57, road 22 rupnagar abashik mirpur, Dhaka 1216",1216
w41k,Cafein,,Dhaka,,Snacks|Rice Dishes|Italian|Mediterranean|Pizza|Western|Fast Food,4.2,21,50.0,100.0,0.0,23.79006143,90.34834489,"House - 1/A/1, Shahid Nur Hossain Tower, 2nd Colony, Mazar Road, Mirpur 1",1216
cyz4,Next Restaurant BD,,Dhaka,,,0.0,1,50.0,78.0,35.0,23.78005671,90.37375735,Dhaka,1207
x0nx,Domino's Mirpur-Late Night,Domino's Pizza,Dhaka,,Italian|Mediterranean|Pizza|Western,3.1,27,0.0,,30.0,23.801802,90.3767929,"Ground Floor, House- 45, Road- 7, Block- A, Section-12, Pallabi, Mirpur, Dhaka, Bangladesh-1216",1216
h6b7,Mithai - Mirpur 10 Senpara,Mithai - Dhaka,Dhaka,,Cakes|Dessert|Doi|Fast Food,4.6,23,50.0,60.0,0.0,23.80637571,90.37318432,"Plot no 31, Section 10,Main Road 1,Senpara Parbota,Mirpur Dhaka 1216",1216
v38k,Cake Gallery,Cake Gallery,Dhaka,,Cakes,3.7,23,50.0,85.0,0.0,23.82673935,90.3711576,House 20 road 19block D mirpur 12,1216
c55f,Canvas Kitchen,,Dhaka,,Snacks|Rice Dishes|Chinese|Asian,2.6,30,50.0,37.0,45.0,23.7933633,90.36378155,"101/2, I-1, Ahammadnagar, Mirpur-1, Dhaka",1216
ae6t,Vaggokul Sweets and Bakery,,Dhaka,,Sweets|Dessert|Bangladeshi|Doi|Asian,2.3,4,50.0,96.0,50.0,23.8231617,90.3570167,"Vaggokul sweets and bekary, Mirpur Rupnagar Thinshed Rupnagar Dhaka Road-14 House-546 বর্ধিত পল্লবী ৩ নং গেটের অপজিটে, 1216 Mirpur, Dhaka, Bangladesh",1216
bpyf,Mithai Mirpur-01,Mithai - Dhaka,Dhaka,,Cakes|Dessert|Doi|Fast Food,4.7,7,50.0,9.0,0.0,23.79759965,90.3528966,1 No Darus Salam Road Mirpur-01 Dhaka-1216,1216
qdk0,The Bubble Waffle,,Dhaka,,Beverage|Dessert,0.0,0,50.0,96.0,0.0,23.8237847,90.3524141,"Shop No - 03, Setu Plaza, Road - 02, Block - D, Eastern Housing, Mirpur, Dhaka - 1216",1216
umet,Bread Basket - Bakery & Fast Food - Agargaon,Bread Basket - Bakery & Fast Food,Dhaka,,Fast Food|Bakery,0.0,0,50.0,96.0,0.0,23.7747636,90.3802427,"9 Paka Market, Sher- E- Bangla Nagar, Agargaon, Dhaka",1216
u36x,Khusbu Bangla Restora,,Dhaka,,Rice Dishes,0.0,1,50.0,100.0,35.0,23.8298567,90.352395,"Kazi Bari mor, Plot no:25, Block-F, Main road, Kazi Bari mor, Eastern Housing, Mirpur, Dhaka.",1216
u5ot,Rajdhani Biryani House & Restaurant - Paka Masjid,,Dhaka,,Curry|Rice Dishes|Indian|Biryani|Asian,3.6,30,50.0,42.0,0.0,23.7888849,90.3667783,70/1 moddho prierbag paka masjid beside of muslim sweets and bakery,1216
nuze,Bowl & Beyond - Mirpur,,Dhaka,,Snacks|Rice Dishes,3.9,21,50.0,96.0,0.0,23.8234297,90.3523272,"Block # C, Plot # 198,199,200, Eastern Housing, Pallabi 2nd Phase, Mirpur, Bangladesh, Dhaka, Bangladesh, 1216",1216
bhi9,Duaripara Juice And Sweets Corner,,Dhaka,,Juice Corner|Snacks|Beverage,0.0,0,50.0,96.0,0.0,23.8239451,90.3569048,"Duaripara Juice and Sweets Corner, Duaripara-Pallabi Rd Road 16, 1216 60 Feet, Dhaka, Bangladesh",1216
mbgt,Nure Al-Modina Hotel & Restaurant,Nure Al-Modina Hotel & Restaurant,Dhaka,,Curry|Rice Dishes,3.0,29,50.0,85.0,50.0,23.83041475,90.3636834,"Near New jawbon Cafe, Harun Molla Sorok, Harunabad, Near Molla market,
Section 12,",1216
e9ze,Mithai - Mirpur Thana Road,Mithai - Dhaka,Dhaka,,Cakes|Dessert|Doi|Fast Food,4.3,4,50.0,9.0,0.0,23.80430265,90.36357015,Mirpur shopping center Thana road mirpur: 2,1216
iyw1,Al Aqsa sweet and live bekary,,Dhaka,,Sweets|Dessert,3.8,2,50.0,85.0,0.0,23.8302373,90.3636648,"Sattar Mollah Road, Sattar Molla Road, 1216 Mirpur, Dhaka, Bangladesh",1216
yhkv,Mithai Mirpur - Benaroshi polli,Mithai - Dhaka,Dhaka,,Cakes|Dessert|Doi|Fast Food,4.8,8,50.0,14.0,0.0,23.8099067,90.3700199,"33-Avenue-1,block-B, Mirpur, Benaroshi Polli, Dhaka-1216",1216
xlu5,Mithai - Mirpur 10(3),Mithai - Dhaka,Dhaka,,Cakes|Snacks|Dessert|Doi,4.7,12,50.0,9.0,0.0,23.8094665,90.3677567,"House: 2,Road: 4,Block: A,Section: 6, Mirpur, Dhaka 1216",1216
gg7o,Mithai - Mirpur 11,Mithai - Dhaka,Dhaka,,Cakes|Dessert|Doi|Fast Food,4.7,22,50.0,14.0,0.0,23.8182048,90.3656757,"11/A, Road #3, Plot #23, Pallabi, Mirpur",1216
ngh7,Shumi's Hot Cake - DOHS,Shumi's Hot Cake,Dhaka,,Cakes|Dessert|Fast Food,4.9,30,50.0,55.0,0.0,23.8364484,90.3766044,"Shop No. 21, Holding No. 34/49, Sagufta, DOHS Road, Mirpur",1216
zo4o,Mithai - Mirpur-11.5,Mithai - Dhaka,Dhaka,,Cakes|Snacks|Dessert|Doi|Fast Food,4.7,30,50.0,37.0,0.0,23.8246762,90.363876,"Pallabi Shopping Center,1st Floor,Shop No:36,Mirpur-11/5, Bus Stand, Dhaka-1216",1216
nd0e,Mithai- Mazar Road Gabtoli,Mithai - Dhaka,Dhaka,,Cakes|Dessert|Doi|Fast Food,4.2,20,50.0,9.0,0.0,23.78702255,90.34774795,"132/1 1st Colony ,Mazar Road , Darus Salam ,Mirpur,Dhaka-1216",1216
nmat,Domino's Pizza Shewrapara,Domino's Pizza,Dhaka,,Italian|Mediterranean|Pizza|Western,4.5,30,0.0,,25.0,23.788539,90.376382,"House – 584/1, Begum Rokeya Sarani, Shawrapara, Mirpur, Dhaka- 1216, Bangladesh",1216
v2z5,Mithai - Shewrapara,Mithai - Dhaka,Dhaka,,Cakes|Snacks|Dessert|Doi|Fast Food,4.3,23,50.0,37.0,0.0,23.79286375,90.37474795,"970, east Shewrapara. Begum rokeya shoroni",1216
ilwv,Mithai-Mirpur 2,Mithai - Dhaka,Dhaka,,Cakes|Dessert|Doi|Fast Food,4.1,1,50.0,9.0,0.0,23.8044112,90.3626678,"7/5 Main Road, Mirpur -02",1216
zabg,Mithai - Kazipara 2,Mithai - Dhaka,Dhaka,,Cakes|Dessert|Doi|Fast Food,4.6,6,50.0,9.0,0.0,23.7972222,90.3726398,"Kajipara Central Mosjid,Kajipara,Mirpur,Dhaka.",1216
cyta,Mithai - Taltola Agargaon,Mithai - Dhaka,Dhaka,,Cakes|Dessert|Doi|Fast Food,4.7,20,50.0,28.0,0.0,23.7834974,90.3755672,"93/1 elit sarder complex,, west kafrul Taltola",1207
whua,Meatbox Fried Delish - Dhanmondi,Meatbox Fried Delish,Dhaka,,Wraps|Chinese|Asian,4.3,30,50.0,103.0,60.0,23.7531933,90.3776566,"2nd Floor Meem Tower,104 shukrabad,Mirpur Road, Dhaka - 1209",1209
yaib,Tehari Ghor Orchid,Tehari Ghor Orchid,Dhaka,,Indian|Biryani|Asian,4.5,30,50.0,78.0,50.0,23.7555878,90.375645,"Shop no: 2, House no. 2 , Orchid Plaza, Mirpur rd, Rd: 28 , Dhanmondi, Dhaka-1209",1209
id52,Shorisha Bari - Dhanmondi,,Dhaka,,Rice Dishes|Beverage,4.6,30,50.0,103.0,50.0,23.7519375,90.3678125,"House 260, Road 27 (Old), Road 16 (New), Dhanmondi R/A, Dhaka-1209",1209
brj1,Rice & Fry Corner - Dhanmondi,The Rice & Fry Corner,Dhaka,,Snacks|Rice Dishes|Burgers|Western|Fast Food,4.2,26,50.0,103.0,60.0,23.7532232,90.3776673,"2nd Floor Meem Tower,104 shukrabad,Mirpur Road, Dhaka - 1209",1209
c83p,Cheez - Mohammadpur,Cheez,Dhaka,,Italian|Mediterranean|Pizza|Western,4.9,30,50.0,70.0,60.0,23.7682791,90.3591613,"House Name: Ghazi Villa, House:16/14. Haji Chinumiya Road. Block- F, Joint Quarter Mohammadpur (tikka para), Dhaka 1207.",1207
hpso,Snackerz - Dhanmondi,Snackerz,Dhaka,,Fast Food,4.5,30,50.0,103.0,65.0,23.7529433,90.378131,"95 Sukrabad, Dhanmondi. (opposite lalbag birayani)",1209
xxpv,Rice Lab - Dhanmondi,Rice Lab - Mirpur,Dhaka,,Rice Dishes|Chinese|Asian|Fast Food,4.2,30,50.0,103.0,55.0,23.7531797,90.3776264,"2nd Floor Meem Tower,104 shukrabad,Mirpur Road, Dhaka - 1209",1209
nko9,Smashed Burgers - Dhanmondi,Smashed Burger,Dhaka,,Snacks|Burgers|Western,4.8,30,50.0,103.0,55.0,23.7512716,90.3677164,"Smashed Burgers, Level-2, Plot-75 (New), Concord Sohel Square, Satmasjid Road, Dhanmondi, Dhaka",1209
p66p,Herfy - Dhanmondi,Herfy,Dhaka,,Chicken|Meat|Burgers|Western|Fast Food,4.9,30,50.0,78.0,50.0,23.7536341,90.3704843,"Plot No: 38/2, Road No. 16 (New), 27 (Old), Dhanmondi R/A, 1209",1209
lb5h,Sobhanbag Tehari Ghor,Sobhanbag Tehari Ghor,Dhaka,,Rice Dishes|Dessert,4.5,30,50.0,103.0,50.0,23.753986,90.376563,"House: 2, JJ Mansion, Sobhanbag, Dhanmondi, Dhaka 1205",1205
x8em,Boom Boom Burger,Boom Boom Burger,Dhaka,,Snacks|Burgers|Western,4.5,30,50.0,103.0,60.0,23.7529433,90.378131,"95 Sukrabad, Dhanmondi. (opposite lalbag birayani)",1209
b41r,Waffle Up - Dhanmondi,Waffle Up,Dhaka,,Dessert,4.9,30,50.0,103.0,60.0,23.7482649,90.369711,"758 , Satmasjid Road, opposite of abahoni field, Dhaka 1209",1209
klch,Pick a Bowl,,Dhaka,,Fast Food,4.6,30,50.0,103.0,60.0,23.7511674,90.3678927,"House-774,Satmosjid Road, opposite of chayanat, (same building of mum and the little one), Dhanmondi, Dhaka",1209
zgnn,Teheri Ghor (Mohammadpur),Teheri Ghor (Gulshan-1),Dhaka,,Rice Dishes|Beverage|Indian|Biryani|Asian,4.1,2,50.0,78.0,45.0,23.7570074,90.3618779,"1, 5 Satmasjid Road, Opposite of Allah Karim Mosjid Dhaka",1207
lllq,Fries & Rice - Dhanmondi,Fries & Rice,Dhaka,,Chicken|Rice Dishes|Meat|Fast Food,4.6,30,50.0,103.0,60.0,23.7531951,90.37762555,"2nd Floor Meem Tower,104 shukrabad,Mirpur Road, Dhaka - 1209",1209
z2hb,Pizzaology - Dhanmondi,Pizzaology - Dhaka,Dhaka,,Snacks|Italian|Mediterranean|Pizza|Burgers|Western|Fast Food,4.5,30,50.0,103.0,65.0,23.7532051,90.3776637,"2nd Floor Meem Tower,104 shukrabad,Mirpur Road, Dhaka - 1209",1209
wf55,The Aromatic Rice - Dhanmondi,The Aromatic Rice - Gulshan,Dhaka,,Chicken|Rice Dishes|Meat|Chinese|Asian,4.6,30,50.0,103.0,60.0,23.7531938,90.3775826,"2nd Floor Meem Tower,104 shukrabad,Mirpur Road, Dhaka - 1209",1209
fjqc,Wrap & Meat Box - Dhanmondi,Wrap & Meat Box,Dhaka,,Wraps|Snacks|Middle Eastern|Shawarma|Fast Food,4.5,30,50.0,103.0,65.0,23.7531982,90.3776189,"2nd Floor Meem Tower,104 shukrabad,Mirpur Road, Dhaka - 1209",1209
k7kd,27 A Bangali,,Dhaka,,Turkish|Kebab|Snacks|Middle Eastern|Bangladeshi|Asian,3.8,15,50.0,103.0,60.0,23.75197031,90.36756019,"House - 60, Road: 16 (New), 27 (Old), Dhanmondi R/A",1209
qm4j,Shikder Live Pizza,,Dhaka,,Snacks|Curry|Italian|Pasta|Mediterranean|Pizza|Burgers|Western,4.1,23,50.0,68.0,65.0,23.763035,90.3605666,"Tajmahal Road, House number-25/07, Block-C, Tajmahal Road ,food court, 1 Mohammadpur  Dhaka, Bangladesh",1
m70b,Habanero,,Dhaka,,Soups|Dessert|Chinese|Burgers|Western|Asian|Fast Food|Dumpling,4.5,30,50.0,103.0,70.0,23.74711335,90.3683552,"137, Modhubazar, West Dhanmondi, Dhaka",1207
pjmj,The Cozy Bean,,Dhaka,,Beverage|Dessert|Fast Food,4.8,14,50.0,78.0,55.0,23.7555935,90.37441695,"Road No. 16 Dhanmondi, beside Rapa plaza",1209
oy5p,New Hanif Biryani - Keari Plaza,New Hanif Biryani,Dhaka,,Indian|Biryani|Asian,4.6,30,50.0,133.0,55.0,23.7441633,90.3724529,"Keari Plaza, Shop-108, House-83, Road-8/A, Dhanmondi, Dhaka-1209",1209
e208,Burger Beat - Dhanmondi,Burger Beat,Dhaka,,Burgers|Western,4.8,8,50.0,103.0,60.0,23.7531869,90.3776556,"2nd Floor Meem Tower,104 shukrabad,Mirpur Road, Dhaka - 1209",1209
uzur,Burger xpress - Dhanmondi,Burger xpress,Dhaka,,Burgers|Western|Fast Food,0.0,0,50.0,103.0,60.0,23.7529433,90.378131,"95 Sukrabad, Dhanmondi (Opposite Lalbag Birayani, Dhaka-1209)",1209
awhg,Dream Burger - Dhanmondi,Dream Burger,Dhaka,,Burgers|Western|Fast Food,4.2,30,50.0,103.0,60.0,23.7531996,90.3776365,"2nd Floor Meem Tower,104 shukrabad,Mirpur Road, Dhaka - 1209",1209
tybh,Bleecker BD,,Dhaka,,Sandwiches|Burgers|Western,4.3,30,50.0,78.0,70.0,23.75337415,90.3636355,"Jafrabad Rd 369/1 Jafrabad , Ittder mor, Mohammadpur Dhaka, 1207 Mohammadpur, Dhaka, Bangladesh",1207
zp1j,Kitchen O1 - Mohammadpur,,Dhaka,,Snacks|Rice Dishes|Dessert,0.0,1,50.0,68.0,55.0,23.75928405,90.36435757,"11 Azam Rd, Azam Rd, 11",1207
y7oq,Savage Spoon,,Dhaka,,Snacks,4.5,11,50.0,103.0,75.0,23.7505158,90.3664276,"45 Samad Mollah House., House no. 45 Sankar Moshjid Road. Last Building, 1207 Dhanmondi, Dhaka, Bangladesh",1207
yb7f,Bowl It Up,,Dhaka,,Snacks|Fast Food,0.0,0,50.0,44.0,38.0,23.772847,90.36529952,"Pisciculture Housing Society Block-Ka, Shyamoli, Dhaka-1207 (Shyamoli Park Maath, Near Shefa Hospital)",1207
c2bt,Mithai - Shyamoli Cinema Hall,Mithai - Dhaka,Dhaka,,Cakes|Dessert|Doi|Fast Food,4.5,12,50.0,49.0,38.0,23.7747188,90.3652073,"Shop No #38, Shyamoli Cinema Hall Market",1207
t9uv,City Garden Chinese - Shyamoli,City Garden Chinese - Shyamoli,Dhaka,,Chicken|Snacks|Rice Dishes|Seafood|Meat|Chinese|Asian,4.1,6,50.0,49.0,38.0,23.772819,90.367016,22/12 Shyamoli ( opposite of shishu mela),1207
p9bp,Mughal Shahi Biryani,,Dhaka,,Rice Dishes,0.0,0,50.0,49.0,38.0,23.7717144,90.3668406,"Khilji Rd 20 Dhaka shymoli, 1207 Mohammadpur, Dhaka, Bangladesh",1207
k5cg,Dostorkhan-e-Pakistani Karahi,,Dhaka,,Asian,0.0,0,50.0,44.0,38.0,23.7716688,90.3631163,"Gawsia Islamia Fazil Madrasah | Johuri Moholla, Mohammadpur, Babar Rd, 1207 Mohammadpur, Dhaka, Bangladesh",1207
tjsb,Deshi Food Shop (Adabor) - pandago,,Dhaka,,Bangladeshi|Asian,0.0,0,50.0,44.0,38.0,23.77164426,90.35869705,"Allaher Daan General Store, House No:280, Road No:02 Baitul Aman Housing Society, Adabor, Mohammadpur",1207
act6,Momo Burger,,Dhaka,,Chinese|Burgers|Western|Asian|Dumpling,4.4,1,50.0,63.0,38.0,23.76720783,90.35862612,"Infront of suchona community center, ring road, mohammadpur, dhaka",1207
suwf,Khana Pina,,Dhaka,,Curry|Fish|Seafood|Bangladeshi|Asian,0.0,0,50.0,63.0,38.0,23.7661639,90.3588734,"Mohammadpur,  iqbal rode, 1207 Mohammadpur, Dhaka, Bangladesh",1207
pfb1,Prithibir Rannaghar,,Dhaka,,Beverage|Indian|Biryani|Asian,4.1,7,50.0,63.0,38.0,23.7667453,90.3577225,"Shekhertek Road 3, Shekhertek Rd 3, 1207 Mohammadpur, Dhaka, Bangladesh",1207
ay2i,Bhorta Ghar,,Dhaka,,Bangladeshi|Asian,0.0,0,50.0,63.0,38.0,23.7691747,90.3554378,"Rajes Miar Bari, Nich Tala, Shekhertek 10 No PC Culture Housing
Basha No 27 ,1207 Mohammadpur, Dhaka, Bangladesh",1207
v4t9,Mayer Hater Halim,,Dhaka,,Asian,0.0,0,50.0,63.0,38.0,23.7659464,90.35768263,"Sekertec, Mohammadpur, House No-08, 1207 Mohammadpur, Dhaka, Bangladesh",1207
s68v,Puro Pastry & Bakery - Mohammadpur,Puro Pastry & Bakery - Dhaka,Dhaka,,Cakes|Dessert|Fast Food,4.8,30,50.0,68.0,38.0,23.76327232,90.3621087,"Z/22, Block#D , Tajmahal road ( opposite of bata), mohammadpur . Dhaka-1207.",1207
arct,Kitchen Story,,Dhaka,,Snacks|Fast Food,0.0,0,50.0,63.0,38.0,23.764461,90.3585535,"Japan Garden City, Building-11, Flat-1202, 1207 Mohammadpur, Dhaka, Bangladesh",1207
kmks,Chocojello,,Dhaka,,Snacks,0.0,0,50.0,63.0,38.0,23.77350655,90.35364261,"Bagdad apon nibash, House no: A/10, Road number:5, Shamoli housing 2, Nobodoy Bazar,, 1207 Mohammadpur, Dhaka, Bangladesh",1207
f2cr,Shumi'S Hot Cake - Taj Mahal,Shumi's Hot Cake,Dhaka,,Cakes|Dessert|Fast Food,4.9,27,50.0,68.0,38.0,23.7630921,90.36123135,"Y-14/ C, Taj Mahal Road/ Razia Sultana Road, Mohammadpur Dhaka-1207",1207
vg5a,The Daily Drip,,Dhaka,,Juice Corner|Beverage|Cafe,4.8,3,50.0,68.0,38.0,23.7630086,90.360401,"25/7, Block-C, Tajmahal road, Mohammadpur",1207
qit6,Ehan's Dine,,Dhaka,,Turkish|Kebab|Snacks|Middle Eastern,0.0,2,50.0,68.0,35.0,23.7621444,90.3626667,"Blue Point Pharmacy, Salimullah Road, Mohammadpur, Dhaka",1207
e781,Meat Hub,,Dhaka,,Turkish|Kebab|Snacks|Middle Eastern,0.0,0,50.0,68.0,35.0,23.7615152,90.3649554,"Sher Shah Suri Road, Eig gah math, Sher Shah Suri Rd, 1207 Mohammadpur, Dhaka, Bangladesh",1207
tnqx,The Food Club,,Dhaka,,Bangladeshi|Asian,0.0,0,50.0,63.0,38.0,23.76306214,90.35753266,"House 93, Rd No.1, 1207 Mohammadpur, Dhaka, Bangladesh",1207
rt4w,MOMO HOUSE NOORJAHAN ROAD,,Dhaka,,Snacks|Chinese|Bangladeshi|Asian|Dumpling,4.7,30,50.0,68.0,38.0,23.7614141,90.3610143,"U-43, Noorjahan Road, U-43, Nurjahan Rd MoMo House, 1207 Mohammadpur, Dhaka, Bangladesh",1207
jzd0,Bakers Plus - Nurjahan Road,Bakers Plus,Dhaka,,Bakery,4.2,4,50.0,68.0,38.0,23.76110335,90.36159755,"House - T/42, Nurjahan Road, Mohammadpur",1207
ya5c,Myth,,Dhaka,,Snacks|Beverage,0.0,1,50.0,63.0,38.0,23.7642269,90.3555655,"Mohammadia Housing Society, Road 5, Rd 5, 1207 Mohammadpur, Dhaka, Bangladesh",1207
fnbs,Hotel Green & Restaurant,,Dhaka,,Snacks|Curry|Rice Dishes|Bangladeshi|Asian,4.4,30,50.0,68.0,38.0,23.7602274,90.3653448,"House-15/11 Mohammadpur, Sher Shah Suri Rd, Dhaka 1207",1207
u7lw,Singapore Juice and Coffee Bar,,Dhaka,,Juice Corner|Beverage,4.8,30,50.0,68.0,38.0,23.759802,90.366406,"Mohammadpur, Town Hall Kacha Bazar, Main Road",1207
uze8,Swad Bilash,,Dhaka,,Rice Dishes|Bangladeshi|Asian,4.3,15,50.0,68.0,35.0,23.76158115,90.35733465,"Tushar Bhaban#34/A, Road No#1, Mohammadi Housing Ltd, Mohammadpur, Tushar Bhaban# 3rd floor,# Flat No #D1,Mohammadi Housing Ltd,, 1207 Mohammadpur, Dhaka, Bangladesh",1207
ry21,Mayer Hater Ranna,,Dhaka,,Curry|Bangladeshi|Asian,0.0,0,50.0,73.0,38.0,23.76705858,90.35116644,"Shekhertek Main Rd #06 Mission Goli, 1207 Mohammadpur, Dhaka, Bangladesh",1207
ck9f,Rosona,,Dhaka,,Snacks|Curry,4.8,30,50.0,73.0,38.0,23.7631025,90.3531344,"Flat- 5/A, house -18/1, road -11, mohammadi housing society, Mohammadpur Dhaka-",1207
yxc6,Kacchi Sakib,,Dhaka,,Rice Dishes,0.0,0,50.0,78.0,38.0,23.7602953,90.3563771,"মোহাম্মদপুর, মোহাম্মদিয়া হাউজিং কাঁচা বাজার(শিয়া মসজিদ)  দোকান নাম্বার :৭০/৭১",1207
wj7w,Deshi Food Shop (Lalmatia) - pandago,,Dhaka,,Bangladeshi|Asian,0.0,0,50.0,78.0,35.0,23.756981,90.367831,"Khokon General Store, 8/4, Block-B, Zakir Hussain Road, Lalmatia, Mohammadpur, Dhaka",1207
msph,Nook Kitchen,,Dhaka,,Bangladeshi|Asian,0.0,0,50.0,73.0,38.0,23.7638225,90.3495827,"1207 Mohammadpur, Dhaka, Bangladesh",1207
h0tv,Home Kitchen,,Dhaka,,Bangladeshi|Asian,0.0,0,50.0,78.0,35.0,23.75733016,90.35797721,"Mohammadpur, 11 Mohammadpur 7 mosjid madrasa road no.2 house no.11, 1207 Mohammadpur, Dhaka, Bangladesh",1207
w522,LUIGI S,,Dhaka,,Bangladeshi|Asian,0.0,1,50.0,78.0,35.0,23.7553727,90.36216055,"Waliz Anjuman Villa, 5/1 Confidence Tower Road, Satmasjid Road, Mohammadpur, 1207 Mohammadpur, Dhaka, Bangladesh",1207
po40,Authentic Catering,,Dhaka,,Bangladeshi|Asian,0.0,0,50.0,78.0,35.0,23.7548333,90.3711366,"Lalmatia,Dhaka 1205, House 2/4(kha) Block: C, 1205 মোহাম্মদপুর, ঢাকা, Bangladesh",1205
mqip,Silent Zone,,Dhaka,,Snacks|Rice Dishes,0.0,0,50.0,78.0,35.0,23.75426734,90.35860334,"ANAN,Mohammodpur, Road 5, House 5, Block B, Kaderabad Housing, Mohammodpur Mokbul Hossain College Area, 1207 Mohammodpur, Dhaka, Bangladesh",1207
t6po,Al Amar Lebanese Cuisine - Dhanmondi,Al Amar Lebanese Cuisine,Dhaka,,Turkish|Kebab|Rice Dishes|Middle Eastern,4.7,30,50.0,78.0,38.0,23.753027,90.369462,"4th Floor, 275/D, Rangs Nasim Square, Dhanmondi- 27",1209
vei7,Delifrance - Dhanmondi 27,Delifrance Gulshan Avenue,Dhaka,,Cakes|Beverage|Western|Fast Food,4.8,30,50.0,78.0,35.0,23.75306745,90.36978945,"Plot# 44, Road# 16, Dhanmondi 27, Dhaka-1209. (In Meena Bazar)",1209
mgqy,AppSweet,,Dhaka,,Snacks,0.0,1,50.0,103.0,35.0,23.7550684,90.376834,"parijat apartment, 2 no sobhanbag dhaka, 1205 Dhanmondi, Dhaka, Bangladesh",1205
o65r,Let's Vibe (Dhanmondi) - pandago,,Dhaka,,Bangladeshi|Asian,0.0,0,50.0,103.0,35.0,23.75196873,90.36407865,Jafrabad Road,1209
wlig,Desi Delight,,Dhaka,,Snacks,0.0,0,50.0,103.0,35.0,23.75126304,90.36620548,"House - 31, Hazi Bari, Road - 9/A, Khandaker Lane, Near The Pizzarolla, Shankar, Dhanmondi, Dhaka - 1209",1209
qsbs,Bengali Flavour,,Dhaka,,Curry|Rice Dishes|Fish|Seafood|Vegetarian|Bangladeshi|Asian,4.6,9,50.0,103.0,35.0,23.7494629,90.3665972,"Yousuf School Lane  House 65 West Dhanmondi 1209, 1209 Dhanmondi, Dhaka, Bangladesh",1209
pd9h,Shader Bangla Khabar,,Dhaka,,Bangladeshi|Asian,0.0,0,50.0,103.0,35.0,23.74936699,90.36063651,"Rayer Bazar, Mohammadpur, Mohammad Ali Khan, or Girip Goli Shesh Mathay, Haque Villa – 76/12 C, 1207 Dhanmondi, Dhaka, Bangladesh",1207
i896,Rondon Ghor,,Dhaka,,Bangladeshi|Asian,0.0,0,50.0,98.0,38.0,23.7515678,90.3530731,"Shahjalal Housing, Mohammadpur, Bosila Rd, 1207 Mohammadpur, Dhaka, Bangladesh",1207
ic53,Ginza,Ginza,Dhaka,,Rice Dishes|Japanese|Asian,4.9,26,50.0,103.0,38.0,23.7481822,90.3696934,"Plot - 758, Green City Center, 6th Floor, Satmasjid Road, Dhanmondi, Dhaka - 1209",1209
s8mp,Bella Italia - Dhanmondi,Bella Italia,Dhaka,,Italian|Pasta|Mediterranean|Pizza|Western,4.9,30,50.0,103.0,38.0,23.74747465,90.37084075,"ADC Empire plaza, (1st floor), Plot # 91, Road# 12/A, Shatmasjid Road, Dhanmondi, Dhaka- 1209",1205
fbih,Ahmed Bakers,,Dhaka,,Fast Food,0.0,0,50.0,103.0,35.0,23.74635436,90.36392512,"Rayer Bazaer tillaberi, Sadek Khan Rd 1, 1207 Mohammadpur, Dhaka, Bangladesh",1207
fezi,Zayka - Biriyani House,,Dhaka,,Curry|Indian|Biryani|Asian,4.2,30,50.0,103.0,38.0,23.74684567,90.37109033,"House - 99, Road - 11/A, Shat Masjid Road, Dhanmondi",1205
u82b,ALJIL,,Dhaka,,Snacks,0.0,0,50.0,127.0,38.0,23.7499033,90.3486362,"Romiza Garden (Bosila City Developers Ltd), Romiza Garden (Bosila City Developers Ltd) রোমাইজা গার্ডেন (বসিলা সিট, 1207 Bosila, Dhaka, Bangladesh",1207
lgrj,Restaurant Swiss,,Dhaka,,Italian|Mediterranean|Western,3.5,10,50.0,133.0,35.0,23.7457,90.35962045,"Grace Torab Apartment, 32, rayerbazar (Grace Torab Apartment,B12), near sadek pump, dhaka., 1215 হাজারীবাগ, ঢাকা, Bangladesh",1215
foia,Crisp - Chef's Table Dhanmondi,Crisp,Dhaka,,Burgers|Western|Fast Food,4.8,30,50.0,133.0,38.0,23.7446778,90.372869,"House# 80, Road# 8/A, Satmashjid Road, Dhanmondi, Dhaka 1209",1209
sptm,Indulge - Chef's Table Dhanmondi,Indulge,Dhaka,,Beverage|Dessert|Fast Food,4.9,6,50.0,133.0,38.0,23.74466955,90.37283445,"House# 80, Road# 8/A, Satmashjid Road, Dhanmondi, Dhaka 1209",1209
kdop,Greens & Seeds - Chef's Table Dhanmondi,Greens & Seeds,Dhaka,,Healthy,4.5,30,50.0,133.0,38.0,23.7444789,90.3728443,"House# 80, Road# 8/A, Satmashjid Road, Dhanmondi, Dhaka 1209",1209
qh5o,Ghorer Hashel,,Dhaka,,Curry|Bangladeshi|Asian,4.4,30,50.0,133.0,35.0,23.7435569,90.36666155,"Rayer Bazar High School,  Mukti cinema hall, 1209 Dhanmondi, Dhaka, Bangladesh",1209
rwkw,Street Adda,,Dhaka,,Bangladeshi|Asian,0.0,1,50.0,133.0,35.0,23.74433149,90.37302338,"15, Road No. 8A, 15 Road No. 9A, Road No. 9A 15, 1209 Dhanmondi, Dhaka, Bangladesh",1209
vpuh,Shila's Kitchen,,Dhaka,,Curry|Bangladeshi|Asian,0.0,0,50.0,133.0,35.0,23.74136902,90.36335774,"Tali office Road, Tali office Rd tali office panir pump, 1205 Dhanmondi, Dhaka, Bangladesh",1205
czju,Fish n Fry - F F Mart,,Dhaka,,Snacks,0.0,2,50.0,143.0,38.0,23.74418261,90.34931264,"Road 3 (Main Road), 1207 Bosila, Dhaka, Bangladesh",1207
ceyj,Noor Biryani House - Shyamoli,,Dhaka,,Rice Dishes|Indian|Biryani|Asian,4.1,6,50.0,49.0,38.0,23.7742916,90.36564915,House-6 Khilji Road Shamoly Mohammadpur Dhaka-1207,1207
nsdk,London House,,Dhaka,,Italian|Beverage|Mediterranean|Pizza|Burgers|Western|Fast Food,0.0,0,50.0,44.0,38.0,23.7696127,90.3630136,"Metropolitan housing Society ,Babr Road, 35 Camper Bazer ,Balur Mat, 1207 Mohammadpur, Dhaka, Bangladesh",1207
u4cw,Pizza Burg - Mohammadpur,Pizza Burg,Dhaka,,Italian|Mediterranean|Pizza|Western,4.8,30,50.0,49.0,38.0,23.7712589,90.3594502,"Shiuly plot No. 1107/A, 1105,B Society, Adabor Thanar pase",1207
p1xq,Green & Grains,,Dhaka,,Snacks|Curry,0.0,0,50.0,63.0,38.0,23.7705638,90.3577907,"827/B/A, adabor 4, Mohammadpur",1207
seng,Shaila's Kitchen,,Dhaka,,Curry|Bangladeshi|Asian,4.8,26,50.0,63.0,38.0,23.7671162,90.3599935,"Krishi Market,  6d/11,12 (mukti jhoddha tower)krishi market majar mosjid er pichoner building, 1207 Mohammadpur, Dhaka, Bangladesh",1207
km3f,Coffee House,,Dhaka,,Juice Corner|Italian|Pasta|Beverage|Mediterranean|Burgers|Western|Fast Food,0.0,1,50.0,70.0,38.0,23.7656349,90.3612119,"COFFEE HOUSE @DHAKA, Tajmahal Rd Tajmahal Road, H-20/7, 1207 Mohammadpur, Dhaka, Bangladesh",1207
t0y3,Rater Kabab,,Dhaka,,Turkish|Kebab|Middle Eastern,0.0,2,50.0,63.0,38.0,23.7671183,90.3585689,"Mohammadpur,  Suchona community Center, 1207 Mohammadpur, Dhaka, Bangladesh",1207
zve3,Hot Plate,,Dhaka,,Snacks,0.0,0,50.0,70.0,38.0,23.76695163,90.35837286,"31/11 Tajmahal Road, Mohammadpur beside Mohammadpur Krishi Market, 1207 Mohammadpur, Dhaka, Bangladesh",1207
mjsx,Vortha Ghor,,Dhaka,,Bangladeshi|Asian,0.0,0,50.0,63.0,38.0,23.7740437,90.3554654,"Adabor Alif housing House 526, 1207 Mohammadpur, Dhaka, Bangladesh",1207
a5ww,Shayaan's Kitchen,,Dhaka,,Snacks|Italian|Mediterranean|Pizza|Western,3.6,12,50.0,63.0,38.0,23.7700339,90.3558452,Shekhertek Main Rd 12 Shakhertek 12 House 19 opposite Daily shopping,Adabor
moa4,Big Q - Mohammadpur,THE BIG Q,Dhaka,,Burgers|Western|Fast Food,4.0,7,50.0,68.0,38.0,23.76330981,90.36235001,"H.I. Khan Trade Centre, House: 23, 24, Block # D, Tajmahal Road, Mohammadpur, Dhaka 1207",1207
ypm5,8 Number Dokan - Mohammadpur,8 Number Dokan (Kitchen),Dhaka,,Rice Dishes|Fast Food,4.3,30,50.0,68.0,38.0,23.76330981,90.36235001,"H.I. Khan Trade Centre, House: 23, 24, Block # D, Tajmahal Road, Mohammadpur, Dhaka 1207",1207
oc07,Pritom Burger - Mohammadpur,Pritom Burger - (Kitchen),Dhaka,,Burgers|Western|Fast Food,2.9,30,50.0,68.0,38.0,23.76330981,90.36235001,"H.I. Khan Trade Centre, House: 23, 24, Block # D, Tajmahal Road, Mohammadpur, Dhaka 1207",1207
y3oc,Adorsho Bangla Hotel,,Dhaka,,Curry|Bangladeshi|Asian,2.4,3,50.0,68.0,38.0,23.7626949,90.3635478,Close Waffle time mohammadpur Dhaka-1207,1207
zsk7,Peshwari Kabab,,Dhaka,,Turkish|Kebab|Curry|Middle Eastern|Beverage|Faluda,3.8,30,50.0,68.0,38.0,23.76297544,90.36127623,"Razia Sultana Road, Razia Sultana Rd Y- 14 C, Tajmahal Road, Mohammadpur Dhaka, 1207 Mohammadpur, Dhaka, Bangladesh",1207
zp43,Food Bar,,Dhaka,,Bangladeshi|Asian,0.0,0,50.0,68.0,35.0,23.7622503,90.3627986,"Salimullah road, 8\5 Salimullah road flat number 2nd Flore lokma goli, 1207 Mohammadpur, Dhaka, Bangladesh",1207
pu9w,Roadside Kitchen Dhanmondi,Roadside Kitchen,Dhaka,,Chicken|Snacks|Meat,0.0,0,50.0,68.0,38.0,23.7623871,90.3612209,3 ব্লক#ডি,1209
sbic,Shutki house,,Dhaka,,Curry|Rice Dishes|Bangladeshi|Asian,2.8,14,50.0,63.0,38.0,23.7635305,90.3582988,"Japan Garden City, Building #4, Flat -1302,  Mohammdpur, Dhaka,1207",1207
f87s,Momo Panda,,Dhaka,,Bangladeshi|Asian,0.0,0,50.0,68.0,35.0,23.7616715,90.3649028,"22 no building, 22no house / sher sha suri road Mohammadpur dhaka, 1207 Mohammadpur, Dhaka, Bangladesh",1207
vwsg,Chittagong Xpress,,Dhaka,,Curry|Rice Dishes|Bangladeshi|Asian,4.7,8,50.0,63.0,38.0,23.76839875,90.353633,"House - 20, Road: 08, ( Rafique Housing Society), Near Ankur Tower, Smile Food Corner er Pasher Road, Shekhertek, Mohammadpur, Dhaka - 1207",1207
xjjt,Cafe Appleians,,Dhaka,,Beverage|Cafe,4.1,4,50.0,68.0,38.0,23.7626108,90.3593901,"Shop: 24/22, Taj Mahal Road, Mohammadpur (মোহাম্মদপুর কেন্দ্রীয় কলেজের রাস্তার বিপরীত পাশে)",1207
rmlv,Azmira's Kitchen,,Dhaka,,Snacks|Rice Dishes,0.0,2,50.0,68.0,35.0,23.7608087,90.3676521,"11/9, Iqbal Road, Block-A, Mohammadpur, Dhaka-1207",1207
rr74,Prim Khanapina,,Dhaka,,Snacks|Beverage|Fast Food,4.3,23,50.0,70.0,38.0,23.770591,90.35075446,"Rd No. 10 20a 712/18, NEEL PODDO, Flat 3A, 1207 Mohammadpur, Dhaka, Bangladesh",1207
en5k,Blossom Cafe & Restaurant,,Dhaka,,Soups|Seafood|Fast Food,0.0,1,50.0,68.0,38.0,23.7599828,90.3615882,"House-P/24, Road-6, Nurjahan Road, Mohammadpur",1216
on02,Momo Mama Townhall,,Dhaka,,Chinese|Asian|Fast Food|Dumpling,4.2,7,50.0,68.0,35.0,23.75959495,90.36603625,"Mohammadpur community Center, Dhaka 1207",1207
qkwe,Goroa Shaad by Fatiha,,Dhaka,,Curry|Rice Dishes,0.0,2,50.0,78.0,35.0,23.7611706,90.3568178,"Mohammadia Housing Limited, Road 2, 1207 Mohammadpur, Dhaka, Bangladesh",1207
il9f,Fiery & Spicy,,Dhaka,,Fast Food,3.2,1,50.0,78.0,35.0,23.7589795,90.3620558,"Mohammadpur,  N/4 Nurjahan road mohammadpur Dhaka, 1207 Mohammadpur, Dhaka, Bangladesh",1207
avsg,Matbakh,,Dhaka,,Curry|Rice Dishes|Bangladeshi|Asian,4.1,7,50.0,78.0,38.0,23.7594907,90.3591866,"Matbakh, G Bashbari Main Road 39 39/G Bashbari Main Road, 1207 Mohammadpur, Dhaka, Bangladesh",1207
br3x,Khaidaai,,Dhaka,,Rice Dishes,0.0,1,50.0,73.0,38.0,23.7637442,90.3513344,"Building No 11, Road no 01, Block B, Nabodoy Housing Society, Mohammadpur, Flat No A2, Bismillah pharmecy r goli, Samne ekta mudir dokan ase, 1207 Mohammadpur, Dhaka, Bangladesh",1207
bbmk,Zinia Thai Chinese Restaurant,,Dhaka,,Italian|Western|Fried Chicken|Chicken|Rice Dishes|Pasta|Mediterranean|Soups|Noodles|Vegetarian|Meat|Chinese|Asian|Fast Food,4.7,4,50.0,78.0,38.0,23.756741,90.3610669,"1/1, Katasur sher-e-Bangla Road, West Side of Allah Karim Mashjid Mohammadpur Dhaka-1207",1207
sjli,Barakah Bites,,Dhaka,,Bangladeshi|Asian,0.0,0,50.0,78.0,35.0,23.7556189,90.3673711,"Lalmatia, shoptoborno, House number 4/5, block E flat b3, 1207 Mohammadpur, Dhaka, Bangladesh",1207
h6wf,Roast Pulao & Bhorta Bhat,,Dhaka,,Curry|Rice Dishes|Bangladeshi|Asian|Khichuri,4.8,30,50.0,78.0,38.0,23.7548652,90.3617479,"49/2,katasur,Mohammadpur Dhaka-1207",1207
x05n,Khorak,,Dhaka,,Snacks|Burgers|Western,4.0,6,50.0,78.0,35.0,23.7547236,90.3615287,"Kaderabad Housing Society কাদেরাবাদ হাউজিং সোসাইটি, Road Kaderabaad Housing Road.",1207
sc1d,Tahamina's Kitchen,,Dhaka,,Curry|Rice Dishes|Bangladeshi|Asian,0.0,2,50.0,73.0,38.0,23.7576953,90.3520356,"Bhanga Mosque, Satmasjid Housing, Road 5, Bari No. 3, Mohammadpur, Dhaka. Right past the lift, No. 8.",1207
zjdg,The Birdman Chikin,The Birdman Chikin,Dhaka,,Korean|Asian,3.7,25,50.0,78.0,35.0,23.75452203,90.37151797,"House - 28/A, South Pride, Flat - D3, Road - 16 ( Old 27), Near Transcom Digital Showroom and Oxford International School, Dhanmondi",1209
khw1,Cafe Sao Paulo- Dhanmondi,Cafe Sao Paulo - Gulshan,Dhaka,,Snacks|Italian|Pasta|Beverage|Mediterranean|Sandwiches|Pizza|Dessert|Western,3.8,23,50.0,78.0,35.0,23.75557065,90.37442475,"Rancon, 390/B Road, 27 (old), (16 New). Dhanmondi, Dhaka. 1209 Dhaka, Bangladesh",1209
rydd,Banglar Mishti - Dhanmondi,Banglar Mishti,Dhaka,,Snacks|Beverage|Dessert,4.7,0,50.0,78.0,38.0,23.7548559,90.3728596,"352/A, Road 16, Dhanmondi, Dhaka 1209",1209
rea3,Cafe Vintage,,Dhaka,,Snacks|Beverage|Cafe|Sandwiches|Western,0.0,0,50.0,78.0,38.0,23.75415522,90.37098073,"House-275/KA, 2nd Floor, Road-27 (Old), 16 (New), Same Building of Vintage Convention Hall, Dhanmondi, Dhaka - 1209",1209
xvjb,Cafe Campfire,,Dhaka,,Beverage|Soups|Noodles|Dessert|Burgers|Western|Fast Food,0.0,0,50.0,78.0,38.0,23.7532298,90.3682334,"9/11, Block- D, Lalmatia, 1205 Mohammadpur, Dhaka, Bangladesh",1205
v59e,Sweet Kitchen,,Dhaka,,Snacks|Fast Food,0.0,1,50.0,78.0,35.0,23.7526331,90.3632104,"361/A/, Ittadir Mor, Jafrabad, Dhaka, 1207 Mohammadpur, Dhaka, Bangladesh",1207
zq0v,The Cloud Kitchen,,Dhaka,,Snacks|Italian|Pasta|Beverage|Mediterranean|Pizza|Burgers|Western|Fast Food,4.0,30,50.0,103.0,35.0,23.7554217,90.3771988,"Sobhanbag Rd 4 5/4 sobanbag, dadu villa , dhanmonndi 27",1212
mt9m,Bunny Bites,,Dhaka,,Chinese|Asian,4.9,9,50.0,103.0,35.0,23.75171165,90.36517585,"Jafrabad - Sanker Road, Jafrabad - Sanker Rd, 1209 Dhanmondi, Dhaka, Bangladesh",1209
tkhd,KOI Thé Dhanmondi,KOI Thé,Dhaka,,Beverage|Cafe,4.9,29,50.0,103.0,38.0,23.7514831,90.367585,"Ground Floor, CONCORD M K Heritage, 76 Satmasjid Road, Dhaka 1205",1205
vhow,Khabar Ghor,,Dhaka,,Curry|Rice Dishes|Bangladeshi|Asian,4.2,30,50.0,103.0,35.0,23.7513798,90.3635981,"House Name: Krishnachura (কৃষ্ণচূড়া)
​House No: 323/A/1
​Area: Jafarabad, Pulpar, Sankar
​City: Dhaka",1207
mm7d,An Food & Freshness,,Dhaka,,Snacks,0.0,0,50.0,98.0,38.0,23.7640635,90.3431162,"Flat-9b, house-58, road-2, block- a, dhaka uddan, location",1207
lpb8,Khushbu Biriyani,,Dhaka,,Rice Dishes,0.0,1,50.0,103.0,35.0,23.7513578,90.3720662,"Assurance Dipti, Rd Number 11 11",1209
bf9f,Pizza On Fire,,Dhaka,,Snacks|Italian|Beverage|Mediterranean|Pizza|Western,3.7,30,50.0,103.0,38.0,23.7537333,90.3788633,"House - 63/1, Sukrabad, Near Khandakar Pharmacy, Dhanmondi",1215
pfp1,Ghorey Delivery,,Dhaka,,Curry|Rice Dishes|Bangladeshi|Asian,0.0,0,50.0,98.0,38.0,23.75923243,90.34373131,"Chandrima Model Town, Chandrima Model Town, Ave # 1 House 20/A, 1207 Mohammadpur, Dhaka, Bangladesh",1207
d6k0,Cheezy Craft,Cheezy Craft,Dhaka,,Italian|Mediterranean|Pizza|Western|Fast Food,4.4,8,50.0,103.0,38.0,23.7535836,90.3802092,"House - 28/2 Sukrabad, Dhanmondi Dhaka 1207",1209
l7v4,Marufa's Kitchen,,Dhaka,,Bangladeshi|Asian,0.0,0,50.0,103.0,35.0,23.74964245,90.35920205,"Niribili housing, 257/1 Niribili housing sankar Dhanmondi Dhaka, 1209 Dhanmondi, Dhaka, Bangladesh",1209
atbk,Mousumi Homemade Rannagho,,Dhaka,,Curry|Rice Dishes,0.0,0,50.0,98.0,38.0,23.7570721,90.3454212,"নবীনগর হাউসিং, ঢাকা উদ্যান, মোহাম্মদপুর, বাসা নম্বর-১০১, রোড নম্বর-১৪, 1207 মোহাম্মদপুর, ঢাকা, Bangladesh",1207
kj9m,Ghorer Khabar,,Dhaka,,Bangladeshi|Asian,4.7,30,50.0,103.0,35.0,23.7489853,90.3669909,"Tazmins, Basa no: 90, shankar, Chairman goli. Dhanmondi Dhaka, 1209 Dhanmondi, Dhaka, Bangladesh",1209
vy9o,Fry & Steam,,Dhaka,,Snacks|Chinese|Asian|Dumpling,0.0,0,50.0,98.0,38.0,23.76190849,90.34125354,"Tanzim Villa, Dhaka Uddan Housing, Block D, Road 3, House 36 Mohammadpur., 1207 Mohammadpur, Dhaka, Bangladesh",1207
qcmg,The Dip Fry Dhanmondi,,Dhaka,,Burgers|Western|Fast Food,2.0,3,50.0,103.0,35.0,23.7483534,90.36366,10/2 jafrabad Rayer bazer community center  masjid opposite goli,1209
oc8u,Cafe Bleu - Panthapath,Cafe Bleu - Panthapath,Dhaka,,Rice Dishes|Beverage,4.9,3,50.0,103.0,35.0,23.7528397,90.38109855,"Union Heights Floor: 14+1,(KFC Building)55-2, west Panthapath",1205
gjbr,PP Five Star,,Dhaka,,Italian|Mediterranean|Pizza|Burgers|Western,4.8,14,50.0,103.0,35.0,23.7477699,90.3683564,"Road No 6 12 129/D , Dhanmondi 12/A, 1209 Dhanmondi, Dhaka, Bangladesh",1209
acks,Shawarma Damasco - Dhanmondi,Shawarma Damasco,Dhaka,,Snacks|Middle Eastern|Shawarma,4.8,30,50.0,103.0,38.0,23.74728364,90.37036411,"House No: 753, Ground Floor, Sat Masjid Road, Same Building of Beans & Aroma Coffees | Dhanmondi Branch, Dhanmondi, Dhaka - 1209",1209
d3eu,Naval Point,Naval Point,Dhaka,,Snacks|Beverage,4.8,30,50.0,103.0,38.0,23.74663486,90.37083548,"Plot - 49, Same Building of Kacchi Bhai Dhanmondi Branch, Satmasjid Road, Dhanmondi, Dhaka - 1209",1209
upz7,Fry King,,Dhaka,,Juice Corner|Chicken|Snacks|Beverage|Meat|Fast Food,0.0,1,50.0,103.0,38.0,23.74594041,90.36323148,"Rayer Bazar - Sanker Rd Rayer bazar, cng stand  police fare goli, 1209 Dhanmondi, Dhaka, Bangladesh",1209
n4z7,The Nawabi Zone,,Dhaka,,Chotpoti & Fuchka|Bangladeshi|Asian,0.0,3,50.0,103.0,35.0,23.74562902,90.36445816,"Haji Bhaban, Flat 4/b, 1209 Dhanmondi, Dhaka, Bangladesh",1209
z69c,Its Fuel’o Clock,,Dhaka,,Chicken|Snacks|Curry|Rice Dishes|Beverage|Seafood|Meat,0.0,0,50.0,133.0,38.0,23.746095,90.373775,"Road No. 9A, next to rustic eatery",1207
npsr,The Saffron Dynasty,,Dhaka,,Snacks|Curry|Rice Dishes|Bangladeshi|Asian|Thai,3.7,5,50.0,133.0,38.0,23.74541828,90.37148706,"42 & 43, Shat Masjid Road, Gawsia Twinpeak, Dhanmondi - 9/A, Dhaka - 1209",1209
iweq,Steam Sisters Kitchen BD,,Dhaka,,Bangladeshi|Asian,0.0,0,50.0,127.0,38.0,23.74930061,90.34765242,"Daimond 1, Bosila city developers /10 road /A block mohamadpur dhaka 1207,supreme beside building, 1207 বসিলা, ঢাকা, Bangladesh, 1207 Dhaka, Bangladesh",1207
f4hh,Route 66 - Chef’s Table Dhanmondi,Route 66,Dhaka,,Burgers|Western|Fast Food,4.6,5,50.0,133.0,38.0,23.7446663,90.372793,"House No 80, Road 8/A,  Satmasjid Road, Chef's Table, Dhanmondi",1209
ar6y,Utshob - Chef's Table Dhanmondi,UTSHOB,Dhaka,,Curry|Rice Dishes|Bangladeshi|Doi|Asian,4.5,27,50.0,133.0,38.0,23.7446071,90.3728024,"House# 80, Road# 8/A, Satmashjid Road, Dhanmondi, Dhaka",1209
h588,Alfredough - Chef's Table Dhanmondi,Alfredough ,Dhaka,,Italian|Mediterranean|Pizza|Western,4.7,10,50.0,133.0,38.0,23.74462525,90.3728826,"House - 80, Road - 8/A, Dhanmondhi",1209
hcnd,Wok Way - Chef's Table Dhanmondi,Wok Way,Dhaka,,Snacks|Noodles|Chinese|Asian,4.8,11,50.0,133.0,35.0,23.74451605,90.3729635,"Chef's Table, Level 3, House -80, Road -8/A, Dhanmondi,Dhaka-1209",1209
injz,Kebabs N Curries - Chef’s Table  Dhanmondi,Kebabs N Curries,Dhaka,,Turkish|Kebab|Curry|Middle Eastern,4.6,10,50.0,133.0,38.0,23.74449,90.3728569,"Unimart - Dhanmondi, Chef's Table ~ Dhanmondi, Satmasjid Road, Dhanmondi, Dhaka - 1209",1209
k20q,Utshob Sweets - Dhanmondi,Utshob Sweets - Centrepoint Airport,Dhaka,,Snacks|Sweets|Dessert,4.2,2,50.0,133.0,38.0,23.74440462,90.37280057,"House - 80, Road - 8/A, Dhanmondi",1209
t1f4,Sweets Lover - Dhanmondi,Sweets Lover,Dhaka,,Sweets|Dessert,0.0,0,50.0,133.0,38.0,23.7438313,90.370007,House-278/1 Road-8/A Dhanmondi Dhaka-1209,1209
woyi,Penny & Peter's Cafe,,Dhaka,,Italian|Pasta|Beverage|Mediterranean|Western,4.2,1,50.0,133.0,35.0,23.7425533,90.3742582,"Plot - 61, Anam Rangs Plaza, (5th floor), Road - 6/A, Satmasjid Road, Dhanmondi",1209
kx1c,Soha's Kitchen,,Dhaka,,,0.0,0,50.0,98.0,38.0,23.75439943,90.34374836,Block b road 7 house 7,1207
sg8q,Ghorer Ranna,,Dhaka,,,3.7,0,50.0,103.0,35.0,23.7459907,90.364225,"104/k/1,Rayer Bazar,(রায়ের বাজার পাবলিক টয়লেট সংলগ্ন)  Mohammadpur, Dhaka, 1209",1209
hups,Zakia Home Made Kitchen,,Dhaka,,,0.0,0,50.0,73.0,38.0,23.7642309,90.3503268,17/A Nobodoy housing Society Road-2 Block-B Mohammadpur,1207
e5su,Kitchen Foodmart,,Dhaka,,,0.0,0,50.0,78.0,35.0,23.75686491,90.36283147,k-16 Kazi Nazrul Islam Road,1207
z9xj,Mithai - Shekhertek,Mithai - Dhaka,Dhaka,,Cakes|Dessert|Doi|Fast Food,4.6,26,50.0,49.0,38.0,23.76782213,90.35722787,"House: 11, Road: 6, Shekhertek, Mohammapur",1207
sdaw,"Mithai - Tajmohol Road, Mohammadpur",Mithai - Dhaka,Dhaka,,Cakes|Dessert|Doi|Fast Food,4.7,15,50.0,49.0,38.0,23.7633393,90.3617919,"Z/19 Tajmohol Road, Mohammadpur",1207
q5i6,Shumi's Hot Cake - Mohammadpur,Shumi's Hot Cake,Dhaka,,Cakes|Dessert|Fast Food,4.9,30,50.0,49.0,38.0,23.76208805,90.3574693,"House no, 19 Rd No. 2, Dhaka 1207",1207
z6xi,Mithai - Mohammadia Housing Ltd,Mithai - Dhaka,Dhaka,,Cakes|Dessert|Doi|Fast Food,4.5,20,50.0,49.0,38.0,23.76178035,90.35663075,"Plot: 11, Main Road, Mohammadi Housing Ltd., Mohammadpur",1207
m5nz,Biriyani House,,Dhaka,,Snacks|Rice Dishes,0.0,0,50.0,68.0,35.0,23.7437575,90.3726365,"west Dhanmondi 8A, Building No. 168/3, 6th Floor, 1205 Dhanmondi, Dhaka, Bangladesh",1205
s9rc,Chatime - Dhanmondi,Chatime,Dhaka,,Beverage,4.6,30,50.0,78.0,0.0,23.73831745,90.3779988,"Khan ABC Tradeplex
House # 37, Road #2, Dhanmondi, Dhaka-1205",1205
f7te,Spice Avenue,,Dhaka,,Fast Food,2.6,5,50.0,78.0,35.0,23.7522121,90.3830711,"Design Spark, House: 23/1, North Dhanmondi, Kalabagan, Dhaka - 1205., 1205 Dhanmondi, Dhaka, Bangladesh",1205
fbwu,Omore's Cake Lab,,Dhaka,,Dessert,3.6,4,50.0,78.0,35.0,23.7522816,90.3832042,"N Dhanmondi Road, Kalabagan, 36, 23/1, Design Spark North Dhanmondi, Kalabagan, Dhaka, 1205 Dhanmondi, Dhaka, Bangladesh",1205
jgzs,Creamy Cake,,Dhaka,,Dessert,0.0,0,50.0,49.0,35.0,23.7501778,90.3627773,"76/2, pabna house lane jafrabad",1207
e2vv,Mithai Rayer Bazar,Mithai - Dhaka,Dhaka,,Cakes|Dessert|Doi|Fast Food,4.9,17,50.0,49.0,38.0,23.7454745,90.3627909,P9W7+54J Dhaka,1209
dws7,Tha Bangali Kitchen,,Dhaka,,Bangladeshi|Asian,4.5,8,50.0,49.0,35.0,23.74598125,90.3642483,"Rayer Bazar Gonoshochaghar, Songlogno, Rayer Bazar, 1209 Dhanmondi, Dhaka, Bangladesh",1209
fdf4,Shumi's Hot Cake - Shatmosjid,Shumi's Hot Cake,Dhaka,,Cakes|Dessert|Fast Food,4.9,30,50.0,68.0,38.0,23.74820695,90.36975965,"758 Shatmosjid Road Green City Center Gf -03, Dhanmondi C/A, Dhaka.",1205
r5eb,Khuda Lagche,,Dhaka,,Snacks|Beverage,0.0,0,50.0,68.0,35.0,23.74127655,90.36268046,"House - 295/Ja/3, Tali Office Road, West Dhanmondi",1209
yem3,Alpha Kitchen,,Dhaka,,Snacks|Italian|Pasta|Mediterranean|Burgers|Western,0.0,1,50.0,68.0,35.0,23.74094,90.3657245,"Tali office Rd 298 298 Talioffice Road Rayer Bazar Dhanmondi, 1209 Hazaribag, Dhaka, Bangladesh",1209
yj46,Cat's Special,,Dhaka,,Bangladeshi|Doi|Asian,0.0,0,50.0,68.0,35.0,23.7399113,90.3669976,"Sher a bangla road jame masjid (haji abul khayer nibas), Zigatola tollabag sher a Bangla road, 1205 Dhanmondi, Dhaka, Bangladesh",1205
t1bc,Cheez - Dhanmondi,Cheez,Dhaka,,Italian|Mediterranean|Pizza|Western,4.8,30,50.0,68.0,35.0,23.7446931,90.372102,"2nd Floor, Rangs KB Square, 736, Shat Mashjid Road, Dhanmondi, Dhaka",1209
lbjp,Wrapp'd BD,,Dhaka,,Snacks|Beverage,4.8,27,50.0,68.0,0.0,23.7394412,90.3691883,120 b moneshore road,1209
h1qh,Tasty Food Bd,Tasty Food Bd,Dhaka,,Snacks|Rice Dishes|Fast Food,3.4,4,50.0,68.0,35.0,23.74170125,90.3721975,House - 1-D/6. Road - 7A. 3rd floor. opposite ok kfc West DHanmondi. Dhaka,1209
onq7,The Juice & Bite Hub,,Dhaka,,Juice Corner|Snacks|Beverage|Cafe,3.2,6,50.0,68.0,0.0,23.7399519,90.3710134,"Salek Garden Kacha Bazar, Hazaribag, Dhaka",1100
ra54,Puro Pastry & Bakery -Satmasjid Road,Puro Pastry & Bakery - Dhaka,Dhaka,,Cakes|Dessert|Fast Food,4.9,28,50.0,68.0,38.0,23.7423113,90.374054,"Shop no 9-10, Ground Floor, Anam Rangs Plaza, House # 61, Satmasjid Road,Dhanmondi , Dhaka",1205
yht1,Happy Potato Bangladesh - Dhanmondi,,Dhaka,,Chicken|Snacks|Meat,4.8,25,50.0,68.0,35.0,23.74172662,90.37398077,"74 Sat Masjid Road, Bikolpa Tower Dhanmondi, Dhaka 1209",1209
nxwu,Rosonaboson,,Dhaka,,Snacks|Rice Dishes,0.0,2,50.0,68.0,0.0,23.7403777,90.373574,"Serenity,House 12,Road 4A ,Dhanmondi Dhaka 1209",1209
xwai,Monsi Home Kitchen,,Dhaka,,Bangladeshi|Asian,0.0,1,50.0,68.0,35.0,23.73987392,90.37314373,"Royal Hostel er pashe, Munshi Bari Road, Royal Hostel theke 20 pa shamne, Dhanmondi-1209, Dhaka, Bangladesh",1209
vpop,Grill and go,,Dhaka,,Turkish|Kebab|Snacks|Middle Eastern|Fast Food,1.2,5,50.0,78.0,35.0,23.7388706,90.3733762,"Dhaka Area: Dhanmondi 1209 Zigatola, House-23/3, Sonali Bank Goly, Zigatola, 1209 Dhanmondi, Dhaka, Bangladesh",1209
faak,Late Night Burger,,Dhaka,,Snacks|Burgers|Western,2.7,30,50.0,78.0,0.0,23.73886865,90.3734582,"Dhaka Area: Dhanmondi 1209 Zigatola, House-23/3, Sonali Bank Goly, Zigatola, 1209 Dhanmondi, Dhaka, Bangladesh",1209
x0n2,Bhoj Shobha,,Dhaka,,Turkish|Kebab|Curry|Rice Dishes|Middle Eastern|Beverage|Bangladeshi|Asian,4.2,30,50.0,78.0,35.0,23.75072904,90.37889016,"House - 64/2, Dolphin Goli, Lake Circus, Kalabagan, Dhanmondi",1205
lsaz,Shera Fries,Shera Fries,Dhaka,,Snacks,4.7,30,50.0,78.0,0.0,23.7387218,90.3755923,Road 2 Satmasjid Road,1209
lpag,Yum Yum The Cafe,Yum Yum The Cafe,Dhaka,,Rice Dishes|Italian|Pasta|Mediterranean|Sandwiches|Burgers|Western|Fast Food,3.4,1,50.0,78.0,35.0,23.74836665,90.38013875,"1 Lake Circuse, Kalabagan, Dhaka",1209
qtq4,Oozel,,Dhaka,,Dessert,0.0,0,50.0,78.0,35.0,23.7494526,90.3801284,"141/4
Dhali Bari
Kolabagan 
Dhanmondi",1209
dif1,Jhura Mangsho & More,,Dhaka,,Rice Dishes|Bangladeshi|Asian,4.3,9,50.0,78.0,0.0,23.73336625,90.3697734,"Nagar chowdhury villa, Sher-E-Bangla Rd 10, 1209 Hazaribag, Dhaka, Bangladesh",1209
kxvy,Romoni's Kitchen,,Dhaka,,Snacks|Rice Dishes|Beverage|Burgers|Western,0.0,1,50.0,109.0,38.0,23.7652233,90.3633083,"Tajmahal Rd 6 Near Kisoloy School And Collage, 1207 Mohammadpur, Dhaka, Bangladesh",1207
t5rz,Tehari Ghar- Kalabagan,Tehari Ghar,Dhaka,,Rice Dishes|Indian|Biryani|Asian,4.9,30,50.0,78.0,35.0,23.7474492,90.3803968,"House# 01 Road #10 Alta plaza Shop No #08 Kalabagan Bus Stop, Dhanmondi R/A",1205
b5ez,Food Land Fast Food Corner,,Dhaka,,Snacks|Rice Dishes,2.7,6,50.0,78.0,35.0,23.7473526,90.3812052,"FOODLAND Restaurant & Party center, kalabagan kalabagan fast len",1209
ehss,Sizzling Yard By Tdic,,Dhaka,,Asian|Thai,2.9,3,50.0,78.0,35.0,23.7376451,90.3772961,"Shop - 9030, 9th Floor, Shimanto Shomvar Food Court, Dhanmondi, Dhaka - 1209",1209
du5z,Quick Bite,,Dhaka,,Snacks|Rice Dishes|Soups|Burgers|Western,3.5,30,50.0,78.0,0.0,23.73751998,90.37721732,"Shimento Shombar, Food Court, (9th Floor)",1209
ps7w,Tabaq Coffee - Dhanmondi,Tabaq,Dhaka,,Beverage|Cafe|Sandwiches|Dessert|Western,4.9,30,50.0,78.0,0.0,23.7383559,90.3779601,"A2, Level 2, House 37, Road 2, Dhanmondi",1209
nu78,Moja,,Dhaka,,Curry|Rice Dishes|Bangladeshi|Asian,0.0,1,50.0,78.0,35.0,23.7492716,90.3815822,"Lake Circus Rd 35 35/5 Lake Circus Road, kalabagan,Dhaka, 1205 Panthapath, Dhaka, Bangladesh",1205
sn1q,Spicy Table,MeatZo,Dhaka,,Snacks|Rice Dishes|Italian|Pasta|Beverage|Mediterranean|Soups|Western|Fast Food,3.7,6,50.0,78.0,0.0,23.7375159,90.3775387,"Shop - 9014, 9th Floor, Shimanto Shambhar Shopping Complex, Road - 2, Dhanmondi",1205
eax5,Broken Hill Restaurant,,Dhaka,,Snacks|Rice Dishes|Soups,4.7,23,50.0,78.0,35.0,23.74738953,90.38163272,"House - 59, 1st Lane, Kalabagan, Dhanmondi",1209
gz0l,Hash Coffees & Intercontinental,,Dhaka,,Turkish|Kebab|Snacks|Rice Dishes|Middle Eastern|Beverage,1.1,0,50.0,78.0,0.0,23.73898568,90.37876593,"Rangs Fortune Square, Level 10 (A), Plot 32, Road 02, Dhanmondi, Dhaka - 1209",1209
mjmo,Yumific,,Dhaka,,Italian|Biryani|Bengali|Western|Bangladeshi|Curry|Mediterranean|Indian|Pizza|Burgers|Asian|Fast Food,3.8,7,50.0,78.0,35.0,23.7500085,90.38174355,"97 Lake Circus Kola Bagan, dhaka-1205",1205
s1id,Street Oven- Dhanmondi,Street Oven,Dhaka,,Italian|Mediterranean|Pizza|Western|Fast Food,4.3,30,50.0,78.0,35.0,23.7482054,90.3820154,"70 Kalabagan 2nd Ln, Dhaka 1205",1209
vpmx,Midnight Pizza,,Dhaka,,Italian|Mediterranean|Pizza|Western|Fast Food,3.0,1,50.0,78.0,0.0,23.7306683,90.3668183,6/1 kalunagar hazaribagh,1209
jc08,4M Kitchen,,Dhaka,,Curry,0.0,0,50.0,78.0,35.0,23.7495214,90.3821199,"Bikrompur villa 19 Lake Circus Rd, Lake Circus Rd 19, 1205 Dhanmondi, Dhaka, Bangladesh",1205
x7h7,SnackLoop0.2,,Dhaka,,Fast Food,0.0,0,50.0,78.0,35.0,23.7561357,90.380647,"20 Indira Rd, Farmget, 1215 Tejgaon, Dhaka, Bangladesh",1215
nz6i,Zaiqa Darbar,,Dhaka,,Curry|Rice Dishes,4.5,30,50.0,78.0,0.0,23.7375891,90.3785929,"House 45, road 1, 1205 Dhanmondi, Dhaka, Bangladesh",1205
fmux,Uncle Bobo's - Dhanmondi,Uncle Bobo's,Dhaka,,Beverage|Cafe|Fast Food,4.8,30,50.0,78.0,35.0,23.7379496,90.3789139,"House 33, Road 2, Dhanmondi, Dhaka",1209
rqig,Chameli's Kitchen,,Dhaka,,Curry|Bangladeshi|Asian,3.0,2,50.0,78.0,35.0,23.750916,90.3828684,"11 Lake circus Girls School Road Kala Bagan Dhanmondi. Dhaka 1205. Flat No. A8, Bangladesh",1209
hvus,Cravings Delight,,Dhaka,,Fast Food,0.0,0,50.0,78.0,35.0,23.7510683,90.3829719,"Basic Samsunessa Blessing, 11, Girl's school roa Lake Circus Kalabagan, North Dhanmondi (7A flat) Lake Circus Kalabagan, North Dhanmondi, 1205 Dhanmondi, Dhaka, Bangladesh",1205
rvuj,Grameen Taste,,Dhaka,,Curry|Rice Dishes,0.0,0,50.0,78.0,35.0,23.74888159,90.38339126,"west Building,  Bashir Uddin  Masjid, Bashir Uddin Rd , House No 100, Lv-5, 1205 Dhanmondi, Dhaka, Bangladesh",1205
hizq,Bangalian Shad,,Dhaka,,Curry|Rice Dishes|Bangladeshi|Asian,4.4,26,50.0,78.0,35.0,23.747387,90.3834731,Kolabagan 1 lane house no 30/1,1205
rq8h,SoulBowl Kitchen,,Dhaka,,Fast Food,4.3,30,50.0,78.0,35.0,23.75523055,90.38249995,"Najma Villa, 48g/3 West Rajabazar, 1205 Panthapath, Dhaka, Bangladesh",1205
rfjk,Wellness Cafe - Dhanmondi,Wellness Cafe - Dhanmondi,Dhaka,,Snacks|Beverage|Cafe,4.6,30,50.0,78.0,0.0,23.7421837,90.3827767,"Dhanmondi,  LABAID Specialized Hospital, Road 4, Dhanmondi, Dhaka",1205
i2lo,Have A Relax,,Dhaka,,Dessert|Fast Food,0.0,1,50.0,78.0,35.0,23.7558165,90.3825919,W Raza Bazar Rd 66 66/2 west raja bazar,4
sitg,Shantir Shad,,Dhaka,,Chicken|Curry|Fish|Seafood|Meat|Bangladeshi|Asian,0.0,1,50.0,78.0,35.0,23.74992,90.384337,"Navana Carnival, Bashir Uddin Rd, 69",1205
yhxw,Pizzafy - Dhanmondi,Pizzafy - Bailyroad,Dhaka,,Italian|Pasta|Mediterranean|Pizza|Burgers|Western,0.0,0,50.0,78.0,0.0,23.7405713,90.3826713,"Happy Arcade Shopping Mall, House 3, Road 3, Dhanmondi",1209
mu70,Bhorta Khor,,Dhaka,,Curry|Bangladeshi|Doi|Asian,4.5,30,50.0,78.0,35.0,23.7499322,90.3843717,"Navana Carnival, Bashir Uddin Rd 69 Flat-A6, House - 69, Navana Carnival, Bashir Uddin Road, Dhaka, 1205 Dhanmondi, Dhaka, Bangladesh",1205
p69u,Jhal Khor,,Dhaka,,Snacks|Curry|Rice Dishes|Fish|Seafood|Bangladeshi|Asian,4.0,12,50.0,78.0,35.0,23.7499341,90.3843792,"Navana Carnival, House-69, Flat-A6, Bashiruddin Road, North Dhanmondi Opposite of Lal Fokir Mazar, 1205 Dhanmondi, Dhaka, Bangladesh",1205
bxoa,Chacha Biryani House,,Dhaka,,Bangladeshi|Asian,4.9,27,50.0,103.0,0.0,23.72907985,90.3716452,"chacha Biryani House, 48/3 Moneshwar Road, Hazaribagh, Dhaka 1209. Beside Khalil Sardar Jame Mosque",১২০৯
xg4y,Sumaiya Chotpoti Fuchka,,Dhaka,,Chotpoti & Fuchka|Bangladeshi|Doi|Asian,4.7,30,50.0,103.0,0.0,23.729308,90.37225965,"House - 27/B, Ground Floor, Moneshwar Road, Khalil Sardar Jame Masjid 1st Lane, Near Khalil Sardar Jame Masjid, Hazaribagh, Dhaka - 1205",1205
g4av,Wonder Profiteroles,,Dhaka,,Dessert,4.9,30,50.0,103.0,35.0,23.7550053,90.3843603,"43-A/1, Indira Road, West Razabazar, Tejgaon, Dhaka",1215
tcwq,Pastry Paradise,,Dhaka,,Cakes|Dessert,0.0,3,50.0,103.0,35.0,23.7550053,90.3843603,"Indira Road, West Raja Bazar, House: 43 (A/1), farmgate, Dhaka 1215",1215
j5aq,Mr. Eclairs,,Dhaka,,Dessert,4.8,23,50.0,103.0,35.0,23.7550157,90.3844633,"43-A/1, Indira Road, West Razabazar, Tejgaon, Dhaka",1215
s8lk,Hazi Biriyani House - Green Road,Haji Biryani House - Uttara,Dhaka,,Indian|Biryani|Bangladeshi|Asian,2.2,30,50.0,103.0,35.0,23.7483208,90.38610385,"Hazi Biryani House, 54 Green Road, Kathal Bagan Mor, Dhaka",1205
r26z,Haji Biriyani - Green Road,Haji Biriyani,Dhaka,,Rice Dishes|Indian|Biryani|Asian,2.4,30,50.0,103.0,35.0,23.7482561,90.3862683,"54, Green Road, Green tower, Khatal Bagan mor, Kolabagan, Dhaka, Bangladesh",1205
ex8y,Ruma's Kitchen,,Dhaka,,Snacks|Curry|Rice Dishes,3.5,11,50.0,103.0,0.0,23.7280643,90.3718125,"Moneshwer Road Hazaribagh dhaka, 1209 Hazaribag, Dhaka, Bangladesh near by Khalil Sarder Jame Masjid",1209
s7hi,Roosters Peri Peri-Panthapath,Roosters Peri Peri,Dhaka,,Snacks,4.9,27,50.0,103.0,35.0,23.7515717,90.38648535,"57/12, East Razabajar, West Panthopath",1205
ujg9,Wrap Up - Panthapath,Wrap Up - Mohammadpur,Dhaka,,Wraps|Fast Food,4.6,4,50.0,103.0,35.0,23.7515833,90.3865152,"57/12, East Razabazar, West Panthopath, Dhaka",1215
yred,CP five Star - Green Garden Food Court,CP Five Star,Dhaka,,Chicken|Meat|Fast Food,4.7,16,50.0,103.0,35.0,23.7499422,90.3867683,"67/1,67/1B,Jam Jam Tower Green Road  Dhaka.",1205
m45h,Green Garden Fast Food,,Dhaka,,Italian|Pasta|Beverage|Mediterranean|Pizza|Western|Fast Food,2.1,2,50.0,103.0,35.0,23.74999577,90.38687916,"67/1,67, 1/B, ZAM ZAM Tower, Green Rd, Dhaka 1205",1205
n8af,Food Mart,,Dhaka,,Snacks,0.0,0,50.0,103.0,0.0,23.7380436,90.3841832,"Bashundhara Goli, Bashundhara Goli, 1205 Dhanmondi, Dhaka, Bangladesh",1205
rdjd,Night Cravers,,Dhaka,,Chinese|Asian,3.1,30,50.0,103.0,35.0,23.74557149,90.38675211,"31 Green Cor, 31, 1000 Dhanmondi, Dhaka, Bangladesh",1000
vkpi,TASTE HEAVEN,,Dhaka,,Fast Food,4.5,30,50.0,103.0,0.0,23.74260235,90.38622345,"Central Road, west end street house no. 13/D 2nd floor, 1205 Dhanmondi, Dhaka, Bangladesh",1205
m371,Midnight Express,,Dhaka,,Snacks|Burgers|Western,3.9,30,50.0,103.0,35.0,23.74551125,90.38688845,"31 green corner , green road",1211
fmgj,Foody,,Dhaka,,Snacks|Dessert,2.0,12,50.0,103.0,0.0,23.7418131,90.38623,Central road near ideal college 67/A talukdar bhobon,1209
w5sv,Jhal kutir,,Dhaka,,Rice Dishes|Bangladeshi|Asian,3.2,18,50.0,103.0,35.0,23.747457,90.3873256,"33 Alamin road. Hoque villa.1205,panthapath",1215
id3v,Ashik Burger & Pizza,,Dhaka,,Sandwiches|Burgers|Western|Fast Food,0.0,0,50.0,103.0,35.0,23.736407,90.383637,"Newmarket, ScienceLab, government teacher training college, Nayem er goli, 1205 Mirpur, Dhaka, Bangladesh",1205
oqtm,Hira’s Kitchen,,Dhaka,,Dessert|Fast Food,4.0,30,50.0,103.0,0.0,23.7418613,90.3862946,"Central Road, Central Rd Central Road, 1208 Dhanmondi, Dhaka, Bangladesh",1208
nhp9,Bread Basket - Bakery & Fast Food - Kathal Bagan,Bread Basket - Bakery & Fast Food,Dhaka,,Fast Food|Bakery,0.0,0,50.0,103.0,35.0,23.7481461,90.3873973,"236 Free School Street, Kathal Bagan, Dhaka",1205
ptwo,Protein Corner- Green Road,Protein Corner,Dhaka,,Snacks|Rice Dishes|Burgers|Western|Fast Food,4.8,30,50.0,103.0,35.0,23.7491924,90.38743,"Plot - 195/1, Free School Street, Near Prottoy Office Dhaka branch,  Kathal Bagan, Dhaka - 1205",1205
n3i9,Boishakhi Ranna Ghor,,Dhaka,,Curry|Rice Dishes|Fish|Seafood|Bangladeshi|Asian,3.3,8,50.0,103.0,35.0,23.7444683,90.3870854,"41 north road Vuter goli,dhanomdi",1209
osdj,Kacchi Bari,,Dhaka,,Rice Dishes|Indian|Biryani|Asian,3.4,30,50.0,103.0,0.0,23.73383,90.3822842,"নিউ মার্কেট কাঁচা বাজার,  Dhaka, ১২০৫ ধানমন্ডি, ঢাকা, Bangladesh",১২০৫
vg0w,Sumi's kitchen,,Dhaka,,Curry|Rice Dishes|Bangladeshi|Asian,0.0,0,50.0,103.0,35.0,23.7464477,90.3879228,"Shema Villa, Crescent Rd 159/A, 1205 Dhanmondi, Dhaka, Bangladesh",1205
w632,Momo’s Kitchen House - Dhanmondi,Momo’s Kitchen House,Dhaka,,Snacks|Chinese|Asian|Dumpling,4.8,30,50.0,103.0,35.0,23.7434653,90.387563,62 north road satarupa ladies tailor dhanmonbi 1205,1205
j568,Dream Bites,,Dhaka,,Bangladeshi|Asian,0.0,0,50.0,103.0,35.0,23.74192557,90.38716601,"Hanif Chisti Alo's Residence, House: 73/H/C, 73 Central Road, Dhanmondi, Dhaka 73/C Building er pashe soja golir vetore, 1205 Dhanmondi, Dhaka, Bangladesh",1205
syqz,Minhazuls Kitchen,,Dhaka,,Snacks|Bangladeshi|Asian,0.0,0,50.0,103.0,35.0,23.7472482,90.3884655,"Crescent Rd 52 49, Al- Amin road, 1205 Dhanmondi, Dhaka, Bangladesh",1205
mm4y,Creative Home Kitchen,Creative Home Kitchen,Dhaka,,Snacks|Curry|Rice Dishes|Dessert|Bangladeshi|Asian,4.0,30,50.0,103.0,35.0,23.7442913,90.3884995,"House: 29, 2nd floor, North Circular Road , Bhuter goli beside panir pump.",1205
oeuj,Creative Biriyani House,,Dhaka,,Rice Dishes|Indian|Biryani|Asian,2.1,30,50.0,103.0,35.0,23.7442913,90.3884995,"House: 29, 2nd floor, North Circular Road , Bhuter goli beside panir pump.",1205
styd,Home Kitchen,Home Kitchen,Dhaka,,Rice Dishes|Indian|Biryani|Bangladeshi|Asian,2.6,30,50.0,103.0,35.0,23.7442208,90.3885256,"house 7 , first floor, North Circular Road",1205
n3b7,Snacks Snooks,,Dhaka,,Turkish|Italian|Western|Wraps|Kebab|Chicken|Snacks|Middle Eastern|Pasta|Shawarma|Mediterranean|Sandwiches|Meat|Chinese|Burgers|Asian,2.1,30,50.0,103.0,35.0,23.7443194,90.3885759,"House 6 North Circular Road, 3rd floor, vuter goli panir pump construction building pasher bari",1205
t5v8,Misti Mukh,,Dhaka,,Dessert,3.1,30,50.0,103.0,35.0,23.7443194,90.3885759,"House: 29, 2nd floor, North Circular Road , Bhuter goli beside panir pump.",1209
x3cv,Best Home Kitchen,,Dhaka,,Curry|Rice Dishes|Bangladeshi|Asian|Khichuri,2.5,5,50.0,103.0,35.0,23.7443162,90.3885793,"House 6 North Circular Road, 3rd floor, vuter goli panir pump construction building pasher bari",1205
fj9y,ShaRuma's Kitchen,,Dhaka,,Snacks|Breakfast,0.0,0,50.0,103.0,0.0,23.73700157,90.38592692,"Elephant Road, 24/4, 1205 New Market, Dhaka, Bangladesh",1205
qd9z,The Roadside Eatery,,Dhaka,,Rice Dishes|Italian|Mediterranean|Pizza|Burgers|Western|Fast Food,4.3,30,50.0,103.0,35.0,23.7482539,90.3890638,"Kathalbagan,  224/2 free school street kathal bagan",1205
xkt6,WING,,Dhaka,,Snacks|Beverage,0.0,1,50.0,103.0,35.0,23.748523,90.389243,"North Dhanmondi, 40/22, 1205 Dhanmondi, Dhaka, Bangladesh",1205
kugd,Tasty Treat Kathalbagan Panthopoth,Tasty Treat,Dhaka,,Cakes|Dessert|Doi|Fast Food,4.8,9,50.0,103.0,35.0,23.74823707,90.38948864,"Plot - 233/B/3/1, Opposite of Jony Tower, Kathalbagan Bazar Road, Dhaka - 1205",1205
cf4a,PIZZA LAB,,Dhaka,,Italian|Mediterranean|Pizza|Western,0.0,0,50.0,103.0,35.0,23.7590102,90.3869851,"Farmgate Metro Rail Station,  Farmgate metro station opposite of suktara Hotel, 1215 Tejgaon, Dhaka, Bangladesh",1215
vkix,Ruchi Ghor,,Dhaka,,Curry|Rice Dishes,0.0,1,50.0,103.0,35.0,23.7565111,90.3881067,"119/A mostofa road,5th floor, Green road, Farmgate, Dhaka -1215",1215
j02f,Daily Deshi,,Dhaka,,Snacks|Rice Dishes,4.5,30,50.0,103.0,35.0,23.7611152,90.386243,"Bijoy Sarani - Tejgaon Link Rd 1 70/1 (Western Garden), 4 No Sheba Booth, Monipuripara Dhaka, 1215 Tejgaon, Dhaka, Bangladesh",1215
mhm0,Huzaifa's Kitchen,,Dhaka,,Curry|Bangladeshi|Asian,4.9,9,50.0,103.0,0.0,23.7367717,90.3869278,"Elephant Rd 324,Near star kabab, New Market, Dhaka-1205 , Bangladesh",1205
yvj2,Pimente,,Dhaka,,Curry|Rice Dishes|Bangladeshi|Asian,0.0,1,50.0,103.0,0.0,23.7388987,90.388636,"Vojjo Tel Kol, New Elephant Rd 236 Elephant road, Bata Signal, Vojjo tel koler goli, 257/1., 1205 Dhanmondi, Dhaka, Bangladesh",1205
uxqn,Mukti's kitchen,,Dhaka,,Cakes|Dessert,0.0,1,50.0,103.0,35.0,23.7432799,90.3900824,"403/1,Free School Street,dhanmondi",1209
dvi5,MR SHAWARMA,,Dhaka,,Snacks|Rice Dishes|Middle Eastern|Beverage|Shawarma|Burgers|Western,2.1,2,50.0,103.0,35.0,23.7513147,90.3905502,"Bashundhara City Shopping Complex,  Shop - 92,  Block - D, Level - 8, Tejgaon, Dhaka, Bangladesh.",1215
kdzg,Maria's Kitchen,,Dhaka,,Curry|Rice Dishes|Bangladeshi|Doi|Asian,4.8,30,50.0,103.0,0.0,23.743522,90.3902238,"৪০৩/১ সার্কুলার রোড ধানমন্ডি ঢাকা ১২০৫ ফ্রি স্কুল 

ইস্টর্ন প্লাজার পিছনে ধানমন্ডি উচ্চ বিদ্যালয় এর পশ্চিম দিকে এগিয়ে",1205
ls2j,Fresh Home kitchen,,Dhaka,,Curry|Rice Dishes|Fish|Seafood|Bangladeshi|Asian,4.5,30,50.0,103.0,0.0,23.74346856,90.39021504,"free schools street,dhanmondi,panthapath",1209
y555,Best Kitchen,,Dhaka,,Curry|Rice Dishes|Bangladeshi|Doi|Asian,4.9,30,50.0,103.0,0.0,23.7434138,90.3902083,403/1 circular road Dhanmondi Dhaka-1205,1205
fzcv,Homes Dine,,Dhaka,,Snacks|Curry|Rice Dishes|Fish|Seafood|Dessert|Bangladeshi|Asian,0.0,0,50.0,103.0,35.0,23.7435793,90.3903369,"Biswas Homeo Hall,hatirpul,dhanmondi",1209
jby7,KSV,,Dhaka,,Snacks|Sandwiches|Burgers|Western,0.0,0,50.0,103.0,35.0,23.7553802,90.3899056,"Angels' High School
Chan Kutir, 63/1, West, Tejturi Bazar Rd, 1215, BD",১২১৫
gsvn,Ghorer Korai,,Dhaka,,Bangladeshi|Asian,4.2,3,50.0,103.0,35.0,23.7628123,90.3868267,"Monipuripara, Gate-1,106/8/1",1215
wwvz,Mama Hotel & Restaurant,,Dhaka,,Curry|Fish|Seafood,4.2,9,50.0,103.0,0.0,23.73401396,90.38695235,"Shop No.: 3 Gawsol Azam Market, Nilkhet, Dhaka - 1205",1100
cib2,Da Mellow,,Dhaka,,Snacks|Italian|Pasta|Mediterranean|Pizza|Burgers|Western,0.0,0,50.0,133.0,35.0,23.74594543,90.3919519,"House - 310, Free School Street, Pukurpar Dhal, Sonargaon Road, Dhanmondi",1205
xewt,Bhojonshala Restaurant & Biryani House,,Dhaka,,Curry|Rice Dishes|Bangladeshi|Asian,0.0,0,50.0,133.0,35.0,23.7460299,90.3919954,"৩১০ ফ্রী স্কুল স্ট্রীট পুকুরপাড় ঢাল, বাংলা মোটরস, sonargaon road, kalabagan. dhaka",1205
ii8p,Sampan Food,,Dhaka,,Snacks|Beverage|Burgers|Western,0.0,0,50.0,133.0,0.0,23.74192192,90.39179463,"45, Free Street, Jahanara Bhaban, Sonargaon, Hatirpool Mor, Dhaka",1205
z6kl,Shake It First,,Dhaka,,Juice Corner|Snacks|Beverage,3.6,0,50.0,133.0,0.0,23.7421335,90.3920127,"Motalib plaza,  Shake it First , Ground Floor ,Motliab Plaza, Panthapath",105
gr2q,Home Made khabar,,Dhaka,,Curry|Bangladeshi|Asian,0.0,0,50.0,133.0,35.0,23.7621942,90.3890098,"Framgte monipuripara primary school er pashe Tejgaon Dhaka 1215.word 27 number, 104 house.",1215
xpyb,Juicy Juice Bar,,Dhaka,,Juice Corner|Beverage,0.0,0,50.0,133.0,0.0,23.73861,90.392979,"Beside of Bangladesh national Museum,    7 no, Ajij Super Market , Shabag, Dhaka-1000",1000
aid3,Muslim Biriyani,,Dhaka,,Rice Dishes,2.0,4,50.0,133.0,0.0,23.73839425,90.39291475,"Beside of Bangladesh Museum,    7 no, Ajij Super Market , Shabag",1000
ldfm,Home Made,,Dhaka,,,0.0,0,50.0,78.0,35.0,23.73423663,90.36543456,"Gojmohal Road, 3",1209
evaa,Aklima's Kitchen,,Dhaka,,,0.0,1,50.0,103.0,35.0,23.7426614,90.3847263,"Green Road, Green Square 10B",1209
x8vs,Deshi swad,,Dhaka,,,0.0,0,50.0,103.0,35.0,23.7518466,90.3865847,Panthapath,1215
la8f,CP Five Star - Panthapath,,Dhaka,,,0.0,0,50.0,103.0,35.0,23.7516705,90.3856011,"152/2/G, Panthapath, (Beside Health and Hope Hospital) Dhaka 1205, Bangladesh.",1207
ep6q,Mithai- Mohammadpur Bosila 40 feet,Mithai - Dhaka,Dhaka,,Dessert|Doi,4.2,8,50.0,49.0,38.0,23.75307903,90.35222347,"lat 1/5 road showpno Dhara housing, 40 Feet Muhammadpur, Dhaka",1216
rj87,Bakers Plus - Shia Masjid,Bakers Plus,Dhaka,,Snacks|Bakery,4.6,9,50.0,78.0,38.0,23.76228892,90.35884572,"Shop - Ga - 8, 17, Mohammadia Housing, Kacha Bazar, Mohammadpur",1207
n2qc,Delifrance - Dhanmondi,Delifrance Gulshan Avenue,Dhaka,,Cakes|Snacks|Beverage|Cafe|Dessert,4.7,30,50.0,68.0,30.0,23.7383397,90.3779659,"Location: Plot# 37, Road# 02, Dhanmondi, Dhaka 1st Floor",1209
e39r,Tehari Ghor Orchid - Sukrabad,Tehari Ghor Orchid,Dhaka,,Indian|Biryani|Bangladeshi|Asian,3.6,30,50.0,68.0,25.0,23.75261905,90.37817,"97/1 শুক্রাবাদ ঢাকা ১২০7,",1207
d1cq,Domino's Dhanmondi-Late Night,Domino's Pizza,Dhaka,,Italian|Mediterranean|Pizza|Western,4.6,30,0.0,,20.0,23.75471643,90.37085897,"House No.36, Road No.16, OLD) Dhanmondi R/A, Dhaka 1209, Bangladesh",1209
gn0j,Mithai- Jigatola,Mithai - Dhaka,Dhaka,,Cakes|Dessert|Doi|Fast Food,4.7,19,50.0,49.0,0.0,23.7395504,90.3721364,Jigatola puran kacha bazar,1209
cn8q,Puro Pastry & Bakery - Hatirpool,Puro Pastry & Bakery - Dhaka,Dhaka,,Cakes|Dessert|Fast Food,4.7,23,50.0,78.0,0.0,23.74169815,90.3910436,"Waz Uddin Tower,Shop no: 2,Kudrat-E-khuda Road, Hatirpool,Dhaka-1205",1215
lzk4,CP Five Star - Rahin Food Corner - New Market,CP Five Star,Dhaka,,Chicken|Meat|Fast Food|Fried Chicken,3.4,3,50.0,78.0,0.0,23.7338711,90.3826516,"32/2, haji johir sweet home, shop no- 1,biswas builders city cpmplex, dhaka 1205,",1205
e101,Shumi's Hot Cake - Dhanmondi 27,Shumi's Hot Cake,Dhaka,,Cakes|Dessert|Fast Food,4.9,18,50.0,49.0,38.0,23.7547439,90.3728853,"352/A, Road-27,(New Road 16), Dhanmondi, Dhaka, 1209",1209
f4tf,Mithai-Panthapath,Mithai - Dhaka,Dhaka,,Cakes|Dessert|Doi|Fast Food,4.6,14,50.0,68.0,35.0,23.7526815,90.3844332,"House: No: 44/15
Road Name: Near Bir Uttam Kazi Nuruzzaman Rd, Dhaka 1215
Area : West Panthapath Near West  panthapath Masjid 
Region : Dhaka 2",1205
w1v1,Shumi's Hot Cake - Kalabagan,Shumi's Hot Cake,Dhaka,,Cakes|Dessert|Fast Food,4.9,15,50.0,49.0,35.0,23.74731615,90.38049515,"Road-10, House-1, Shop No.-7, Altaf Plaza, Kolabagan, Dhanmondi, Dhaka",1209
jf8v,Shumi's Hot Cake - Asad Gate,Shumi's Hot Cake,Dhaka,,Cakes|Dessert|Fast Food,4.9,21,50.0,49.0,38.0,23.7601738,90.3682968,"3/11 Asad Avenue, Mohammadpur Dhaka.",1207
p8xn,Mithai - Kaderabad,Mithai - Dhaka,Dhaka,,Cakes|Dessert|Doi|Fast Food,4.4,20,50.0,68.0,38.0,23.754775,90.36046,"Plot No 10, Havani Bhaban, Road No 5, Kaderabad Housing Ltd, Katasur, Mohammadpur",1207
wnfx,Mithai- Farmgate-Tejturi Bazer,Mithai - Dhaka,Dhaka,,Cakes|Dessert|Doi|Fast Food,4.7,5,50.0,49.0,35.0,23.75803855,90.3909134,"49/A, East Tejturi bazer, Farmgate, Tejgaon, Dhaka- 1215",1215
xx80,Shumi's Hot Cake - Tejgaon,Shumi's Hot Cake,Dhaka,,Cakes|Dessert|Fast Food,4.9,12,50.0,49.0,35.0,23.7620859,90.3894313,"Shop-78, Tejkunipara, Tejgoan, Dhaka. (Firmgate)",1215
q7un,Tehari Ghar - Green Road,Tehari Ghar,Dhaka,,Rice Dishes|Indian|Biryani|Bangladeshi|Asian,4.9,30,50.0,49.0,35.0,23.75351355,90.3883491,6 sarder super market 73/1/ka green road Dhaka 1215,1215
jgrz,Jannat Biriyani House,Jannat Biriyani House,Dhaka,,Curry|Rice Dishes|Indian|Biryani|Asian,2.6,30,50.0,66.0,30.0,23.76052518,90.40456493,"20/1 Uttar begun bari, tejgaon 1208",1208
uja7,Shuruve Kitchen,,Dhaka,,Bangladeshi|Asian,0.0,0,50.0,66.0,30.0,23.75884469,90.3968836,"12 no, 312 Bepari Goli, Goli 312 312,Nakhalpara,front of Mazar building, 1215 Tejgaon, Dhaka, Bangladesh",1215
ljyc,Red Orchid,,Dhaka,,Bangladeshi|Asian,0.0,1,50.0,66.0,30.0,23.762122,90.3933022,"Mohsin Villa, Tejkunipara Nakhalpara Road,165/D,2A, 1215 Tejgaon, Dhaka, Bangladesh",1215
fp4c,Meal Bati,,Dhaka,,Bangladeshi|Asian,0.0,0,50.0,66.0,30.0,23.7633746,90.3913725,"167/1 Tejkuni Para, Dhaka 1215",1215
kr4n,Shumi's Hot Cake - Mohakhali,Shumi's Hot Cake,Dhaka,,Cakes|Dessert|Fast Food,4.9,30,50.0,128.0,0.0,23.78058635,90.4059503,"Rupayan Center, 72, Mohakhali C/A, Dhaka.",1213
dz8c,The Kitchen,,Dhaka,,Bangladeshi|Asian,0.0,0,50.0,76.0,30.0,23.76676306,90.39647573,"পোড়াবাড়ি সংলগ্ন, 1215 তেজগাঁও, ঢাকা, Bangladesh",1215
xvtd,Seyam Biryani House - Nakhalpara,,Dhaka,,Rice Dishes|Indian|Biryani|Asian,3.1,30,50.0,76.0,30.0,23.76913674,90.39426664,"Jabbar Tower, West Nakhalpara Road, Lucas er More, West Nakhalpara, Dhaka - 1205",1205
pbde,Pizza Captain,,Dhaka,,Snacks|Italian|Pasta|Beverage|Mediterranean|Pizza|Burgers|Western,4.7,24,50.0,76.0,30.0,23.7707218,90.3961043,"west nakhalpara 285 285, West Nakhalpara (Near Railgate), Tejgaon, Dhaka, 1215 Tejgaon, Dhaka, Bangladesh",1215
ocrj,Cloud Zone Restaurant,,Dhaka,,Rice Dishes|Burgers|Western|Fast Food,2.3,8,50.0,76.0,30.0,23.7707054,90.3964678,"273 W Nakhalpara, Tejgaon, Dhaka-1215",1215
pq8c,Smug Momo,,Dhaka,,Chinese|Bangladeshi|Asian|Dumpling,4.5,22,50.0,76.0,30.0,23.7711288,90.3999723,"303 Karim Villa ,East Nakhalpara, Tejgaon, 1215 Tejgaon, Dhaka, Bangladesh 1215 Dhaka",1215
a4wf,Smart Tong,,Dhaka,,Snacks|Curry|Bangladeshi|Asian,0.0,0,50.0,66.0,30.0,23.769413,90.3947042,West Nakhalpara,1215
nvf6,Big Burger and Cafe,,Dhaka,,Snacks|Fast Food,0.0,0,50.0,66.0,30.0,23.76183614,90.40827408,"Konipara bus stand, Modubag, Hatirjheel Bridge, Dhaka 1208",1215
iork,Puro Pastry & Bakery - Mohakhali,Puro Pastry & Bakery - Dhaka,Dhaka,,Cakes|Dessert|Fast Food,4.9,10,50.0,66.0,0.0,23.7785457,90.3964287,"SKS Tower, Shop No. 35 (Ground Floor, VIP Rd,Mohakhali,Dhaka-1208",1208
t5in,Allah'ar Dan Biryani House,Allah'r Dan Biryani House,Dhaka,,Rice Dishes|Indian|Biryani|Asian,3.8,30,50.0,90.0,40.0,23.72645385,90.3818492,"8 no Mosjid Market, New Market Kachabazar",1205
krye,Shumi's Hot Cake - Hatirpul,Shumi's Hot Cake,Dhaka,,Cakes|Dessert|Fast Food,4.9,30,50.0,49.0,0.0,23.7405611,90.3915149,"16, Bir Uttam C.R. Dutta Road, Hatirpul Bazar.Dhaka",1205
wkpz,Tasty Treat - New Elephant Road - Katabon,Tasty Treat,Dhaka,,Cakes|Dessert|Fast Food|Bakery,4.5,4,50.0,49.0,0.0,23.7393254,90.3910705,"234/1, TT- New Elephant Road, Katabon",1205
uzlm,Live Pizza Bahadur,,Dhaka,,Italian|Mediterranean|Pizza|Western,0.0,0,50.0,15.0,0.0,23.732755,90.395902,"Dhaka University Campus, Dhaka university TSC mor, New Market, Dhaka, Bangladesh",
l4ek,Mithai - Bangla Motor,Mithai - Dhaka,Dhaka,,Cakes|Dessert|Doi|Fast Food,4.7,6,50.0,68.0,35.0,23.7458538,90.39385335,"27/5 link road,Bangla motor more, Adjacent to Navana Zohura Square,Dhaka-1000",1000
x574,Ustadar Chicken Momo,,Dhaka,,Chinese|Asian|Dumpling,0.0,1,50.0,43.0,0.0,23.7277233,90.3971478,"In front of Central Shaheed Minar (কেন্দ্রীয় শহীদ মিনারের সামনে ), Dhaka, Bangladesh",1000
f3ri,Meal 'N Deal,,Dhaka,,Snacks|Rice Dishes|Italian|Pasta|Mediterranean|Chinese|Western|Asian|Dumpling,0.0,0,50.0,54.0,0.0,23.7285918,90.38543,"Azimpur,  139/2 Azimpur Mondir Goli,  2 nd floor, 1205 Lalbagh, Dhaka, Bangladesh",1205
m0r7,Ismail Biryani House,,Dhaka,,Rice Dishes|Indian|Biryani|Asian,2.8,17,50.0,90.0,0.0,23.7244533,90.3971081,"44 Dhaka Medical rd, Side market, West side of masjid",1100
f817,Kings Burger,,Dhaka,,Italian|Mediterranean|Sandwiches|Noodles|Pizza|Burgers|Western|Fast Food,3.8,30,50.0,90.0,0.0,23.72403364,90.38896109,"Plot - 22/03/KA, Dhakeshwari Road, Near The Pabulum Polashi, Polashi, Dhaka - 1211",1211
rd27,Whats On The Menu,,Dhaka,,Snacks|Burgers|Western|Fast Food,0.0,1,50.0,54.0,0.0,23.7219776,90.3909094,"Shikkha board office gate no-2, 1205 Lalbagh, Dhaka, Bangladesh",1205
ucqu,LA BELLA PIZZA,,Dhaka,,Italian|Mediterranean|Pizza|Western,0.0,1,50.0,63.0,0.0,23.721442,90.3889944,"Dhakeshwari Rd 4 Lalbag ibn sina hospital er pashe,Balu math er opposite, 1211 Lalbagh, Dhaka, Bangladesh",1211
odkz,Burger Bros,,Dhaka,,Burgers|Western,0.0,1,50.0,63.0,0.0,23.7200041,90.39449,"38 Umesh Datta road bakshibazer( Mojnur golir mor ) 1211 Lalbag, dhaka, Bangladesh",1211
gcy3,KHC,,Dhaka,,Bangladeshi|Asian,4.7,8,50.0,63.0,35.0,23.721465,90.384963,"Zinnat Villa (4-B), West and High School,lalbagh, 1211 Lalbagh, Dhaka, Bangladesh",1211
ra0q,Dhaka Darber,,Dhaka,,Snacks,3.0,7,50.0,63.0,0.0,23.7229394,90.38204035,"Azimpur Rd 24 Azimpur model.school er pase arfan vai der basha ground floor, 1205 Lalbagh, Dhaka, Bangladesh",1205
mwc0,Sorai Khana,,Dhaka,,Curry|Rice Dishes|Beverage|Chinese|Asian|Fast Food,3.8,27,50.0,99.0,35.0,23.7198697,90.3881933,"32, 34 ka Lalbagh Rd, Ground Floor, Dhaka 1210 Lalbagh, Bangladesh",1211
a3gh,Bubbletime - Nazira Bazar,Bubbletime,Dhaka,,Beverage,4.4,19,50.0,118.0,0.0,23.7208354,90.4059004,"31/1 Kazi Alauddin Road , Nazira bazar, Bangsal, Dhaka",1100
l73e,Homemade Heaven,,Dhaka,,Fast Food,4.4,11,50.0,83.0,35.0,23.7199053,90.4055113,"3/2 Sikkatuly lane Nazira Bazar,Dhaka, 1100 Wari, Dhaka, Bangladesh",1100
g39b,Brother's Kitchen,,Dhaka,,Bangladeshi|Asian,0.0,0,50.0,83.0,35.0,23.7204618,90.3840946,"Opposite Khan Muhammad Mridha Masjid, 301/1 Lalbagh Road, 1211 Lalbagh, Dhaka, Bangladesh",1211
dppg,Al Maidah Food Chain,,Dhaka,,Italian|Pasta|Mediterranean|Indian|Biryani|Western|Asian,0.0,0,50.0,83.0,0.0,23.7205987,90.4073655,"Alu Bazar Choto Masjid, Haji Osman Gani Rd Hazi osman gani road, alu bazar choto moszid, Bangshal thana,dhaka1000, Bangladesh, 1000 Bailey Road, Dhaka, Bangladesh",1000
qwad,Mom's Kitchen,,Dhaka,,Bangladeshi|Asian,0.0,0,50.0,83.0,0.0,23.71809199,90.3902432,"26 no Hazi Rohim Box Lan Near shahi masjid,, 1211 Lalbagh, Dhaka, Bangladesh",1211
gyyf,Nahid Food Place,,Dhaka,,Snacks|Curry|Rice Dishes|Bangladeshi|Asian,0.0,1,50.0,83.0,0.0,23.7258176,90.3766642,"M. C. Roy Ln 10 Near BGB 1st gate and BGB cinemahall., 1211 Hazaribag, Dhaka, Bangladesh",1211
hx9b,Daal Bhat,,Dhaka,,Curry|Bangladeshi|Asian,4.8,30,50.0,88.0,0.0,23.7196527,90.3815119,"Beside Halima Sadia (Ra:) Mohila Madrasha, Jagannath Shaha Rd, 1211 Lalbagh, Dhaka, Bangladesh",1211
h5gi,RS Home Food,,Dhaka,,Curry|Rice Dishes,0.0,0,50.0,88.0,35.0,23.7263739,90.3730302,"House 79, Bhagalpur Lane, Hazaribagh Park, Hazaribagh, Dhaka 1205, Bangladesh",1205
b6jt,Wellbeing Kitchen,,Dhaka,,Snacks|Rice Dishes|Bangladeshi|Asian,0.0,4,50.0,88.0,0.0,23.7272482,90.3724126,"New China Dental, Nilambar Saha Rd 1, 1205 Hazaribag, Dhaka, Bangladesh",1205
yrc1,Bengali Aana Kitchen,,Dhaka,,Rice Dishes|Bangladeshi|Asian,3.4,23,50.0,88.0,35.0,23.7206832,90.4151117,"40/3 Tara Goli - BCC road, Wari, Dhaka, Bangladesh",1203
bi35,Rizik Food Corner,,Dhaka,,Snacks,0.0,0,50.0,97.0,0.0,23.71663077,90.41690379,"Near Sailor Showroom, Nawab Street, Wari, Dhaka - 1203",1203
gez8,Grill N Pan,,Dhaka,,Snacks,0.0,0,50.0,97.0,0.0,23.7173111,90.4178204,"Male rose  10 Wyre Street Wari, Wire Street 10, 1203 Wari, Dhaka, Bangladesh",1203
cnrn,Waffle Woo,,Dhaka,,Beverage|Dessert,0.0,1,50.0,97.0,0.0,23.7167458,90.41721215,"Nawab Street, Near Sailor Showroom, Wari, Dhaka - 1203",1203
sh8l,Sorifa's Kitchen,,Dhaka,,Snacks|Bangladeshi|Asian,0.0,0,50.0,97.0,0.0,23.7229405,90.3674981,"Rabeya Villa 257/12Hasan Nagar,panna Battery 2 no get,Kamrangirchar",1211
o9sf,Sweet Haven,,Dhaka,,Dessert,0.0,2,50.0,97.0,0.0,23.7237317,90.364239,"Kamrangirchar, House no 66, 1211 Kamrangircar, Dhaka, Bangladesh",1211
w0qx,Victor 36 Cafe,,Dhaka,,Snacks|Burgers|Western,2.3,4,50.0,97.0,0.0,23.70926264,90.41257937,"Bahadur Shah Park, Johnson Rd Laxmi bazar, 1100 Wari, Dhaka, Bangladesh",1100
lw8k,Chefy cafy - Wari,,Dhaka,,Snacks,0.0,0,50.0,97.0,0.0,23.7119039,90.4180392,"Narindra Kacha Bazar, Narinda Rd 2 Dokkhin mushondi Narinda kacha bazar, beside of kotok club, 1516 Wari, Dhaka, Bangladesh",1516
zsh6,Freshop- Laxmibazar,Freshop - Mohammadpur,Dhaka,,Juice Corner|Beverage,3.3,8,50.0,123.0,0.0,23.70852613,90.41531692,"21/1 Subhash Bose Avenue, Laxmi Bazar, Dhaka.",1203
sup6,Farazi Food Cart,,Dhaka,,Italian|Mediterranean|Pizza|Western,0.0,0,50.0,97.0,0.0,23.70574,90.41942,"Gandaria, katherpool mor ,Dhaka -1204",1204
wvka,Madiha's Fast Food & kitchen,,Dhaka,,Snacks|Curry|Bangladeshi|Asian,3.0,10,50.0,54.0,0.0,23.7238853,90.38954,"64/5B Buet tower Polashi Hajibeg jame mosjid, 1211 Lalbagh, Dhaka, Bangladesh",1211
wn7u,Whats On The Kabab,,Dhaka,,Turkish|Kebab|Middle Eastern,0.0,2,50.0,54.0,0.0,23.7220911,90.3917403,"Shikkha board office gate no-2, 1205 Lalbagh, Dhaka, Bangladesh",1205
vhzq,Grand Kacchi,,Dhaka,,Rice Dishes|Indian|Biryani|Asian,3.0,10,50.0,90.0,0.0,23.7275252,90.4099149,"Toyenbee Circular Road  44 toyenbee, road ,1000",1000
eq8p,SACRED TASTE,,Dhaka,,Dessert,0.0,0,50.0,90.0,0.0,23.72407165,90.38473867,"Azimpur Chapra Masjid, Azimpur Rd Azimpur chapra mosjid road, daira complex market 149/1,149/2  shop no.2, 1205 Lalbagh, Dhaka, Bangladesh",1205
eelr,Rumana's Kitchen,,Dhaka,,Curry|Rice Dishes|Bangladeshi|Asian,4.2,17,50.0,63.0,35.0,23.727685,90.37985495,"57/A khalek lane, Newpoltonline, Azimpur",1211
hggj,Shera Shad,Shera Shad,Dhaka,,Curry|Rice Dishes|Bangladeshi|Asian,4.6,14,50.0,63.0,0.0,23.7272575,90.3799055,"House 62/9, 2nd floor, Khalek Lane, Near Asrafi Mahal, Azimpur, Dhaka - 1205",1205
j1jc,JP Fast Food,,Dhaka,,Snacks|Burgers|Western,4.0,12,50.0,63.0,0.0,23.7215125,90.38796805,"In front of Shahid Shah Majar, Lalbagh Road, Opposite Dhaka South City Corporation, Lalbagh, Dhaka - 1205",1205
drih,A Tale of Brew,,Dhaka,,Beverage,2.3,4,50.0,99.0,0.0,23.7202663,90.3897535,"Dhakeshwari Rd 34 3, Dhakeshwari Road, Lalbag, 1211 Lalbagh, Dhaka, Bangladesh",1211
zig8,Darbar-E-Ishq,,Dhaka,,Snacks|Curry,4.7,6,50.0,118.0,0.0,23.72169807,90.40576926,"Kazi Alauddin Rd 37 opposite of beauty lacchi nazira bazar, 1100 Wari, Dhaka, Bangladesh",1100
omew,Dalia's Kitchen,,Dhaka,,Fast Food,0.0,0,50.0,83.0,35.0,23.7225516,90.4092394,"Siddikbazae, 146/6 siddiquebazar, dhaka 3rd floor, 1000 Paltan, Dhaka, Bangladesh",1000
wro4,New Burger Khor,New Burger Khor,Dhaka,,Chicken|Snacks|Rice Dishes|Beverage|Soups|Meat|Burgers|Western,1.9,0,50.0,108.0,0.0,23.7244706,90.379279,208 No Medical Staff Quater Lalbagh Road 1205,1205
sc63,Biryani Bilash,,Dhaka,,Rice Dishes|Indian|Biryani|Asian,1.4,12,50.0,83.0,0.0,23.7200398,90.3850998,"Lalbagh,  Lalbagh Rahmatullah Girls School road, 1211 Lalbagh, Dhaka, Bangladesh",1211
jtf1,Burger Express,,Dhaka,,Bangladeshi|Asian,2.2,7,50.0,83.0,0.0,23.71986915,90.3839425,"H.0number-17/17,fokir
chan,Lalbagh Amligola,Hormohon
shil street, Lalbagh Dhaka",1211
et3r,Nusrat Kitchen,,Dhaka,,Snacks,0.0,0,50.0,83.0,0.0,23.7181758,90.3866074,"Lalbagh,  3,4,5,B.C.Das.Street.lalbag ( kazi masum r goli), 1211 Lalbagh, Dhaka, Bangladesh",1211
avwx,Ghoroa Shaad Catering Service,,Dhaka,,Rice Dishes,0.0,0,50.0,88.0,0.0,23.7209256,90.4117838,"Shahid tower (1st floor), 165 Nababpur road, Dhaka-1100",1232
dgw9,Dadi Bari,,Dhaka,,Snacks|Sandwiches|Burgers|Western,0.0,0,50.0,88.0,0.0,23.71897608,90.38092175,"Lalbagh,  shohid nagar 1no goli masterbari opposite, 1211 Lalbagh, Dhaka, Bangladesh",1211
pso3,FLAVOUR DROPPED,,Dhaka,,Curry|Sandwiches|Burgers|Western,0.0,2,50.0,88.0,0.0,23.7164449,90.3845718,"D Road R.N 36 No R.N.D road lalbagh, 1211 Lalbagh, Dhaka, Bangladesh",1211
royq,Khushi's Homemade Kitchen,,Dhaka,,Curry|Rice Dishes,4.8,2,50.0,88.0,35.0,23.7159817,90.4067457,"Noyabazar, 19/1, Hazi Abdul Rasid Lain,Noyabazar, Bangshal, 1100 Dhanmondi, Dhaka, Bangladesh",1100
vapr,Dhakaiya Momo,,Dhaka,,Chinese|Asian|Dumpling,0.0,0,50.0,88.0,0.0,23.7214716,90.4155188,"76 BCC Rd, BCC Road 76, 1203 Wari, Dhaka, Bangladesh",1203
v0p0,Roadside Kitchen Wari,Roadside Kitchen,Dhaka,,Chicken|Snacks|Meat,0.0,0,50.0,123.0,0.0,23.7183485,90.4164629,Rankin St,1203
j96b,ABCIK Kitchen,,Dhaka,,Breakfast|Bangladeshi|Asian|Fast Food,0.0,0,50.0,97.0,35.0,23.71079834,90.40360811,"Billal Shah Medicine Tower., 8 No P.K Roy Lane, Babubazar Mazar., 1100 Lalbagh, Dhaka, Bangladesh",1100
rf1a,Hungryfy Live Pizza,,Dhaka,,Italian|Beverage|Mediterranean|Pizza|Western|Fast Food,4.6,30,50.0,123.0,0.0,23.7169466,90.4164133,"Nawab Street, Nawab Street, opposite of Time Zone  Showroom, Wari, Dhaka - 1203",1203
c9tw,MOMO-TA,,Dhaka,,Chinese|Asian|Dumpling,0.0,0,50.0,97.0,0.0,23.7167019,90.4170771,"Nawab St Near Sailor, Wari, 1203 Wari, Dhaka, Bangladesh",1203
nxv6,Naval Bay - Wari,Naval Bay,Dhaka,,Snacks|Bangladeshi|Asian,4.7,5,50.0,123.0,0.0,23.71543915,90.41570025,"Graduates High School, 40 Tipu Sultan Road, Wari, Dhaka-1100",1000
s5mh,C&B Biriyani House,,Dhaka,,Rice Dishes|Indian|Biryani|Asian,5.0,0,50.0,123.0,0.0,23.7153918,90.41646145,"House No. 20/B, Tipu Sultan Road, Dhaka",1100
hilx,Twist & Taste,,Dhaka,,Rice Dishes|Fast Food,4.5,26,50.0,123.0,0.0,23.7151267,90.4182731,"House - 24/B, Tipu Sultan Road, Near Turkey Kabab & Sea Food, Wari, Dhaka - 1100",1100
gmth,Crumbs & Co.,,Dhaka,,Bangladeshi|Asian,0.0,0,50.0,97.0,35.0,23.7124003,90.415009,"Dholaikhal, Lalmohan shah street , shardar bhaban, 1100 Wari, Dhaka, Bangladesh",1100
bavc,RajKo,,Dhaka,,Dessert|Burgers|Western|Fast Food,4.9,23,50.0,123.0,0.0,23.70854739,90.41527342,"Lokkhi Bazar,  luxmibazar, Sutrapur,Dhaka 1100. beside beauti lassi and pasta club Opposite.",1100
s9k2,Bite & Ride,,Dhaka,,Chicken|Meat|Burgers|Western|Fast Food,0.0,3,50.0,97.0,0.0,23.70853999,90.41556522,"Municipal Road, Opposite of Saint Albert School ( St. Albert School ), Luxmibazar, Dhaka - 1100",1100
wjze,Wood Fired Pizzaria,,Dhaka,,Italian|Mediterranean|Pizza|Western,3.3,30,50.0,97.0,0.0,23.7058209,90.4200365,"Near Dearm20 Restaurant, Distrilari Road, Katherpoll, Gandaria, Dhaka - 1204",1204
szmi,Flaming Kabab,,Dhaka,,Turkish|Kebab|Middle Eastern,0.0,1,50.0,97.0,0.0,23.70574053,90.41997655,"Near Dream20 Restaurant, Katherpool, Gandaria, Dhaka - 1204",1204
ds0t,Mithila's Kitchen,,Dhaka,,,0.0,0,50.0,88.0,35.0,23.71983272,90.38181746,Amligola 179/J.N Shaha Road Mistir Goli,1211
w1ng,Mithai-  Shahbag,Mithai - Dhaka,Dhaka,,Cakes|Snacks|Dessert|Doi|Fast Food,4.4,12,50.0,49.0,0.0,23.73846415,90.3928746,"Shop No:05, Ground Floor, Aziz Super Market, Shahbag",1000
yvqq,Indulge - Wari,Indulge,Dhaka,,Beverage|Dessert|Fast Food,4.7,22,50.0,123.0,0.0,23.7198074,90.4189984,"Ground Floor & 1st Floor, City Park Lane, 19, Hatkhola Road,",1203
fa00,Mom’s Ranna,,Dhaka,,Bangladeshi|Asian,3.0,5,50.0,88.0,35.0,23.7095999,90.4085918,"Kabiraj Goli, Basha Number 12, Dhaka Kotwali Thana, Patuatuli, 1100 Wari, Dhaka, Bangladesh",1100
rhso,Bhorta Bari Kitchen,,Dhaka,,Bangladeshi|Asian,0.0,1,50.0,97.0,0.0,23.7104697,90.4161585,"44/1 pach bai ghat len Dholai Khal , near KoltaBazar Choto Masjid",1212
z23w,Spice Darbar,,Dhaka,,,0.0,1,50.0,88.0,35.0,23.7103602,90.4093372,"Court house street, 17 kailashgosh lane 4th floor, 1100 Wari, Dhaka, Bangladesh",1100
u6ps,Mithai - Azimpur,Mithai - Dhaka,Dhaka,,Cakes|Dessert|Doi|Fast Food,4.3,23,50.0,20.0,0.0,23.726628,90.382052,"37/5, A/1, Azimpur Road, Azimpur",1205
ogvy,Mithai Lalbagh,Mithai - Dhaka,Dhaka,,Cakes|Dessert|Doi|Fast Food,4.8,28,50.0,50.0,0.0,23.7202708,90.3860498,"90. Lalbagh road, Lalvagh Dhaka. 1205",1205
mcm6,Shumi's Hot Cake - Panthapath,Shumi's Hot Cake,Dhaka,,Cakes|Dessert|Fast Food,4.9,26,50.0,49.0,35.0,23.75284065,90.38268725,"Sundaram Plaza20/3 North Dhanmondi, West Panthapath, Dhaka.",1205
v16i,Domino's Pizza - Badda,Domino's Pizza,Dhaka,,Italian|Mediterranean|Pizza|Western,4.7,30,0.0,,25.0,23.7731892,90.4254862,"Progoti Tower, F12/5, Main Road, Progoti Sarani, Badda, Dhaka-1212.",1212
jj7x,Mithai Merul Badda,Mithai - Dhaka,Dhaka,,Cakes|Dessert|Doi|Fast Food,4.6,15,50.0,49.0,0.0,23.77177526,90.42522495,F 12 /3 Marul Badda Dhaka 1212.Marul Badda,1212
ioqr,Domino's Pizza Banasree,Domino's Pizza,Dhaka,,Italian|Mediterranean|Pizza|Western,4.8,30,0.0,,25.0,23.761169,90.4362435,"Block E, House #48 Rd. 3, Dhaka 1219",1219
l6dh,Farjan's Kitchen,,Dhaka,,Chinese|Asian,4.7,7,50.0,9.0,35.0,23.76071579,90.42517747,"House: Alhamdulillah (208/D), East Rampura, 208/D puraton police fari panir pump er opposite building., 1219 Rampura, Dhaka, Bangladesh",1219
viiq,Home Cuisine,,Dhaka,,Curry|Rice Dishes|Bangladeshi|Asian,4.1,19,50.0,9.0,35.0,23.7599621,90.4254671,"Pushposree Residential Area (Extension of Banasree C block), 1219 Rampura, Dhaka, Bangladesh",1219
tw2s,Home Foodie,,Dhaka,,Curry|Rice Dishes,0.0,0,50.0,9.0,35.0,23.75989144,90.42563345,"Mollabari Super Market (মোল্লা বাড়ি সুপার মার্কেট), Purba Rampura Road 215 169/5/A Pushposree R/A, 1219 Rampura, Dhaka, Bangladesh",1219
eokd,Yousuf Food Court,,Dhaka,,Fast Food,0.0,0,50.0,9.0,35.0,23.7582378,90.4254798,"চাঁদপুর জেনারেশন স্টোর, ৩৩০/খ পূর্ব রামপুরা টিভি লিংক রোড, 1219 রামপুরা, ঢাকা, Bangladesh",1219
dno1,Sara Pizza- Banasree-D,Sara Pizza,Dhaka,,Snacks|Italian|Mediterranean|Pizza|Western,4.7,30,50.0,9.0,35.0,23.7593878,90.4295707,"House-2, Road-9, Bonesree-D, Khilgaon, Dhaka-1219",1205
u5pa,Mithai - Rampura,Mithai - Dhaka,Dhaka,,Cakes|Dessert|Doi|Fast Food,4.7,24,50.0,14.0,35.0,23.762252,90.420147,"356 East Rampura, D.I.T. Road, Rampura",1219
stbz,Curved Cravings,,Dhaka,,Chicken|Snacks|Meat|Burgers|Western,3.0,7,50.0,14.0,35.0,23.760689,90.419119,"East Rampura bazar, DIT Road, Front of Lotto Showroom, Rampura, Dhaka",1219
x1af,Onion Leaf Restaurant and Party Centre,,Dhaka,,Chicken|Rice Dishes|Soups|Seafood|Noodles|Vegetarian|Meat|Chinese|Asian|Fast Food,4.0,2,50.0,14.0,35.0,23.765541,90.4216218,"Onion Leaf Restaurant and Party Center, DIT Rd, 1219 Rampura, Dhaka, Bangladesh",1219
lxrx,All-In-One-Bite,,Dhaka,,Snacks,4.0,17,50.0,14.0,35.0,23.76259665,90.4187125,"পশ্চিম রামপুরা, উলন রোড, ২৯৬ উলন রোড,  পশ্চিম রামপুরা, 1219 রামপুরা, ঢাকা, Bangladesh",1219
mxn6,Puro Pastry & Bakery - Banasree,Puro Pastry & Bakery - Dhaka,Dhaka,,Cakes|Dessert|Fast Food,4.9,18,50.0,14.0,35.0,23.763194,90.431103,"House 33, Road 01, Block C, Banasree, Rampura,Dhaka-1212",1212
fr2i,Delifrance - Rampura,Delifrance Gulshan Avenue,Dhaka,,Cakes|Snacks|Beverage|Dessert|Western,4.9,30,50.0,14.0,35.0,23.7664707,90.42191675,"Islam Tower, Ground Floor, Rampura Bridge, Dhaka",1219
u3rp,AlKaderia Cafe,Al Kaderia Cafe,Dhaka,,Curry|Rice Dishes|Fast Food,4.5,30,50.0,14.0,35.0,23.75953895,90.4183551,"257, West Rampura, DIT Road",1219
u2qo,Al Kaderia Restaurant,Al Kaderia Restaurant,Dhaka,,Curry|Rice Dishes|Doi|Asian|Faluda,4.7,30,50.0,19.0,35.0,23.75916485,90.4182712,2/3 East Rampura DIT Road,1219
kx65,Al Medina Cake Makers,,Dhaka,,Cakes|Dessert,0.0,0,50.0,19.0,35.0,23.7623428,90.4318963,"Anower villa, Road:5/2,house:68 block:D Road:5/2,house:68 block:D, 1219 Banasree, Dhaka, Bangladesh",1219
kqxu,StarBean'z Cafe,,Dhaka,,Beverage|Cafe,0.0,0,50.0,19.0,35.0,23.76650875,90.42118558,"Haidar ali, 463/2, 1219 Rampura, Dhaka, Bangladesh",1219
hk63,Family Kitchen,,Dhaka,,Bangladeshi|Asian,0.0,0,50.0,19.0,35.0,23.75959001,90.43208991,"219/KA/1/1, Garden goli, Bhuiyanpara, Khilgaon, Bhuiyan para, 1219 Khilgaon, Dhaka, Bangladesh",1219
xksr,Pizza Frist,,Dhaka,,Italian|Pasta|Beverage|Mediterranean|Sandwiches|Burgers|Western,0.0,1,50.0,28.0,35.0,23.7680958,90.4241591,"Road no: 2, Aftabnagar main Road, Jahurul islam Ave, Aftabnagar",1212
irx0,La Vera Pizza,,Dhaka,,Italian|Mediterranean|Western,0.0,1,50.0,31.0,35.0,23.7675689,90.4213736,"Sky View Selina Tower, Bondhunibash Abashik Elaka 16/1 Flat: 4-B, 465/16/1 (Sky View Selina Tower), West Rampura (Bandhunibash R/A), Dhaka-1219., 1219 Rampura, Dhaka, Bangladesh",1219
isj3,Tripti,,Dhaka,,Snacks|Fast Food,0.0,1,50.0,31.0,35.0,23.7684651,90.4262344,"East West University, Jahurul Islam Ave 2, 1212 Badda, Dhaka, Bangladesh",1212
iwqk,Move On,,Dhaka,,Rice Dishes|Indian|Biryani|Dessert|Asian,3.6,12,50.0,31.0,35.0,23.7655928,90.4326264,"Aftab Nagar #C Block #Road 3 #house on 50, 1212 Badda, Dhaka, Bangladesh",1212
soca,Pizza Chocolaty,,Dhaka,,Italian|Mediterranean|Pizza|Burgers|Western,3.5,7,50.0,31.0,35.0,23.7554958,90.4178711,মালিবাগ চৌধুরীপাড়া,১১৫৮/৩
i9pe,Volcano Restaurant,,Dhaka,,Snacks|Fast Food,4.2,17,50.0,28.0,35.0,23.75367,90.41954,"Matir Masjid Road, Jamila Begom Villa, 2nd floor, Hold No - 431/B Matir Masjid Road, Khilgaon, Chowdhurypara, Dhaka, Bangladesh",
zbwn,Cholo Kichu Khai From Tasmim'S Cuisine,,Dhaka,,Curry|Rice Dishes|Bangladeshi|Asian,0.0,0,50.0,31.0,35.0,23.7525874,90.421852,"J. N. Garden, Taltola Rd 1219, 1218 Khilgaon, Dhaka, Bangladesh",1218
pebg,People Helping Kitchen Team,,Dhaka,,Snacks|Dessert,0.0,0,50.0,36.0,35.0,23.7627916,90.4346379,"Banasree main road Moddhopara Banasree, Meradiya Moddhopara Main Road - House no. 23, 1219 Rampura, Dhaka, Bangladesh",1219
txw0,Masala Kebab,,Dhaka,,Turkish|Kebab|Middle Eastern|Meat,4.6,13,50.0,33.0,35.0,23.75203239,90.42258429,"Taltola Mor 374/B 374/B Khilgaon taltola mor Dhaka, 1219 Khilgaon, Dhaka, Bangladesh",1219
fw78,Shumi's Hot Cake - Khilgaon Taltola,Shumi's Hot Cake,Dhaka,,Cakes|Dessert|Fast Food,4.9,10,50.0,33.0,35.0,23.75222295,90.4215789,"House-380, Rd-955, Block-B, Khilgoan Taltola, Rampura, Dhaka.",1219
wul3,Grind House,Grind House,Dhaka,,Snacks|Curry|Rice Dishes|Italian|Pasta|Mediterranean|Western,1.5,2,50.0,33.0,35.0,23.7516599,90.4236664,"Sky View Nazma Tower ( 8th Floor ), Miniso Building, Shahid Baki Road, Khilgaon, Dhaka - 1219",1219
q4ub,Padma Paar Rannaghor,,Dhaka,,Rice Dishes|Dessert,4.8,21,50.0,36.0,35.0,23.757723,90.415194,"Doyel Chaiya, 50/6/4, West Hazipara, Dhaka, 1219 Rampura, Dhaka, Bangladesh",1219
y7m0,Munni's kitchen,,Dhaka,,Bangladeshi|Asian,4.8,30,50.0,36.0,35.0,23.76029,90.414299,"Mirbagh bekari goli, 1c/1a Mirbagh Hatirjhil Dhaka, 1217 মগবাজার, ঢাকা, Bangladesh",1217
jidr,Indulge - Khilgaon,Indulge,Dhaka,,Beverage|Dessert|Fast Food,4.6,13,50.0,33.0,35.0,23.7524401,90.41825575,"582/C, Khilgaon Chowdhury Para, Shahid Baki Sarak, Khilgaon, Dhaka - 1220",1219
m7i5,Taj Biriyani House,,Dhaka,,Rice Dishes,4.4,30,50.0,33.0,35.0,23.754577,90.415696,"99/B, Opposite of Abul Hotel, DIT Road, Malibag Choudhury Para, Dhaka- 1219",1219
fdg4,Kacchi Bhai - Khilgaon,Kacchi Bhai,Dhaka,,Curry|Rice Dishes|Indian|Biryani|Doi|Asian,4.9,30,50.0,38.0,35.0,23.75200275,90.4172288,"589/C, Malibagh, Chowdhury Para, Dhaka-1219",1219
s0sg,AlKaderia Express,Al Kaderia Express,Dhaka,,Curry|Asian|Fast Food,4.5,30,50.0,38.0,35.0,23.75219645,90.41680705,"Manama MW Heights, House No. 25, Block B, Khilgaon, Dhaka",1217
hpds,Capri Caffe & Juice,,Dhaka,,Fast Food,1.3,10,50.0,41.0,35.0,23.7598292,90.4382616,"Opposite side of El Dorado Moni Apartment building ,House no -36/38,Road no -06,Block -F,Rampura banasree, Dhaka -1219",1219
jeul,Food Cake And Kitchen,,Dhaka,,Bangladeshi|Asian,0.0,0,50.0,41.0,35.0,23.7518923,90.4340251,"231/1, Dhaka,Khailgaon, Goran, M R Khan Lan, 1214 Khilgaon, Dhaka, Bangladesh",1214
qtvr,Chef's Choice,,Dhaka,,Fast Food,1.1,4,50.0,41.0,35.0,23.7494367,90.4314645,"Chef's Choice,  North goran,khilgaon,Dhaka-1219, 1219 Khilgaon, Dhaka, Bangladesh",1219
rd57,Khai Khai Waffle,,Dhaka,,Dessert,0.0,0,50.0,38.0,35.0,23.7577656,90.4110432,"Modhubagh Play Ground, Old Elephant Road Same, 1217 Mogbazar, Dhaka, Bangladesh",1217
qtjj,The King Kabab,,Dhaka,,Turkish|Kebab|Curry|Middle Eastern,4.6,26,50.0,38.0,35.0,23.7623846,90.4393209,"House 05,Block G,Main Road, Banasree",1219
ak4k,Fuchka Express,,Dhaka,,Snacks|Chotpoti & Fuchka|Bangladeshi|Asian,4.4,4,50.0,51.0,35.0,23.747522,90.43118,"Sultan Bhuiyan Jame Masjid, Road dhaka khilgaon goran, 1219 Khilgaon, Dhaka, Bangladesh",1219
eyna,Family Kitchen,,Dhaka,,Bangladeshi|Asian,0.0,2,50.0,51.0,35.0,23.752495,90.41188174,"575/2/B, 2nd Floor, Central Point Residential Area, 1217 Mogbazar, Dhaka, Bangladesh",1217
bb2p,Nahar's Kitchen,,Dhaka,,Curry|Rice Dishes|Bangladeshi|Asian,0.0,0,50.0,51.0,35.0,23.74818,90.4333256,"Goran Tempo Stand, Goran Rd 215/1 south goran, 1219 Khilgaon, Dhaka, Bangladesh",1219
l2dx,Sharmin Foodpack,,Dhaka,,Curry|Rice Dishes|Bangladeshi|Asian,0.0,0,50.0,51.0,35.0,23.7494625,90.4146341,"Malibagh Rail Gate,  malibagh rail gate",4
vi0i,Bangali Bhorta Ghor,,Dhaka,,Curry|Bangladeshi|Asian,3.1,23,50.0,51.0,35.0,23.753179,90.439004,"House : 20 Road : 12/3 Block : J South Banasree, 1219 Rampura, Dhaka, Bangladesh, 1219 Dhaka, Bangladesh",1219
tn18,Naira’s Bhojon Bari,,Dhaka,,Bangladeshi|Asian,0.0,0,50.0,51.0,35.0,23.7544154,90.409787,"Civil Rawshan, 551 Noyatola road Civil Rawshan 1st floor (C-1/2), 1217 Mogbazar, Dhaka, Bangladesh",1217
oihg,Night Chef,,Dhaka,,Snacks|Fast Food,1.3,0,50.0,51.0,35.0,23.74574905,90.4221556,"North Shahjahanpur 334 334, North Shahjahanpur (Beside Old Dynamic School Dhaka 1219 Bangladesh, 1217 Khilgaon, Dhaka, Bangladesh",1217
mdy4,Ghorer Ranna,,Dhaka,,Bangladeshi|Asian,0.0,0,50.0,51.0,35.0,23.7558541,90.4411345,"৪ tola, Mainroad, South Banasree, House-B/52,flat-b/2, 1219 Banasree, Dhaka, Bangladesh",1219
hm77,Sultan Biryani Ghor,,Dhaka,,Rice Dishes,0.0,2,50.0,51.0,35.0,23.74949437,90.43661766,"Road No.8 170 Khilgaon, goran 8 number water pump,  house#200, 1219 Khilgaon, Dhaka, Bangladesh",1219
fb3p,Mayer Doya Cafe House,,Dhaka,,Fast Food,0.0,1,50.0,51.0,35.0,23.75489513,90.40914186,"496 Chairmangoli (Chairman Golli), Dhaka 1217",1217
zwwu,Bhola Biryani House,,Dhaka,,Turkish|Kebab|Curry|Rice Dishes|Middle Eastern|Bangladeshi|Doi|Asian,4.6,30,50.0,51.0,35.0,23.7454056,90.4277692,"298/A, Khilgaon Tilpapara, Dhaka, Bangladesh",1219
po9m,Mayeder Ranna,,Dhaka,,Bangladeshi|Asian,4.7,16,50.0,51.0,35.0,23.74876733,90.4139124,"Near Abujar Gifferi College, 1217 Malibag, Dhaka, Bangladesh",1217
dyuo,Sumona's Kitchen,,Dhaka,,Curry|Bangladeshi|Asian,4.4,8,50.0,51.0,35.0,23.7451889,90.422655,"North Shahjahanpur 421 (2nd Floor), 1217 Khilgaon, Dhaka, Bangladesh",1217
gva0,FOODIE ' DYNASTY,,Dhaka,,Snacks|Rice Dishes,0.0,1,50.0,51.0,35.0,23.748694,90.4132241,"Malibagh First Ln 125 3rd floor ,A4, 1217 Motijheel, Dhaka, Bangladesh",1217
k47m,Prince Restora - Khilgaon,,Dhaka,,Curry|Faluda,4.4,30,50.0,51.0,35.0,23.7445422,90.42695808,"290/3/A, Khilgaon Railgate, Nahar Tower, (Under Ground), Dhaka-1219",1219
v9kr,Khaabar Station,,Dhaka,,Fast Food,0.0,0,50.0,51.0,35.0,23.748998,90.4123556,"মালিবাগ রেলগেট, ডি আই টি সড়ক 116/A 116/1, ১২১৬ মালিবাগ, ঢাকা, Bangladesh",১২১৬
jqo5,Fry Bucket- Banasree -G,Fry Bucket,Dhaka,,Chicken|Snacks|Meat|Western|Fried Chicken,4.9,30,50.0,51.0,35.0,23.75283613,90.44103797,"House : 7,R-12,Block-G,South Banasree",1219
ob39,Flocka,,Dhaka,,Curry|Rice Dishes|Burgers|Western|Fast Food,4.6,28,50.0,51.0,35.0,23.7451712,90.418575,"Malibagh, santibagh moga hazir goli 151",1216
uga4,Adib kitchen,,Dhaka,,Snacks|Curry|Rice Dishes,0.0,0,50.0,51.0,35.0,23.74950242,90.41099006,"Boro Moghbazar, Dr Goli  ,flat # 7B 163  mugh bazar, doctor's lane Dhaka 1217, 1217 Mogbazar, Dhaka, Bangladesh",1217
b2vj,MoMade,,Dhaka,,Snacks|Rice Dishes,4.5,6,50.0,51.0,35.0,23.76711045,90.44282855,"Regional Passport Office, Dhaka East, 4no road, (40-42 house),1st floor, blk -F,aftabnagar, 1212 Badda, Dhaka, Bangladesh",1212
juf5,DeliStop,,Dhaka,,Healthy,4.6,5,50.0,51.0,35.0,23.7469933,90.4135487,"Salma Village, 1st Lane, 135/2, 1217 Malibag, Dhaka, Bangladesh",1217
mxe4,Burger Stop,,Dhaka,,Fast Food,4.2,30,50.0,51.0,35.0,23.7469933,90.4135487,"Salma Village, 135/2 , 1st lane, 1217 Malibag, Dhaka, Bangladesh",1217
uagz,Nowshin's Kitchen,,Dhaka,,Curry|Bangladeshi|Asian,4.6,1,50.0,51.0,35.0,23.7526492,90.44192495,"ব্লক- এইচ , রোড নং- ৭/৫ Rajia Monjil, 2nd floor, 1219 Khilgaon, Dhaka, Bangladesh",1219
s6ty,Jhal Ghor,,Dhaka,,Chicken|Snacks|Beverage|Meat|Burgers|Western,4.5,10,50.0,51.0,35.0,23.7438412,90.4295413,"217/1/A, Tilpapara Kalvart Road, Tilpapara, Khilgaon, Dhaka",1219
gzfj,CP Five Star -Madina Trade and Food Int-Banasree,CP Five Star,Dhaka,,Chicken|Snacks|Meat|Fast Food,4.1,10,50.0,51.0,35.0,23.7597104,90.4443249,"H Block, Road :8, Opposite of Apex, besides Of Swapno, Banasree",1219
txmr,Delulu Foodies,,Dhaka,,Curry|Rice Dishes|Dessert|Bangladeshi|Asian,0.0,0,50.0,51.0,35.0,23.7538009,90.407272,"Nayatola Rd Noyatola park, Shahnuri mazar, 1217 Mogbazar, Dhaka, Bangladesh",1217
y2vb,JolChowki,,Dhaka,,Snacks|Curry|Rice Dishes,0.0,0,50.0,51.0,35.0,23.752247,90.441992,"House-36, Road-7/3, Block-H, Flat-1st Floor,(left Side), South Banasree, Dhaka",1219
t86i,Swaader Ghor,,Dhaka,,Bangladeshi|Asian,4.8,30,50.0,56.0,35.0,23.74360195,90.4301855,"North basabo road number 10, 55/5/A groud floor, North basabo road number 10 , 55/5/A , 1A, 1214 Khilgaon, Dhaka, Bangladesh",1214
n8xk,Fresh & Hot Live Bakery- Banasree Kazibari,,Dhaka,,Snacks|Dessert|Bakery,4.9,8,50.0,56.0,35.0,23.755589,90.443828,"House -02 ,Road 03, Block - N Banasree,khilgaon,Dhaka-1219",1219
ft7c,Dadu's Diner,,Dhaka,,Rice Dishes|Beverage|Dessert,0.0,0,50.0,56.0,35.0,23.7436018,90.4315019,"55/7/9, 1219 Khilgaon, Dhaka, Bangladesh",1219
lw4t,Homemade Haven,,Dhaka,,Curry|Rice Dishes,5.0,30,50.0,56.0,35.0,23.7553432,90.4056891,"Gabtola 666 666/2 jahabox lane mogbazar, 1217 মগবাজার, ঢাকা, Bangladesh",1217
nkol,Bilashi Cafe,,Dhaka,,Juice Corner|Beverage,0.0,0,50.0,56.0,35.0,23.745988,90.4129697,"Malibagh 1st Ln 73 Malibagh College rd dhaka, 1217 Motijheel, Dhaka, Bangladesh",1217
cgem,Ghorer Khabar,,Dhaka,,Snacks|Curry|Rice Dishes|Bangladeshi|Asian,4.7,30,50.0,56.0,35.0,23.7520821,90.4066599,"541 house peyarabag masjid moghbazar,  moghbazar, Dhaka, 1217 Mogbazar, Dhaka, Bangladesh",1217
ig49,Khan's Bakery,,Dhaka,,Snacks|Dessert|Bakery,3.5,5,50.0,56.0,35.0,23.752464,90.405203,Outer Circular Road Eskaton Road Mogbazar Dhaka-1217,1217
z338,100 Bites,,Dhaka,,Bangladeshi|Asian,0.0,0,50.0,56.0,35.0,23.7641281,90.4466991,"Aftab Nagar, House 15, 1212 Badda, Dhaka, Bangladesh",1212
vy0s,Hazi Kacchi Bari,,Dhaka,,Rice Dishes,4.2,30,50.0,71.0,35.0,23.74015523,90.42858765,"230, Moddho Basabo, Sabujbagh, Dhaka",1214
j98u,Sharmins  Kitchen,,Dhaka,,Curry,0.0,0,50.0,78.0,35.0,23.7399826,90.4373123,"108/5,Shanto Nir (GOLAM MOSTAFA), patwarigoli, dhaka 1214",1214
lirv,Royals Restaurant,,Dhaka,,Curry|Rice Dishes|Soups|Chinese|Asian,0.0,0,50.0,76.0,35.0,23.744942,90.4443284,"19 Nandipara , Chapakhana , 5 No club Road , Dhaka, Bangladesh",1219
rfpi,Labonno's Kitchen,,Dhaka,,Curry|Rice Dishes|Dessert|Bangladeshi|Asian,0.0,0,50.0,78.0,35.0,23.7420732,90.4420104,"166/12  Ramijuddin Tawar, Addarsho para, Madertek,  Basabo,Sabujbagh, Dhaka-1214",1214
f77o,Deli Food Kitchen,,Dhaka,,Bangladeshi|Asian,3.8,5,50.0,78.0,35.0,23.7657426,90.451324,"4, Jahurul Islam Avenue, House- 2, Avenue- 10, Block-G, Aftabnagar, Dhaka-1212",1212
e23t,Shanaz Kitchen,,Dhaka,,Turkish|Kebab|Curry|Rice Dishes|Middle Eastern|Bangladeshi|Asian,0.0,3,50.0,78.0,35.0,23.764254,90.4546501,"Taltola, 24, 1212 Badda, Dhaka, Bangladesh",1212
foy9,Mun Afrin’s Tasty Delights,,Dhaka,,Snacks|Rice Dishes|Italian|Mediterranean|Sandwiches|Pizza|Western|Bangladeshi|Asian|Fast Food,0.0,0,50.0,87.0,35.0,23.7420875,90.4469531,"Near HK, Baitul Jannat Zame Masjid, Dakshingaon 2 no road, Opposite side of Chairman bari, Bashabo, Dhaka, https://maps.app.goo.gl/iyubtccEFroBamKY7, 1214 Khilgaon, Dhaka, Bangladesh",1214
c9m6,Taste Like Home,,Dhaka,,Snacks|Rice Dishes,0.0,0,50.0,87.0,35.0,23.7356281,90.4403432,"West Rajarbag, School Road 1214No, 1214 Manda, Dhaka, Bangladesh",1214
nnk0,Sadia’s Kitchen,,Dhaka,,,0.0,1,50.0,41.0,35.0,23.7525486,90.4175227,"398/B, Flat - 10B",1219
seif,Purple Bite,,Dhaka,,,0.0,0,50.0,51.0,35.0,23.74883055,90.41239494,"116 W Malibagh, W Malibagh 116, 1229 Malibag, Dhaka, Bangladesh",1229
asyt,Bashar Bhayer Tehari,,Dhaka,,,0.0,1,50.0,51.0,35.0,23.7543422,90.4077292,"538/2 Shah Shaheb Bari, Noyatola",1217
sp5b,Muktadur Kitchen Home,,Dhaka,,,0.0,0,50.0,19.0,35.0,23.7632994,90.4179629,Rampura dhaka ulon rood shimulbag 305/1,1219
dt9y,Cloud Kitchen,,Dhaka,,,0.0,0,50.0,78.0,35.0,23.73946368,90.43708344,"Patwari Goli Chowrasta, 6/A",1214
fdul,Lucky Crab Vuna Seafood,,Dhaka,,,0.0,1,50.0,51.0,35.0,23.7458184,90.423722,"Uttar Shahjahanpur, Jahaj Building, Dhaka-1217, Bangladesh",1208
q6sr,Lazoma,,Dhaka,,Middle Eastern|Shawarma,0.0,2,50.0,9.0,35.0,23.761443,90.4265497,"Titash Road, ১৮৭/১A বাঘ মার্কা গলি  তিতাস রোড, বনশ্রী, 1219 Rampura, Dhaka, Bangladesh",1219
aa6g,Eastern Juice Point,,Dhaka,,Juice Corner|Beverage,4.8,6,50.0,9.0,35.0,23.762495,90.426159,"Eastern housing , beside Takeout banasree branch, road-7, block -b , Titash road Banasree Dhaka, 1219",1219
oesp,Petpurti,,Dhaka,,Snacks|Chinese|Asian|Dumpling,4.6,9,50.0,9.0,35.0,23.7611113,90.4273959,"পেটপূর্তি | Pet Purti, Titash Rd, 1219 Rampura, Dhaka, Bangladesh",1219
msjy,La Carte,,Dhaka,,Bangladeshi|Asian,0.0,0,50.0,9.0,35.0,23.7582378,90.4254798,"purano police fari ( near green garden laboring high school),East Rampura, 225/Kha, purano police fari, east rampura, 1219 Rampura, Dhaka, Bangladesh",1219
wt7k,The Seafood Station,,Dhaka,,Seafood,4.3,15,50.0,9.0,35.0,23.76312255,90.42227626,"TV Rd 3 335/kha/2, Dipon Villa, TV Road, Panir Pump er pichone, 1219 Rampura, Dhaka, Bangladesh",1219
dls3,Bionecter Juice bar,,Dhaka,,Juice Corner|Beverage,3.0,4,50.0,9.0,35.0,23.7646094,90.4267083,House-1 Road-3 Block-B banasree,1219
pal1,EFC,,Dhaka,,Rice Dishes|Italian|Pasta|Mediterranean|Burgers|Western|Fast Food,4.3,5,50.0,9.0,35.0,23.75700811,90.42572248,"27/15 B, Moulovhirtak (Beside of Baitul Mamur Jame Masjid) Rampura,Dhaka 1219.",1219
ft2t,Ruzba's Bakery,,Dhaka,,Snacks|Rice Dishes|Soups,4.2,8,50.0,9.0,35.0,23.75854365,90.42874695,"Nobinbag, Titas Gas Rd 264/6/FA, Titus road, Nobinbag, Banasree, Opposite of Police Park",1219
e2gm,Hazi Khacchi Bari,,Dhaka,,Rice Dishes,0.0,1,50.0,9.0,35.0,23.758973,90.429242,"Block C, House 1, Road 13 Avenue Road, Dhaka 1219",1219
ua1z,Bake Hurry Live,,Dhaka,,Snacks,4.7,30,50.0,9.0,35.0,23.7585376,90.4290624,"Bake Hurry Live, Ave 3 180/6/23, Road- 14, Block- C, Banasree, Dhaka-1219, 1219 Banasree, Dhaka, Bangladesh",1219
p11p,Wood Fire - Banasree,,Dhaka,,Turkish|Kebab|Snacks|Italian|Middle Eastern|Pasta|Mediterranean|Pizza|Western,4.9,30,50.0,14.0,35.0,23.76528337,90.42714527,"1, Road Number 1, House-1, Road Number-1, block-b, banasree rampura dhaka",1212
alh2,Meghdot - Riverside Rooftop,,Dhaka,,Juice Corner|Snacks|Beverage,0.0,1,50.0,14.0,35.0,23.7657388,90.4266516,"Meghdot( Riverside Rooftop ), bonasree  A block main road, 1219 Banasree, Dhaka, Bangladesh",1219
kqlv,Big Q - Banasree,THE BIG Q,Dhaka,,Burgers|Western|Fast Food,4.7,30,50.0,14.0,35.0,23.7661174,90.42611745,"House - 9, Agora Building, Block - A, Main Road, Banasree, Dhaka - 1219",1219
mhp3,Chicken Buzz - Banasree,Chicken Buzz,Dhaka,,Chicken|Meat|Burgers|Western|Fast Food,4.9,30,50.0,14.0,35.0,23.76614515,90.42614235,"House - 9, Agora Building, Block - A, Main Road, Banasree, Dhaka - 1219",1219
bsl5,Sultan's Dine - Banasree,Sultan's Dine (Kitchen),Dhaka,,Rice Dishes|Indian|Biryani|Bangladeshi|Asian,4.1,30,50.0,14.0,35.0,23.7661494,90.4261599,"House - 9, Agora Building, Block - A, Main Road, Banasree, Dhaka - 1219",1219
nm56,Uncle Bobo's - Banasree,Uncle Bobo's,Dhaka,,Chicken|Meat|Fast Food,4.8,30,50.0,14.0,35.0,23.76615175,90.42615455,"House - 9, Agora Building, Block - A, Main Road, Banasree, Dhaka - 1219",1219
igyx,Alif Biryani,,Dhaka,,Rice Dishes|Indian|Biryani|Asian,3.3,15,50.0,14.0,35.0,23.7621136,90.4307376,House-2 Road-4 Block-D Banasree Dhaka-1219,1219
hua8,New Dhaka Kacchi Dine,,Dhaka,,Rice Dishes,2.5,10,50.0,14.0,35.0,23.7607721,90.4191261,House-318 DIT Road East Rampura Dhaka-1219,1219
klz8,Chicken Hungry,,Dhaka,,Snacks|Rice Dishes|Beverage|Fast Food,0.0,2,50.0,14.0,35.0,23.7630684,90.4307604,"H#34R#2, Block -C, Banasree Rampura",1219
u2b6,Nirjas Juice & Coffee - Banasree,Nirjas Juice & Coffee,Dhaka,,Juice Corner|Beverage|Cafe,4.8,0,50.0,14.0,35.0,23.762536,90.4309653,"House#01, Road#03, Block#D  Rampura Banasree, Dhaka 1219.",1219
mxjh,SIP,,Dhaka,,Juice Corner|Beverage|Cafe,0.0,0,50.0,14.0,35.0,23.76309792,90.43098429,"House 35, Road No 2, Block C, C & D Avenue, Banasree, Dhaka - 1219",1219
j6rf,KhaiDai,,Dhaka,,Healthy,4.1,30,50.0,14.0,35.0,23.758318,90.4190258,"Chowdhury vila, 42/a east hazipara rampura dhaka-1219 Hazipara jame mosjid er age.Moni ladies tailors er building, 1219 Rampura, Dhaka, Bangladesh",1219
vi31,Instant Break,,Dhaka,,Bangladeshi|Asian,0.0,0,50.0,14.0,35.0,23.7597894,90.4183391,"1219 Rampura, Dhaka, Bangladesh (Ground Flood)",1219
rdpj,Traditional Khana Pina,,Dhaka,,Bangladeshi|Asian,0.0,1,50.0,19.0,35.0,23.756742,90.419581,"Khilgaon chowdhury para near matir mosjid, ৮২ গলি,House 179, Block B,Flat 1, 1219 Khilgaon, Dhaka, Bangladesh",1219
g20i,Bhat Dal Bhorta,,Dhaka,,Snacks|Beverage,3.1,2,50.0,31.0,35.0,23.76218745,90.41752825,Rampura wabda road jahaj building er pichone 174/1,1219
b6x9,COZY CUP,,Dhaka,,Dessert|Doi,4.4,30,50.0,28.0,35.0,23.7678195,90.427237,"House -36 , Road -2 , Block -A , Aftabnagar, badda Dhaka",1212
c2lq,Dhaka Biryani Ghor,Dhaka Biryani Ghor,Dhaka,,Snacks|Indian|Biryani|Bangladeshi|Asian,3.1,8,50.0,28.0,35.0,23.768007,90.427658,"56, Road Number 3 Block A, house no- 56, road no- 3, block- A, Aftabnagar, near assunnna foundation",1212
ansu,Umm Cafe - Banasree,,Dhaka,,Snacks|Beverage,4.9,6,50.0,28.0,35.0,23.7617042,90.4332384,"House - 41, Road - 03, Block - D, Next Shop of Sunnah E Kacchi Banasree, Banasree, Dhaka - 1219",1219
s5tn,Ideal Restaurant,,Dhaka,,Chicken|Sandwiches|Meat|Western|Asian,4.7,13,50.0,28.0,35.0,23.768632,90.424689,"plot 2 a ,  Aftabnagar Police Fari, Dhaka",1217
rr05,Ideal Sweets & Bakery- Aftabnagar,Ideal Sweets & Bakery,Dhaka,,Snacks|Sweets|Dessert,0.0,0,50.0,28.0,35.0,23.7686506,90.4246834,"Aftabnogor, Beside East west university, Dhaka",1212
f5p3,Pizza Siszza,,Dhaka,,Italian|Mediterranean|Pizza|Western,0.0,0,50.0,31.0,35.0,23.76866515,90.42624195,"Aftabnagor, besides of east west university, Block A, dhaka",1212
cup9,Vhinno Ghar,,Dhaka,,Snacks|Beverage,4.1,30,50.0,31.0,35.0,23.76686985,90.4305544,Aftabnagar Black B road 4 house  46 A1,1212
xw3d,Ayesha Siddiqa Rannaghor,,Dhaka,,Curry|Rice Dishes|Dessert|Bangladeshi|Asian,3.6,5,50.0,31.0,35.0,23.7677301,90.4205427,Hosue-156 Purbo Ulon Hatirjheel Rampura -1217,1217
wkiz,Butter & Better,,Dhaka,,Dessert,0.0,0,50.0,31.0,35.0,23.76248757,90.41647106,"Rampura wapda road, 158/2, 1219 Rampura, Dhaka, Bangladesh",1219
x6x8,Gilo Cafe and Restaurant,,Dhaka,,Snacks|Rice Dishes|Italian|Mediterranean|Pizza|Burgers|Western,0.0,0,50.0,28.0,35.0,23.7689581,90.4263262,"GILO Cafe and Restaurant, House/Flat # 1276BADDA, BADDA,Aftabnagar east west university r pichone, 1212 Badda, Dhaka, Bangladesh",1212
gfi3,Kacchi Boithok,,Dhaka,,Rice Dishes,3.9,30,50.0,28.0,35.0,23.7690082,90.4240217,"aftabnogor maingate , near footover bridge, merul badda, Infront of east west university, Dhaka",1212
ls9h,Afghani Kabuliwala,,Dhaka,,Rice Dishes,2.3,3,50.0,31.0,35.0,23.7569628,90.4162691,"Rupayan Khan Tower, E Hajipara 51 Opposite of Hajipara Petrol Pump. Rupayan Khan Tower, Flat D 5, 1219 Khilgaon, Dhaka, Bangladesh",1219
jqbn,GB Express - Khilgaon,,Dhaka,,Turkish|Kebab|Chicken|Middle Eastern|Meat|Burgers|Western|Fast Food,4.2,25,50.0,33.0,35.0,23.75266085,90.42127339,"382/B khilkaon taltola, chowdhory para",1219
s1qg,Cafe Green Apple Restaurant,Big Apple,Dhaka,,Steak|Italian|Mediterranean|Pizza|Meat|Western,4.4,9,50.0,33.0,35.0,23.7521522,90.4230061,"House No. 373/B, Shahid Baki Road, Khilgaon Taltola, Dhaka",1219
lbqv,Kebabistan,,Dhaka,,Turkish|Kebab|Middle Eastern,4.9,30,50.0,33.0,35.0,23.7524441,90.4216884,"434, 1219 Taltola Rd, Dhaka",1219
ogbw,Tehari Ghor,,Dhaka,,Rice Dishes|Bangladeshi|Asian,4.3,5,50.0,33.0,35.0,23.7513476,90.42528301,"Shop - 12, 19, House - Jha 13-14, Batayon Palace Shopping Complex, Block - A, Khilgaon Taltola, Khilgaon",1219
t65i,NestDine,,Dhaka,,Fast Food,0.0,1,50.0,33.0,35.0,23.75291581,90.41865334,"1219 Khilgaon, Dhaka, Bangladesh",1219
u8w5,Smokey Live Pizza,,Dhaka,,Italian|Mediterranean|Pizza|Western,4.8,7,50.0,33.0,35.0,23.7525474,90.4184565,"Plot - 394/B, Opposite of BRAC BANk & Pallima Sangsad Schoo, Near Cafe 3, Shahid Baki Road, Khilgaon, Dhaka - 1219",1219
gobn,Cafe 3,,Dhaka,,Turkish|Kebab|Italian|Middle Eastern|Mediterranean|Pizza|Western,4.5,8,50.0,33.0,35.0,23.75252916,90.41846423,"In Front of Cafe 3, Plot - 394/B, Shahid Baki Road, Malibag Chowdhurypara, (Pallima School Opposite Side), Khilgaon, Dhaka - 1219",1219
bni7,Kabri Bengali Cuisine,,Dhaka,,Snacks|Curry,4.6,30,50.0,33.0,35.0,23.75189245,90.41922545,"Pallima Sangsad, Shahid Baki Rd 841 412/C, khilgaon,  in front of the 3rd gate of Pollima Sangsad, 1219 Khilgaon, Dhaka, Bangladesh",1219
q1vb,Greens & Seeds - Khilgaon,Greens & Seeds,Dhaka,,Fast Food,4.3,30,50.0,33.0,35.0,23.75241345,90.4182714,"582/C, Khilgaon Chowdhury Para, Shahid Baki Sarak, Khilgaon, Dhaka - 1219",1219
u003,DC Prime Cuisine & Restaurant,,Dhaka,,Turkish|Kebab|Curry|Rice Dishes|Middle Eastern,4.0,4,50.0,33.0,35.0,23.7522345,90.4181255,"582/C, Malibagh Chowdhury Para, Shahid Baki Road, Khilgaon, Dhaka - 1219",1219
hhln,Krispy Kitchen,,Dhaka,,Snacks|Rice Dishes|Beverage,2.7,8,50.0,38.0,35.0,23.752344,90.41765365,"586/C Shahid Baki Rd, Khilgaon, Dhaka - 1219",1219
pbiw,Rice and More,,Dhaka,,Snacks|Rice Dishes|Beverage|Bangladeshi|Asian,1.5,2,50.0,41.0,35.0,23.7507373,90.4296116,"N Goran Rd 280 Sipahibag club more, 1219 Khilgaon, Dhaka, Bangladesh",1219
cxyh,Momo Box,,Dhaka,,Beverage|Chinese|Asian|Dumpling,2.1,2,50.0,41.0,35.0,23.749423,90.42440115,"Khilgaon Khilgaon new Colony, 1219/-- 1/7, 1219 Khilgaon, Dhaka, Bangladesh",1219
mls9,Pure Dairy Farm Sweets and Bakery - Khilgaon,Pure Dairy Farm Sweets & Bakery - Mugda,Dhaka,,Sweets|Dessert,4.3,0,50.0,38.0,35.0,23.7493991,90.4262858,House-1409/A Khilgaon Chowrasta Khilgaon Dhaka-1219,1219
sxuv,Rannar Jadu,,Dhaka,,Bangladeshi|Asian,0.0,0,50.0,41.0,35.0,23.7496074,90.4282237,"735/A cumilla hotel, khilgaon chourasta,dhaka",1219
gmyq,D'Crave,,Dhaka,,Turkish|Kebab|Snacks|Curry|Rice Dishes|Italian|Middle Eastern|Mediterranean|Pizza|Burgers|Western,3.0,30,50.0,38.0,35.0,23.7491667,90.4269778,"D’Crave, Khilgaon Ekota sorok 823/A, 1219 Khilgaon, Dhaka, Bangladesh",1219
zw6q,Live Kitchen,,Dhaka,,Bangladeshi|Asian,0.0,0,50.0,41.0,35.0,23.7527405,90.4154911,"Jai Somoy, 72/B, 1219 Malibag, Dhaka, Bangladesh",1219
jiep,Kureghor Kabab & Restaurant,Kureghor kabab (Main Brunch),Dhaka,,Turkish|Kebab|Curry|Middle Eastern|Beverage,4.0,4,50.0,38.0,35.0,23.76182577,90.43852574,"House - 33, Road - 2, Block - F, Banasree",1219
wqr5,Marsal Aquarium Restaurant,,Dhaka,,Snacks|Chinese|Asian|Fast Food,4.3,18,50.0,38.0,35.0,23.7499592,90.43280915,"Goran,  Khilgaw goran nobabi mor  198/b 2nd floor, 1219 Khilgaon, Dhaka, Bangladesh",1219
nqaa,Laboni's Kitchen,,Dhaka,,Snacks|Dessert,4.6,4,50.0,41.0,35.0,23.7547871,90.4122604,"E Nayatola Rd 25/C 3rd Floor, 1217 Mogbazar, Dhaka, Bangladesh",1217
pjkn,Bismillah Fast Food,,Dhaka,,Chotpoti & Fuchka|Bangladeshi|Asian,4.4,0,50.0,38.0,35.0,23.7481438,90.4207699,Shahjahanpur Jhilpar saifuliya Marke,1219
mf9a,Modhubag Biryani and Kabab Station,,Dhaka,,Turkish|Kebab|Middle Eastern,3.7,7,50.0,38.0,35.0,23.75725236,90.41090209,"Modhubag Biryani and Kabab Station, 355, Hazi Tower Goli, Modhubag, Hatirjheel, 1217 Mogbazar, Dhaka, Bangladesh",1217
riqy,Hungry Inn,,Dhaka,,Snacks|Italian|Beverage|Mediterranean|Pizza|Western,0.0,0,50.0,43.0,35.0,23.7477003,90.4280425,"568/A Ekata Sharok, Road No. 14 Tilpapara, Khilgaon Dhaka-1219.",1219
ni2q,Afghani Sea Food and Kebab House,,Dhaka,,Turkish|Kebab|Middle Eastern|Seafood,4.4,15,50.0,51.0,35.0,23.74756715,90.4292256,"তিলপাপাড়া সড়ক 16 107/1 rode 16 tilpapara,Khilgaon, 1219 খিলগাঁও, ঢাকা, Bangladesh",1219
tbbe,Nowrin's Kitchen,,Dhaka,,Rice Dishes|Beverage|Bangladeshi|Asian,0.0,1,50.0,51.0,35.0,23.7469669,90.4242167,272/F north Shahjahanpur khilgaon bagicha bridge,1219
gx68,Khushbu Biryani Kutir,,Dhaka,,Rice Dishes|Indian|Biryani|Asian,4.4,8,50.0,51.0,35.0,23.74756298,90.43026951,House-1048 Harvanga More Khilgaon Dhaka-1219,1219
y8wm,Sara Kitchen,Tasfia Kitchen,Dhaka,,Curry|Rice Dishes|Bangladeshi|Asian,4.3,30,50.0,51.0,35.0,23.7466546,90.4242935,"272/F Shahjahanpur,Dhaka",1217
ia7r,Western Valley Cafe & Restaurant,,Dhaka,,Snacks|Italian|Mediterranean|Pizza|Western|Fast Food,0.0,0,50.0,51.0,35.0,23.7581788,90.4415247,"House - 01, Road - 11, Block - L,  Opposite of 10 Tola Building, South Banasree, Dhaka - 1219",1219
aksf,Rafan's Mom Kitchen,,Dhaka,,Snacks|Curry|Rice Dishes,4.6,9,50.0,51.0,35.0,23.7514882,90.4382911,"60 house , Block F , 10/1 no road dokkhin banasree",1219
sni7,FLASH Kitchen,,Dhaka,,Italian|Pasta|Mediterranean|Western,4.1,5,50.0,51.0,35.0,23.7457587,90.4220349,331 North Shahjahan Pur Dhaka-1217,1217
qzxr,JK Noor's Kitchen,,Dhaka,,Snacks|Curry,4.2,15,50.0,51.0,35.0,23.7522372,90.4391933,"Road No. -9/7, House - 76 , Block - G, Dhokkhin Banesree , Rampura, Dhaka",1206
zdmn,Brother’s Kitchen,,Dhaka,,Curry|Bangladeshi|Asian,4.5,3,50.0,51.0,35.0,23.749053,90.413905,176 Malibagh Bazar Rd,1000
l05f,Touaam,,Dhaka,,Chicken|Snacks|Beverage|Meat|Fried Chicken,0.0,0,50.0,51.0,35.0,23.75671908,90.44149076,"House - 360, Road - 14, Block - K, Opposite of Mamun Biriyani House, South Banasree, Dhaka - 1219",1219
yri0,OverLoaded,,Dhaka,,Italian|Pasta|Mediterranean|Pizza|Burgers|Western|Fast Food,2.9,30,50.0,51.0,35.0,23.7454394,90.4225152,"357,North Shajahanpur, Bhuyain Tower (Lift-3), Dhaka - 1217, Bangladesh",1217
zbip,Rice N Curry Kitchen,,Dhaka,,Curry|Rice Dishes|Beverage|Bangladeshi|Asian,4.7,18,50.0,51.0,35.0,23.74531,90.4233832,"430/3, Uttor Shahjahanpur, Amtola Mosjider Golli, Dip Shikha School er Golli, Dhaka- 1217.",1217
yylg,Pizza Napoli,,Dhaka,,Snacks|Italian|Mediterranean|Pizza|Western,4.5,5,50.0,51.0,35.0,23.75865075,90.4421743,"South Banasree, khilgaon thanda , Block-L House no-8, Road-9 , Dhaka -1219 Banasree, Dhaka, Bangladesh",Dhaka -1219
pkd3,Harry Petuk,,Dhaka,,Snacks|Fast Food,0.0,0,50.0,51.0,35.0,23.75715059,90.44188227,"Road-13, Block-L, South Banasree , Dhaka - 1219 ( Near Eastern Banabithi
Shopping Complex)",১২১৮
ir9v,Tususru's Kitchen,,Dhaka,,Curry|Bangladeshi|Asian,4.8,30,50.0,51.0,35.0,23.7450946,90.4214444,"400/1 North Shahjahanpur, (Near Dipshikha school)., 1217 Khilgaon, Dhaka, Bangladesh",1217
lnba,New Bismillah Biryani and Kabab House,,Dhaka,,Curry|Rice Dishes,2.8,18,50.0,51.0,35.0,23.74440822,90.42586841,"187, North Shahajadpur, Dhaka",1217
qz10,Tiny Treats,,Dhaka,,Cakes,2.5,4,50.0,51.0,35.0,23.7567262,90.4073323,"Ambagan bazar mur., 257/D, Ambagan bazarmur,  Noyatola. (Ambagan mur-er rikshawar garrage-er pichone,  vater hoteler sathe golir prothom buiding-er niche dariye call dilei hobe.), 1217 Mogbazar, Dhaka, Bangladesh",1217
ifmg,Food Squad,,Dhaka,,Snacks|Beverage|Burgers|Western,3.2,4,50.0,51.0,35.0,23.7657761,90.442965,"Road 1, Sector 2, Block F, House 31, Johirul Islam City, Aftab nagar Rampura 1211., 1211 Rampura, Dhaka, Bangladesh",1211
uvvi,Cooked By Asma,,Dhaka,,Curry,3.6,15,50.0,51.0,35.0,23.74809446,90.43730398,"house no#309,road no#10,(usha garments er goli), east goran,khilgaon, dhaka-1219 Near by Bhuyan Fashion, Dhaka, Bangladesh",1219
mw8b,Cafe Boyati - Kabab & Sea Food,,Dhaka,,Turkish|Kebab|Middle Eastern|Beverage,4.6,30,50.0,51.0,35.0,23.75189825,90.44102695,"South Banasree Central Jame Masjid, Rd No-12 House 79, Block - B, 1219 Khilgaon, Dhaka, Bangladesh",1219
mi0f,Sabina's Kitchen,,Dhaka,,Curry|Rice Dishes|Bangladeshi|Asian,0.0,2,50.0,51.0,35.0,23.7552853,90.4428044,"South banasree, 18/218/B, 1219 Banasree, Dhaka, Bangladesh",1219
qwjr,Le Delicia - Banasree,LE DELICIA,Dhaka,,Dessert|Doi,4.9,30,50.0,51.0,35.0,23.758592,90.4440736,"Plot: M-2, Road No-8, Block-L, South Banasree, Dhaka-1219",1219
nkm1,Evergreen Food Zone,,Dhaka,,Italian|Pasta|Mediterranean|Western,0.0,1,50.0,51.0,35.0,23.74477156,90.4330354,"House# 322/1/B, (Floor: D-4) Road 7, South Goran, Shantipur, 1219 Khilgaon, Dhaka, Bangladesh",1219
g98r,The Bridge Restaurant,,Dhaka,,Chicken|Italian|Pasta|Beverage|Mediterranean|Pizza|Meat|Burgers|Western|Fast Food,0.0,0,50.0,51.0,35.0,23.7606243,90.4444705,"1st floor, House: 2, Road: 3, Block J, Banasree, Meradia bazar",1219
d0fy,Hungry Max,,Dhaka,,Fast Food,0.0,0,50.0,51.0,35.0,23.74636042,90.41376094,"147, malibagh, 1217 Malibag, Dhaka, Bangladesh",1217
fvv4,The Fuchka & Chotpoti House,,Dhaka,,Chotpoti & Fuchka|Bangladeshi|Asian,3.1,5,50.0,56.0,35.0,23.74779855,90.43899449,"316/2/B,East Goran,Road No-10,Khilgaon, Dhaka-1219, 1219 Goran, Dhaka, Bangladesh",1219
v6u9,Aht Hungry,,Dhaka,,Italian|Mediterranean|Pizza|Western,0.0,1,50.0,56.0,35.0,23.743299,90.4306349,"35B/1/1 north basabo, 1214 Khilgaon, Dhaka, Bangladesh Near by Aponar Dokan, North Basabo Road# 10, Dhaka, Bangladesh",1214
qn7p,Spicy Kitchen,,Dhaka,,Curry|Rice Dishes,0.0,2,50.0,56.0,35.0,23.7644193,90.4453265,"Tanin Beauty parlour, Aftab Nagar Main Rd, ১২১৯, BD",1212
xl6d,Ghrill & Thrill,,Dhaka,,Turkish|Kebab|Middle Eastern,0.0,1,50.0,56.0,35.0,23.7670942,90.4448467,"ADDAR MORE (আড্ডার মোড়), N - S Rd 47c, 1212 Badda, Dhaka, Bangladesh",1212
m183,Gram Bangla Bhorta Bhat Restaurant,,Dhaka,,Bangladeshi|Asian,0.0,2,50.0,56.0,35.0,23.75170984,90.40666973,"Mogbazar Pyarabag  Jama Masjid-537 মগবাজার পেয়ারাবাগ জামে মসজিদ বাসা-৫৩৭, 1217 Mogbazar, Dhaka, Bangladesh",1217
xa7x,Cha With Ta - Mogbazar,Cha with Ta,Dhaka,,Snacks|Beverage|Burgers|Western,3.3,2,50.0,56.0,35.0,23.7529893,90.4059337,"""681 (Noor Bhaban) Boro moghbazar 
(Near red crescent society)""",1217
yqq3,Khokon Food Corner,,Dhaka,,Snacks|Rice Dishes|Beverage|Cafe,4.9,11,50.0,56.0,35.0,23.7435673,90.4341517,"333/D/A, Hawai Goli (Opposite of Hawai Chuck), South Goran, Khilgao",1219
q1bj,Shadey Sondha,,Dhaka,,Fast Food,3.3,10,50.0,56.0,35.0,23.7435239,90.4341517,"Howai Goli, House no 333/D/A, 1219 Goran, Dhaka, Bangladesh",1219
gpyi,Shakeholic P,,Dhaka,,Juice Corner|Beverage|Fast Food,2.2,4,50.0,56.0,35.0,23.7488662,90.4084796,Hose-27 Grand Plaza shopping mall Mogbazar Dhaka-1217,1217
pmoy,Hawai Kebab,,Dhaka,,Turkish|Kebab|Snacks|Middle Eastern,2.6,4,50.0,56.0,35.0,23.743287,90.4341495,"House - - 334/6, Hawai Goli, Opposite of BD NAGA FOOD & JUICE, South Goran, Khilgaon, Dhaka - 1219",1219
gcw0,Seli's Homemade Food,,Dhaka,,Curry,0.0,0,50.0,56.0,35.0,23.7499847,90.4430239,"6 Nandipara Rd, Nandipara Rd 6, 1202 Khilgaon, Dhaka, Bangladesh",1202
vpbn,Meshwaal,,Dhaka,,Bangladeshi|Asian,4.2,30,50.0,56.0,35.0,23.74247775,90.43391895,"45 ,basaboo ছায়াবীথি মসজিদের পিছনের গলি, বি ব্লক, sobujbag thana ,",1219
e3pa,Afroza Kitchen,,Dhaka,,Rice Dishes,4.5,30,50.0,56.0,35.0,23.7423263,90.4338659,"basaboo chayaabithi b block , mosjid er piche madrashar sather bari, 1214 Goran, Dhaka, Bangladesh",1214
zon3,Best Kitchen,,Dhaka,,Curry|Rice Dishes|Bangladeshi|Asian,0.0,0,50.0,73.0,35.0,23.7408258,90.429914,"160 Central Basabo, Central Basabo 160, 1214 Khilgaon, Dhaka, Bangladesh",1214
n6xd,Shujon Vai Snacks Bar,,Dhaka,,Chicken|Beverage|Meat|Burgers|Western|Fast Food|Fried Chicken,0.0,0,50.0,71.0,35.0,23.7401545,90.4277188,"House - 221, North of Sabujbag Thana, Middle Bashabo, Khilgaon",1214
c8uw,Apurbo Hotel,,Dhaka,,Snacks|Curry|Rice Dishes|Bangladeshi|Asian,4.5,30,50.0,71.0,35.0,23.74879395,90.40601711,"Apurbo Hotel, Jomidar Goli Ad din Hospital goli, 1217 Mogbazar, Dhaka, Bangladesh",1217
od0i,Natural Dairy & Juice Mart,Natural Dairy & Juice Mart,Dhaka,,Juice Corner|Snacks|Beverage,4.9,2,50.0,71.0,35.0,23.73985208,90.42773457,"Basabo Moha sorok jame mosjid Market, Sobujbag, Dhaka",1219
u3xt,Aiba R Khaiba,,Dhaka,,Snacks|Rice Dishes|Italian|Mediterranean|Pizza|Burgers|Western,2.1,2,50.0,71.0,35.0,23.7433221,90.4397126,"Holding no: 69, Madertek Chourasta, Sobujbag",1214
fqsq,Daisy's Home Flavors,,Dhaka,,Snacks|Curry|Rice Dishes,3.5,15,50.0,73.0,35.0,23.7430239,90.4393114,"Madartek Chowrasta, 74 Daisy's Home Flavor, 1214 Khilgaon, Dhaka, Bangladesh",1214
ylvs,Cooking Corner,,Dhaka,,Snacks|Curry|Rice Dishes,0.0,1,50.0,78.0,35.0,23.7405313,90.4377465,"119/1 East Bassabo, Patwari goli,Dhaka 1214",1214
x4if,Momos Kitchen House,,Dhaka,,Juice Corner|Beverage|Chinese|Asian|Dumpling,4.4,30,50.0,76.0,35.0,23.7380779,90.430978,Basabo Buddho Mondir Rd,1214
cn5v,Farhana Cakes Lover,,Dhaka,,,0.0,0,50.0,56.0,35.0,23.7502476,90.4058531,273/1 Battar Goly Chuduri bila,1217
wqqy,J K Briyani Halal Khan Sustho Thakun,,Dhaka,,,0.0,0,50.0,9.0,35.0,23.75833659,90.42537365,মেরাদিয়া জামতলা কবরস্থান রোড খিলগাঁও ঢাকা,1000
oxpa,Elyza's Kitchen,,Dhaka,,,0.0,0,50.0,41.0,35.0,23.74951466,90.43186774,"369 North Goran, Adarshabag Rd.",1219
ryxs,Mithai - Hazipara,Mithai - Dhaka,Dhaka,,Cakes|Snacks|Dessert|Doi,4.6,8,50.0,9.0,35.0,23.7582806,90.4177849,"68/A, East Hazipara, Rampura,Dhaka 1212",1212
xyfk,Platter's Lab- Khilgaon,Platter's Lab,Dhaka,,Beverage|Burgers|Western|Fast Food,0.0,0,50.0,14.0,35.0,23.7528513,90.419993,"tal-tola Road, back side of vut er adda restaurant (left sight), 426/B Chowdhury para, Dhaka-1219",1219
thhq,Reawazz,,Dhaka,,Snacks|Burgers|Western|Fast Food,0.0,0,50.0,56.0,35.0,23.7406261,90.4279617,"Sobujbag Thana Road, Sobujbag Thana Rd Basabo Sobujbag new thana road, 1214 Khilgaon, Dhaka, Bangladesh",1214
o9jx,Mithai - Banasree Block C,Mithai - Dhaka,Dhaka,,Cakes|Dessert|Doi|Fast Food,4.5,16,50.0,9.0,35.0,23.763295,90.431064,"House No: 33, Road No: 01, Block-C, Banasree, Rampura",1219
p0gc,Mithai - Banasree Block G,Mithai - Dhaka,Dhaka,,Cakes|Snacks|Dessert|Doi,4.7,11,50.0,9.0,35.0,23.7612937,90.438515,"House No-1, Road-3,Block-G,Banasree,Khilgaon,Dhaka-1219",1219
ksd0,Shumi's Hot Cake - Banasree,Shumi's Hot Cake,Dhaka,,Cakes|Dessert|Fast Food,4.9,30,50.0,38.0,35.0,23.7613543,90.43034015,"House-2, Road-6, Block-D, Banasree, Rampura, (Beside Global Ideal School & College) Dhaka-1219",1219
u42i,Mithai- Banasree-J,Mithai - Dhaka,Dhaka,,Cakes|Dessert|Doi|Fast Food,4.7,18,50.0,9.0,35.0,23.7592735,90.4442593,"Block-J ,Road-07, House-1,Banasree, Khilgaon,Dhaka",1219
kicr,Domino’s Pizza - Shantinagar,Domino's Pizza,Dhaka,,Italian|Mediterranean|Pizza|Western,4.7,30,0.0,,30.0,23.7409925,90.4123616,“MOMOTER CHOWA” Starpath Holdings Ltd. 13 Shantinagar,1205
sava,Sara Pizza- Khilgaon,Sara Pizza,Dhaka,,Italian|Mediterranean|Western,4.3,30,50.0,9.0,35.0,23.74466874,90.42655029,"90/4 A, niloy plaza, Atish Deepankar Rd, Dhaka 1219",1219
gy3s,Mithai- Khilgaon 2,Mithai - Dhaka,Dhaka,,Cakes|Sweets|Dessert|Doi|Fast Food,4.5,13,50.0,9.0,35.0,23.7446165,90.4265923,"Niloy Plaza-324 & 325, Khilgaon Rail Gate, Dhaka-1219",1219
fpzt,Shumi's Hot Cake - Khilgaon,Shumi's Hot Cake,Dhaka,,Cakes|Dessert|Fast Food,4.9,26,50.0,14.0,35.0,23.7488494,90.426697,"401/A, Khilgaon, Dhaka.",1219
zjkw,Taste With Maisha,,Dhaka,,Bangladeshi|Asian,0.0,0,50.0,24.0,35.0,23.7468638,90.4153081,"Malibag pabna coloni, 222/12/b/5th floor, 1217 Motijheel, Dhaka, Bangladesh",1217
nthn,HUMAIRA'S Kitchen,,Dhaka,,Curry|Rice Dishes|Bangladeshi|Asian,4.2,3,50.0,49.0,35.0,23.7384212,90.4167528,115 shantinagar Rupayan Z A Tower Dhaka..(opposite of white house hotel),1217
rb3q,Breado,,Dhaka,,Juice Corner|Snacks|Beverage|Burgers|Western|Fast Food,0.0,1,50.0,49.0,35.0,23.7388144,90.4161907,"156 Shantinogor,  dhaka",1217
x48o,KOYO,,Dhaka,,Sushi|Japanese|Chinese|Asian|Dumpling,4.5,30,50.0,49.0,35.0,23.73927555,90.41576025,"House - 158, Shantinagar Road, Shantinagar",1217
whyb,Handi Mandi,,Dhaka,,Asian,0.0,0,50.0,24.0,35.0,23.75030439,90.41695665,"Handi Mandi, 688/C, 1217 Malibag, Dhaka, Bangladesh",1217
uqqy,Nirjas Juice & Coffee - Basabo,Nirjas Juice & Coffee,Dhaka,,Juice Corner|Beverage,4.8,0,50.0,24.0,35.0,23.7411815,90.4352972,"PCRP+C3X, 1/gha middle Basabo, Arong Building, Dhaka 1214",1214
npu6,Haniam Mariya by Guest,,Dhaka,,Bangladeshi|Asian|Khichuri,0.0,0,50.0,49.0,35.0,23.74399651,90.41391586,"Malibag More, Malibag More Opposite of CID, close to Kacchi Ghor, adjacent to traffic light, 1217 Malibag, Dhaka, Bangladesh",1217
jlgz,Shader Khaber,,Dhaka,,Snacks,4.8,7,50.0,49.0,35.0,23.7420818,90.4141152,"Sundarban Courier Service, Chamelibagh, Chamelibag 1st Lane 15/4, chamalibag, shantinagar, Dhaka, 1217 Motijheel, Dhaka, Bangladesh",1217
cq5s,Munshiana,,Dhaka,,Bangladeshi|Asian,0.0,0,50.0,49.0,35.0,23.7358758,90.417949,"T&T Colony, G 4/3/2 Motijheel T&T colony mosjid gate ,fakirapul, 1223 Motijheel, Dhaka, Bangladesh",1223
v1e9,KFC SUPER - Baily Road,,Dhaka,,Western|American,0.0,0,50.0,49.0,35.0,23.74563716,90.41371293,"Malibhag Shahi Maszid, Malibhag Shahi Maszid, 1217 Bailey Road, Dhaka, Bangladesh",1217
pk6e,Dreams Food BD,,Dhaka,,Juice Corner|Italian|Western|Snacks|Curry|Rice Dishes|Pasta|Beverage|Mediterranean|Sandwiches|Burgers|Fast Food,0.0,0,50.0,49.0,0.0,23.7347368,90.4181617,"G-5/1/5,T&T Colony, Motijheel, Dhaka",1000
kcmu,Tasty Treat-Kulsum Tower-Shantinagar,Tasty Treat,Dhaka,,Cakes|Dessert|Fast Food,4.8,6,50.0,49.0,35.0,23.74287,90.41281,"Kulsum Tower, 40-41, Siddeshsari Circular Road, Shantinagar, Dhaka",1000
irxk,Puro Pastry & Bakery – Shantinagar,Puro Pastry & Bakery - Dhaka,Dhaka,,Cakes|Dessert|Fast Food,4.8,26,50.0,49.0,35.0,23.74077657,90.41309855,"42/A, Chamelibagh First Lane, Shantinagor, Dhaka South City Corporation, 1205",1217
iyhb,Bismillah Chotpoti House,,Dhaka,,Chotpoti & Fuchka|Bangladeshi|Asian,2.6,4,50.0,49.0,35.0,23.7425796,90.4124017,"Opposite of twin tower,  Bailey road near easy showroom, Baily Road",1217
xmxs,Nazma’s Kitchen,,Dhaka,,Bangladeshi|Asian,4.9,8,50.0,49.0,35.0,23.7410409,90.4127209,"SHANTINAGAR, 13 STARPATH HOLDING LTD(মমতার ছোয়া), 1217 ঢাকা, Bangladesh",1217
fyln,Zaika e Nawab and Catering Service,,Dhaka,,Asian,4.7,5,50.0,49.0,0.0,23.73476825,90.41634195,"37 Naya Paltan, Naya Paltan 37 Pubali Bank and Sonali Bank Fakirapool Brach Er Opposite Golir Vitor, 1000 Motijheel, Dhaka, Bangladesh",1000
bars,Doi Ghor,,Dhaka,,Dessert,4.5,4,50.0,49.0,35.0,23.7364668,90.4144061,"AR Khan trade center( basement)
40/1 Naya palton Dhaka",1000
mjol,Let's Eat Home Made Food,,Dhaka,,Cakes|Dessert,0.0,0,50.0,49.0,0.0,23.73319649,90.41813573,"Plot - 268/1, Commissioner Lane, NearFakirapool Bazar Siddiqia Jame Masjid,   Fokirapool, Motijheel, Dhaka - 1000",1000
t2xp,Shangri-La Inn Restaurant,,Dhaka,,Chicken|Snacks|Soups|Seafood|Meat|Chinese|Asian|Thai,4.7,0,50.0,49.0,0.0,23.73625198,90.41315362,"Plot - 30, Naya Paltan, VIP Road, 1st Floor, Dhaka - 1000",1000
byw5,Adila’s kitchen,,Dhaka,,Bangladeshi|Asian,0.0,1,50.0,49.0,35.0,23.7427229,90.4104442,"Baily Ritz,Apartment, 1 No New Baily Road,Baily Ritz,J-4, 1217 Bailey Road, Dhaka, Bangladesh",1217
cwf1,Frenzzo,,Dhaka,,Snacks|Italian|Beverage|Mediterranean|Pizza|Western|Fast Food,4.4,16,50.0,49.0,0.0,23.7349249,90.41419465,House-15/1 Feni Super market  Naya Paltan Mosques Goli Paltan Dhaka-1100,1100
a38i,Ghuri Rooftop,,Dhaka,,Turkish|Kebab|Curry|Rice Dishes|Italian|Middle Eastern|Pasta|Beverage|Mediterranean|Pizza|Western,4.6,8,50.0,49.0,35.0,23.740523,90.4107327,"Holdin No122, Lift 09, Mokka Eye Hospital, Bir Uttam Samsul Alam Road, Beside Habibullah Bahar University College,Dhaka 1205",1217
ecdi,Spoonlight Restaurant,,Dhaka,,Chinese|Asian,0.0,1,50.0,49.0,35.0,23.7365028,90.4125928,"35/A Purana Paltan Line, VIP Road, 1000 Paltan, Dhaka, Bangladesh",1000
bsfh,Baily Waffle & Juice Bar,,Dhaka,,Beverage|Dessert,0.0,2,50.0,54.0,35.0,23.7422239,90.4098767,"KFC Goli Baily Road, Natok Sharoni 10, 1217 Bailey Road, Dhaka, Bangladesh",1217
q3zy,Fresh Food and Juice Bar 2,,Dhaka,,Juice Corner|Snacks|Beverage|Dessert,2.0,4,50.0,54.0,0.0,23.7308082,90.4196718,House-8 Dallas Goli Arambagh DHaka-1000,1100
haye,Deshi Rannaghor,,Dhaka,,Curry|Rice Dishes|Bangladeshi|Asian,0.0,2,50.0,54.0,35.0,23.74517855,90.40902795,"Pacific Hut, Khondokar goli, Siddheswari Rd 32 32,pacific hut,khondokar goli,Siddheswari road,Dhaka, 1217 Mogbazar, Dhaka, Bangladesh",1217
mtfg,Kachari Bari Restaurant,,Dhaka,,Turkish|Kebab|Curry|Rice Dishes|Middle Eastern|Beverage|Asian,4.7,8,50.0,54.0,35.0,23.7418201,90.40899815,"Kachari Bari Restaurant, New Bailey Road, 1000 Bailey Road, Dhaka, Bangladesh",1000
va3r,Nimbo,,Dhaka,,Bangladeshi|Asian,3.8,2,50.0,54.0,35.0,23.745387,90.4088842,"House 34, Khondokar Goli, Bailey Road, 1206 Bailey Road, Dhaka, Bangladesh",1206
mgcr,Foodwala,,Dhaka,,Burgers|Western|Fast Food,0.0,0,50.0,54.0,0.0,23.7316448,90.41526,"Infront Of Fulkoli, 167/01 DIT extension road, monir tower, Fookirapool, motijheel, Dhaka-1000",1000
auf5,Chotpoti and Fuska Villa,,Dhaka,,Bangladeshi|Asian,4.9,2,50.0,34.0,35.0,23.759422,90.4275712,"Safa Marwa, 180/6/4 Titash Road Bankloni East Rampura, Dhaka Shukriya House, 1219 Rampura, Dhaka, Bangladesh",1219
e4l4,ADi'S Spices,,Dhaka,,Snacks|Italian|Pasta|Mediterranean|Western,0.0,0,50.0,34.0,35.0,23.7493571,90.4089838,"Shahestha monjil, 32/3/A purbonoatola dhaka 1217 Blue gate, 1217 মগবাজার, ঢাকা, Bangladesh",1217
p69y,Shine Creations,,Dhaka,,Snacks|Fast Food,0.0,0,50.0,54.0,35.0,23.73865884,90.40894786,"Bir Uttam Samsul Alam Road 89 90-kakrail,musafir tower,the building of agora, dhaka-1000, 1000 Motijheel, Dhaka, Bangladesh",1000
yivr,Home Flavors Kitchen,,Dhaka,,Curry|Bangladeshi|Asian,0.0,1,50.0,34.0,35.0,23.75313638,90.43898211,"House : 19 Road : 12/3 Block : J South Banasree Dhaka, 1219 খিলগাঁও, ঢাকা, Bangladesh",1219
jpfd,American Food,,Dhaka,,Snacks,0.0,0,50.0,54.0,35.0,23.7437591,90.4076769,52 siddeshwari (Gazi Samsunnahar girls schoo & collage) (Near monoara hospital ),1217
hh1a,Wingman,,Dhaka,,Chicken|Meat,0.0,0,50.0,54.0,35.0,23.7416025,90.4077301,Baily road in front of Viquarunnessa,1217
tk3z,Pizzafy - Bailyroad,Pizzafy - Bailyroad,Dhaka,,Italian|Pasta|Mediterranean|Pizza|Burgers|Western,3.6,16,50.0,54.0,35.0,23.7421687,90.40751375,"Number-2, Natok Shoroni, Bailyroad",1217
tjx1,Bailey Star Fast Food,,Dhaka,,Italian|Pasta|Beverage|Mediterranean|Chinese|Burgers|Western|Asian|Fast Food|Dumpling,4.2,16,50.0,54.0,35.0,23.7419984,90.407488,"Opposite of Girls Guide Assosiation, Rod Oven, Live Kitchen! Cafe, Baily Road, Dhaka",1205
c1kd,Shapla Hotel and Restaura,,Dhaka,,Curry|Fish|Seafood|Bangladeshi|Asian,2.9,5,50.0,54.0,0.0,23.72828676,90.41766027,"Plot - 99, Karim Chamber, Near Mama Hotel & Restaurant, Back Side of Biman Bangladesh Office, Bokchottor, Motijheel C/A, Dhaka - 1000",1000
ik62,Philistin Biriyani,,Dhaka,,Indian|Biryani|Asian,5.0,1,50.0,54.0,0.0,23.7281029,90.4164754,"Plot - 115/116, Adamji Court, Near Bok Chottor & Biman Bangladesh Office, Motijheel, Dhaka - 1000",1000
ia82,CP five Star - Western Fried Chicken-Purana Polton,CP Five Star,Dhaka,,Chicken|Snacks|Meat|Fast Food,4.4,23,50.0,54.0,0.0,23.7308567,90.4118864,"55,Siddik Mansion,Shop no.-09,Purana polton,Dhaka-1000",1000
pyic,Tehari Ghar - Paltan,Tehari Ghar,Dhaka,,Rice Dishes|Indian|Biryani|Bangladeshi|Asian,4.9,30,50.0,54.0,0.0,23.7306211,90.41167495,"22/11,Housebuilding,Puran Paltan,Dhaka",1000
licl,Saida's Kitchen,,Dhaka,,Curry|Bangladeshi|Asian,4.7,25,50.0,54.0,0.0,23.73314045,90.4075208,"Nakshi Homes, Topkhana Road 1/A 6/1/A Shegunba,Nakshi Homes, flatt11B, 1000 Paltan, Dhaka, Bangladesh",1000
dbbo,Easy Cheesy,,Dhaka,,Italian|Mediterranean|Pizza|Western,4.9,2,50.0,54.0,0.0,23.73468875,90.40618445,"Bangladesh Shilpakala Academy, Segun Bagicha Rd 3 Concord segun bagicha, 1000 Bijoy Nagar, Dhaka, Bangladesh",1000
mcef,Homemade Cravings,,Dhaka,,Bangladeshi|Asian,0.0,0,50.0,59.0,35.0,23.7495748,90.4029828,"Surjomukhi, Eskaton garden Navy officer's quater flat no4B, 1217 Mogbazar, Dhaka, Bangladesh",1217
l87l,Addiction,,Dhaka,,Snacks|Fast Food,4.4,3,50.0,59.0,35.0,23.7484556,90.4026411,"Ispahani Girls' School and College, New Eskaton Road 3 Ispahani girls school gate, moghbazar, 1217 Mogbazar, Dhaka, Bangladesh",1217
an97,Abacus Canteen,,Dhaka,,Curry|Rice Dishes|Bangladeshi|Asian,0.0,1,50.0,59.0,35.0,23.7446627,90.4012858,"Red Crescent Borak Tower, Eskaton Garden Rd 3 37/3/A, Eskaton Garden Brorak Tower Ramna Dhaka 1000, 1000 Mogbazar, Dhaka, Bangladesh",1000
cijh,Loaf & Layer,,Dhaka,,Sandwiches|Western,4.9,30,50.0,59.0,35.0,23.747886,90.3959896,"Biam Road, 45/2 new Eskaton, 4th floor  Flat no : 4A,oppisite of ppisite of Noor Nagar Jam-e-Mosque, haque shaheeb er basha, 1205 ঢাকা, Bangladesh",1205
fs6a,Ja Khushi Ta,,Dhaka,,,0.0,2,50.0,49.0,35.0,23.74032033,90.41471606,"55/6,Chamelibag 3rd lane , Shanti Nogor Dhaka ,1217 Bangladesh",1217
ljda,Food Architect,,Dhaka,,,0.0,1,50.0,49.0,35.0,23.73875275,90.41558415,"118/2 Shantinagar Rd, Shantinagar Rd 118/2, 1217 Motijheel, Dhaka, Bangladesh",1217
finj,Tahsina's Homemade Food,,Dhaka,,,3.1,1,50.0,49.0,35.0,23.73488955,90.4160606,"Apex shop/Pakhir goli, near Fakirapool mor, 38, Naya Paltan 7th floor, flat no: 701, Dhaka - 1000",1000
oby4,Mithai - Khilgaon Tilpapara,Mithai - Dhaka,Dhaka,,Cakes|Snacks|Sweets|Dessert|Doi,4.7,5,50.0,9.0,35.0,23.7477055,90.4284384,House -101/A Tilpapara Khilgaon Dhaka -1219,1207
l72j,CP Five Star- Maisha Food Palace-Rampura,CP Five Star,Dhaka,,Snacks|Chinese|Asian|Fast Food,4.6,23,50.0,34.0,35.0,23.76227335,90.419965,"365 East, Rampura",1219
dz5v,Mithai- Mouchak Moor,Mithai - Dhaka,Dhaka,,Cakes|Dessert|Doi|Fast Food,4.5,17,50.0,9.0,35.0,23.7463949,90.4125844,"72/2 Mouchak More Malibagh,Dhaka",1216
sh4w,Shumi's Hot Cake - Baily Road,Shumi's Hot Cake,Dhaka,,Cakes|Dessert|Fast Food,4.9,30,50.0,44.0,35.0,23.7418545,90.4107743,"Holding No 1, Baily Road, (Natok Sharani), Dhaka",1205
nxtg,Sara Pizza - Mogbazar,Sara Pizza,Dhaka,,Snacks|Italian|Mediterranean|Pizza|Western,4.3,30,50.0,49.0,35.0,23.74879895,90.4032161,"Razzak plaza, Mogbazar,chowrasta",1217
myu3,Mithai - Mogbazar Wireless,Mithai - Dhaka,Dhaka,,Cakes|Dessert|Doi|Fast Food,4.0,17,50.0,9.0,35.0,23.7496575,90.4083849,"Plot No-205 Road-05,Boro Mogbazar Warles,Dhaka-1217",1217
gvgo,Shumi's Hot Cake - Rampura,Shumi's Hot Cake,Dhaka,,Cakes|Dessert|Fast Food,4.9,30,50.0,19.0,35.0,23.7557359,90.41605685,"Holding No-08, Plot-20 B/A DIT Rd Malibhag Chowdhury Para, Dhaka",1219
dnd0,Bhujonika Express,,Dhaka,,Bangladeshi|Asian,0.0,1,50.0,92.0,0.0,23.706848,90.440138,"যাত্রাবাড়ী মাদ্রাসা বই বাজার, যাত্রাবাড়ি মাদ্রাসা রোড, 1111 যাত্রাবাড়ী, ঢাকা, Bangladesh",1111
pmks,Mithai - Paltan,Mithai - Dhaka,Dhaka,,Cakes|Dessert|Doi|Fast Food,4.6,3,50.0,49.0,35.0,23.736472,90.413699,"Inner Circular, VIP Rd, Paltan,Dhaka 1000",1000
vzq4,Halal Rizq,,Dhaka,,Juice Corner|Curry|Beverage,0.0,1,50.0,47.0,0.0,23.7279819,90.4198984,Motijheel Rd 67 Beside WW tower and DCCI,1000
aa2m,Yummy Bites,,Dhaka,,Dessert,0.0,0,50.0,38.0,35.0,23.7293008,90.4239419,"11-3/A, Navana Edenton, Kabi Jashim Uddin Road, Komlapur, Dhaka - 1351, (Flat No: B-3)",1351
ep4m,Natural Dairy & Juice Mart- Motijheel,Natural Dairy & Juice Mart,Dhaka,,Juice Corner|Snacks|Beverage,3.7,2,50.0,52.0,0.0,23.7291638,90.42462781,"7 No. Kamalapur Bazar Road, Commissioner Goli, Besides national homeo hall, Motijheel Dhaka.",1000
q7d9,Lunch Box Express,,Dhaka,,Snacks|Bangladeshi|Asian,0.0,2,50.0,38.0,0.0,23.7268246,90.4253353,"South Kamalapur,  Dhaka, Mothijeel, South kamalapur, Building Number 164, 1217 Motijheel, Dhaka, Bangladesh",1217
wc0k,Plan B Cafe,,Dhaka,,Snacks|Sandwiches|Chinese|Burgers|Western|Asian|Dumpling,2.0,5,50.0,84.0,0.0,23.7273875,90.4294219,"PCGH+XQ3,  79,80 South mugdapara, garments goli, Dada villa apartment,  Dhaka 1214., 1214 Mugda, Dhaka, Bangladesh",1214
i2jz,Jheelpar Restaurant,,Dhaka,,Snacks,0.0,0,50.0,84.0,0.0,23.7319419,90.4315602,"47/ka, uttor mugda,",1214
jv52,Roshuiye Roshna Bilash,,Dhaka,,Bangladeshi|Asian,0.0,0,50.0,48.0,35.0,23.7211648,90.4258887,"Hai mansion Lift 3  Flat Number 3D, 61/R k mission road Gopibag George Lane, 1203 Wari, Dhaka, Bangladesh",1203
i9v6,Bunny Bakes,,Dhaka,,Dessert,0.0,0,50.0,53.0,0.0,23.729078,90.4339693,"Bashar Tower Shopping Mall, Araf Tower, 1214 Mugda, Dhaka, Bangladesh",1214
ni1k,Esho Kichu Khai,,Dhaka,,Curry|Rice Dishes|Bangladeshi|Asian,0.0,0,50.0,53.0,0.0,23.7170161,90.4239405,"Shajan-2, 64/1, Shamibagh Lane. 7th Floor Mitali School Goli, 1203 Wari, Dhaka, Bangladesh",1203
dtyx,Pakshala,,Dhaka,,Bangladeshi|Asian,0.0,1,50.0,53.0,35.0,23.7326209,90.4354979,"Feni tower, Modinabag, 1214 Mugda, Dhaka, Bangladesh",1214
gbiq,Asha Home Kitchen,,Dhaka,,Snacks|Curry|Rice Dishes|Bangladeshi|Asian,4.6,3,50.0,53.0,0.0,23.7276777,90.4344965,"Bank Colony 2 Mugda bank colony 128/3, 1214 Mugda, Dhaka, Bangladesh",1214
gumq,Barisailla kitchen,,Dhaka,,Rice Dishes,0.0,1,50.0,53.0,35.0,23.7292182,90.435343,"Momotaj monjil,khalpar, Mugda manda thana road, 1214 Mugda, Dhaka, Bangladesh",1214
iqqm,Baksobondi Shaad,,Dhaka,,Snacks|Curry|Rice Dishes|Bangladeshi|Asian,2.2,3,50.0,53.0,35.0,23.724555,90.4336179,"55/2/1, Maniknagar Wasa Road. Dhaka",1214
uuqa,Ghorer Flavor,,Dhaka,,Bangladeshi|Asian,0.0,2,50.0,73.0,0.0,23.726447,90.435625,"PCHP+72X, 1st Goli Manda, 1214 Mugda, Dhaka, Bangladesh",1214
bvta,Mood On Cafe,,Dhaka,,Snacks|Rice Dishes|Beverage,0.0,0,50.0,108.0,0.0,23.729347,90.4375495,"Mugda , Manda ,Beside Sheba dental Care",1219
muh4,Tong Food,,Dhaka,,Snacks|Beverage|Burgers|Western,3.0,4,50.0,83.0,0.0,23.7176848,90.4311025,"Dholpur Community Center, Dholpur New Rd, 1203 Jatrabari, Dhaka, Bangladesh",1203
o4hq,Raw House,,Dhaka,,Dessert,0.0,0,50.0,83.0,0.0,23.7174066,90.4315939,"Dholpur Community Center, Dholpur New Rd, 1204 Demra, Dhaka, Bangladesh",1204
oaba,Banglar Rannagor,Shad Roti,Dhaka,,Curry|Rice Dishes|Bangladeshi|Asian,0.0,0,50.0,83.0,0.0,23.7265242,90.43893678,"817 Dokkhin Manda, Hiru Miya Road",1218
cin6,Dhaka Biriyani,,Dhaka,,Rice Dishes|Bangladeshi|Asian,1.6,14,50.0,83.0,0.0,23.7140942,90.43183195,"Singer plus Dholpur, বউ বাজার রোড Dholpur Bow Bazar, 1204 Jatrabari, Dhaka, Bangladesh",1204
cnfw,Yummy Cakes Spot,,Dhaka,,Dessert,4.5,24,50.0,83.0,35.0,23.710725,90.428021,"Doyagonj New Road, Doyagonj New Road, Rana Enterprise's building, 1204 Jatrabari, Dhaka, Bangladesh",1204
pxxc,Hungry Bro,,Dhaka,,Snacks|Rice Dishes,1.1,6,50.0,92.0,0.0,23.70578815,90.42006465,"Near Dream20 Restaurant, Distrilari Road, Katherpool, Gandarai, Dhaka - 1204",1204
ybxi,Annondo Biryani House,,Dhaka,,Rice Dishes|Beverage|Cafe|Indian|Biryani|Asian,2.3,2,50.0,118.0,35.0,23.7058783,90.42124737,"15, Distilary Road, Gendariya",","
x7pg,Ghorer Ghran,,Dhaka,,Bangladeshi|Asian,0.0,0,50.0,92.0,35.0,23.7059643,90.4252521,"48 Distillery Road Gandaria, 1204 Jatrabari, Dhaka, Bangladesh",1204
fb0e,Kacchi Live,,Dhaka,,Rice Dishes,0.0,0,50.0,92.0,0.0,23.7025868,90.4212259,"অক্ষয় দাস লেন Dhaka gendaria, 1204 Wari, Dhaka, Bangladesh",1204
lz3e,Sonia's Kitchen,,Dhaka,,Snacks|Curry|Rice Dishes|Bangladeshi|Asian,0.0,0,50.0,92.0,0.0,23.70046701,90.42413928,"Gandaria High School, Satish Sarkar Rd 24 62/K-A, Dhalkanagor",1236
tu5r,Petuk Wala,,Dhaka,,Fast Food,3.0,16,50.0,92.0,35.0,23.70102734,90.42635312,"47 , Satish Sarkar Road, Dhaka, Bangladesh",1204
mga9,Niri's Kitchen,,Dhaka,,Fast Food,3.0,16,50.0,92.0,0.0,23.7110598,90.44680515,"Jatrabari - Demra Road, Near Al Mughni Restaurant, Sheakhdi, Vangapress, Jatrabari, Dhaka - 1362",1362
wotg,Fry Master,,Dhaka,,Snacks,0.0,1,50.0,92.0,0.0,23.69980297,90.43231779,"MA Villa, House/Holding- 59/1, 1204 Jurain, Dhaka, Bangladesh",1204
rh6c,Kacchi Buzz,,Dhaka,,Rice Dishes,4.8,4,50.0,92.0,0.0,23.6982706,90.4313603,"217/3 Murshid Mohol,
Munshibari Jurain Dhaka- 1204",1204
axfs,Friends Corner & Agro,,Dhaka,,Healthy|Beverage,4.1,0,50.0,92.0,0.0,23.7022116,90.4409104,"Sorai Jame mosjid Road, Sorai Jame mosjid Rd Bright School and College (Sarail Campus), Sarai Mosjid Road, Dhonia - Dholaipar Rd, Dhaka 1236, 1236 Jatrabari, Dhaka, Bangladesh",1236
dnng,Yum Bee Yum Yum,,Dhaka,,Fast Food,0.0,2,50.0,118.0,0.0,23.702351,90.442422,"617, Hasan Trade Valley, Opposite of Mithai, Dholaipar Road, Donia, Dhaka 1236",1236
wk0v,Fast Flavour,,Dhaka,,,0.0,0,50.0,118.0,35.0,23.7106102,90.4349092,Rayerbag Palashpur 6 No Road,1202
mfu9,Sohag's Kitchen,,Dhaka,,,0.0,0,50.0,48.0,35.0,23.735195,90.4329697,35/E/1 DARKER HOUSE,1214
kros,Mota Muti Kitchen,,Dhaka,,,0.0,0,50.0,92.0,35.0,23.7046625,90.4437656,"East Rasulpur(j.m lpg shop),Dania,Jatrabari",1236
f73l,Mithai Palton Mor,Mithai - Dhaka,Dhaka,,Cakes|Dessert|Doi|Fast Food,4.7,5,50.0,14.0,0.0,23.73043155,90.41023255,"12 No Purana Palton,Dhaka-1000",1000
t4y0,Tehari Ghar - Motijheel,Tehari Ghar,Dhaka,,Rice Dishes|Indian|Biryani|Asian,4.7,30,50.0,19.0,0.0,23.7276024,90.4213463,"52/B, Motijheel,Dhaka-1000",1000
ksjr,Mithai- North Kamlapur,Mithai - Dhaka,Dhaka,,Cakes|Dessert|Doi|Fast Food,3.3,17,50.0,29.0,0.0,23.7319396,90.4231123,"1/C, North Kamlapur, Motijheel, Dhaka",1000
co10,Shumi's Hot Cake - Wari,Shumi's Hot Cake,Dhaka,,Cakes|Dessert|Fast Food,4.9,30,50.0,53.0,0.0,23.7194747,90.4186237,"1/2, Chandi Charan Bosh Street, Wari, Dhaka",1100
b9ao,Mithai - Bijoynagar,Mithai - Dhaka,Dhaka,,Cakes|Dessert|Doi|Fast Food,4.7,6,50.0,14.0,0.0,23.732679,90.409999,"204, Shahid Syed Nazrul Islam Sharoni, Bijoynagar",1000
u5yx,Mithai- Maniknagar,Mithai - Dhaka,Dhaka,,Cakes|Dessert|Doi|Fast Food,4.1,10,50.0,14.0,0.0,23.722166,90.4287976,"১/এ মানিকনগর, বিশ্বরোড, মানিকনগর জামে মসজিদে পাশে, ঢাকা ১২০৩।",1236
gnre,Tasty Treat - Khalpar Maniknagar,Tasty Treat,Dhaka,,Cakes|Dessert|Fast Food,3.1,1,50.0,29.0,0.0,23.7230994,90.4344739,"16/A, East Manikngar Road, New Road, Maniknagar, Dhaka",1219
c8u2,CP Five Star - Jannat Food - Gandaria,CP Five Star,Dhaka,,Chicken|Snacks|Meat|Fast Food,4.5,20,50.0,84.0,0.0,23.7041184,90.4238132,"16/D/ 1, Dinanath shen road, Gendaria, Dhaka - 1204",1204
fsle,Lima kitchen,,Dhaka,,Curry|Bangladeshi|Asian,0.0,1,50.0,118.0,0.0,23.6953446,90.4340178,"Khandokar Road, West Jurain, Shyampur, Dhaka 1204 , near মাদ্রাসা, আশরাফিয়া আরাবিয়া জুরাইন মাদ্রাস.",1204
u3qe,Mithai - Middle Basabo,Mithai - Dhaka,Dhaka,,Cakes|Dessert|Doi|Fast Food,4.4,25,50.0,9.0,35.0,23.740369,90.431863,"12, Malibagh Chowdhuripara",1214
aq9m,Mithai - East Madartek,Mithai - Dhaka,Dhaka,,Dessert|Doi,4.4,8,50.0,9.0,35.0,23.7445177,90.44234115,"23/A East Mothertech, Project Mukh, Sabujbagh, Dhaka.",1219
qng9,Mithai - Motijheel,Mithai - Dhaka,Dhaka,,Cakes|Dessert|Doi|Fast Food,4.6,22,50.0,14.0,35.0,23.7285737,90.424022,"17/18,02 Kamlapur Bazar Road, Dhaka-1217",1217
n4kd,Mithai - North Jatrabari,Mithai - Dhaka,Dhaka,,Cakes|Dessert|Doi|Fast Food,4.1,16,50.0,14.0,0.0,23.7092669,90.4317708,"Plot - 99, Near Tony Tower, Shahid Faroque R0ad, Dhaka - 1204",1204
b321,Shumi's Hot Cake - Tipu Sultan,Shumi's Hot Cake,Dhaka,,Cakes|Dessert|Fast Food,4.9,30,50.0,90.0,0.0,23.7151118,90.4172828,"22/A Tipu Sultan Road, Wari, Dhaka.",1204
tcfo,Snacko,,Dhaka,,Beverage|Burgers|Western|Fast Food,1.2,5,50.0,9.0,30.0,23.7143784,90.4702664,"287,Khaleda Rashid Villa,Shahjalal road, konapara, Demra, Bangladesh",1360
aqs0,Bismillah Ranna Ghar,,Dhaka,,Snacks|Rice Dishes,0.0,0,50.0,9.0,30.0,23.7134825,90.4702895,"Konapara, Chistiya road,  shoshan er goli, 1362 Demra, Dhaka, Bangladesh",1362
q5x1,Pizza Bro,,Dhaka,,Italian|Mediterranean|Pizza|Burgers|Western,2.4,4,50.0,9.0,30.0,23.7144174,90.4701756,"87 Shshjalal Road, Konapara Demra
Dhaka",1361
hlp2,Sunrise Mini Resturant,,Dhaka,,Snacks|Rice Dishes|Italian|Pasta|Beverage|Mediterranean|Pizza|Dessert|Western,3.8,17,50.0,9.0,30.0,23.7128565,90.469582,"Konapara apex, 1362 Demra, Dhaka, Bangladesh",1362
tirk,Fuchka Vai,,Dhaka,,Snacks|Italian|Mediterranean|Chotpoti & Fuchka|Pizza|Western|Bangladeshi|Doi|Asian,4.2,21,50.0,9.0,30.0,23.71227706,90.46957299,"Dotala mosjid,Konapara, Demra, Dhaka",1362
hkbr,Mithai - Demra Konapara,Mithai - Dhaka,Dhaka,,Cakes|Dessert|Doi|Fast Food,3.9,27,50.0,16.0,30.0,23.7108462,90.4698753,"30 Momenbag - Arabari Road, Momebagh Chowrasta, Paradogair, Konapara, Near Tasty Treat",1361
zlna,Bakebee food kitchen,,Dhaka,,Snacks|Rice Dishes,0.0,3,50.0,16.0,30.0,23.7162001,90.4688706,"Konapara Bus stand, Demra, Dhaka",1360
kgb8,Master Hotel and Restaurant,,Dhaka,,Turkish|Kebab|Snacks|Rice Dishes|Middle Eastern|Bangladeshi|Asian,4.2,28,50.0,26.0,30.0,23.7076021,90.46956715,"Adarshabag Ali Mohammad Khan Rd# 1 ,Adarshabag, Demra,Dhaka, 1362 Demra, Dhaka, Bangladesh",1362
j920,PY Sweets & Cafe,,Dhaka,,Snacks|Beverage|Sweets|Dessert|Burgers|Western|Doi,0.0,1,50.0,26.0,30.0,23.7077065,90.4783814,"Dogair poschim para near dogair model school, 170 Sohid milon road, 66 no ward, 1361 Demra, Dhaka, Bangladesh",1361
rshm,Ghoroya Ranna Ghar,,Dhaka,,Dessert,0.0,1,50.0,36.0,30.0,23.7046883,90.4713055,"138/3 ওয়াটার ক্যানেল রোড,দঃরহমতপুর, ১৩৮/৩, 1362 ডেমরা, ঢাকা, Bangladesh",1362
o2bq,Homemade Heaven,,Dhaka,,Bangladeshi|Asian,0.0,0,50.0,36.0,30.0,23.71256254,90.48738505,"Borobanga, Staff quater, Demra,Dhaka, 1361 Demra, Dhaka, Bangladesh",1361
hrox,Aladdin Restaurant & Party Center,,Dhaka,,Snacks|Italian|Mediterranean|Pizza|Burgers|Western|Fast Food,4.2,30,50.0,55.0,30.0,23.71174419,90.48791024,"Borobhanga, Demra, Dhaka",1360
mmc7,Tray Story-Demra,,Dhaka,,Snacks|Curry|Rice Dishes,4.4,13,50.0,55.0,30.0,23.7153249,90.4915307,"295, M. A. Rashid Master Complex Staff Quarter- Near Haji Moyajjem School, Boro Vanga Link Road., Dhaka, Bangladesh",1360
goe0,Beans & Butter Cafe,,Dhaka,,Beverage|Dessert,4.6,8,50.0,55.0,30.0,23.720336,90.490325,"225, Second Floor, M.A Gafor Squre Market, Staff-Quarter, Demra, Dhaka.",1361
f0wu,Mom’s Fry Kitchen,,Dhaka,,Chicken|Rice Dishes|Meat|Fast Food|Fried Chicken,3.9,5,50.0,51.0,30.0,23.71624935,90.49299589,"Kashem Tower, Al Amin Road, Staff Quarter, Demra, Dhaka, Ground Floor, 1361 Demra, Dhaka, Bangladesh",1361
sdc7,Owl Cafe,,Dhaka,,Snacks,0.0,0,50.0,51.0,30.0,23.6946907,90.475774,"Tamirul Millat Mohila Kamil Madrasah, DFL-1, Road 1, 1360 Demra, Dhaka, Bangladesh",1360
tjly,Laziz Cuisine,,Dhaka,,Chinese|Asian,3.9,30,50.0,74.0,30.0,23.694561,90.47500439,"Hazi Badsha mia road, Demra, Dhaka",1340
rlgy,Joly Biryani House,,Narayanganj,,Bangladeshi|Asian,0.0,0,50.0,51.0,30.0,23.6945736,90.475758,"Manik miah Joly biraniy house, Manik  miah 10 1420 A4 Narayanganj hazigonj shajala road 13, 1420 Narayanganj Sadar, Narayanganj, Bangladesh",1420
kdk6,Home Made Food,,Dhaka,,Curry|Rice Dishes|Beverage|Dessert|Fast Food,1.1,3,50.0,51.0,30.0,23.7005679,90.4890545,"Sorkar bari more, Sanarpar, G1, 1360 Demra, Dhaka, Bangladesh",1360
fvhe,Ma Home Kitchen,,Narayanganj,,Curry|Bangladeshi|Asian,4.8,4,50.0,78.0,30.0,23.6975155,90.4905016,"moddho, sanarpar, Shiddhirganj , Narayanganj, milon cottage, modhho sanarpar, bridge songlogno road, 1430 Shiddhirganj, Narayanganj, Bangladesh",1430
ph8m,Ghorowa Khabar,,Narayanganj,,Bangladeshi|Asian,0.0,0,50.0,78.0,30.0,23.6928154,90.4853881,"Jora Bridge,Shahebpara, Rahima Vaban first floor, 1430 Shiddhirganj, Narayanganj, Bangladesh",1430
pnur,Nafija's Kitchen,,Dhaka,,Fast Food,0.0,0,50.0,78.0,30.0,23.689752,90.4763336,"Bismillah Twin Tower, Giridhara Saddam Market, Jatrabari",1236
u2x7,Khuda lagse,,Narayanganj,,Bangladeshi|Asian,3.3,30,50.0,78.0,30.0,23.68969585,90.478985,"Kms tower, Sign Board Road no 5, 1410 Shiddhirganj, Narayanganj, Bangladesh",1410
kjix,Rijik,,Narayanganj,,Snacks|Curry|Rice Dishes|Bangladeshi|Asian,2.6,30,50.0,78.0,30.0,23.6896222,90.478942,"Shantidhara, 05/Shanti nibash/4A, 1430 Shiddhirganj, Narayanganj, Bangladesh",1430
itv4,Moyour's Kitchen,,Narayanganj,,Snacks|Curry|Rice Dishes,3.3,25,50.0,87.0,30.0,23.69319365,90.4940576,"House- 190, Word : 02, Block- C, Mouchak, Siddhirganj, Narayanganj, postal code - 1420",1430
dtc3,Friends Life Pizza,,Narayanganj,,Italian|Mediterranean|Pizza|Western,3.3,30,50.0,87.0,30.0,23.69776,90.5000035,"Madaninagar chowrasta, Shanarpar, Shiddhirganj, Narayanganj",1400
c2yb,Rodi's Kitchen,,Narayanganj,,Bangladeshi|Asian,0.0,0,50.0,87.0,30.0,23.6876833,90.4945045,"Mouchak Mizmizi Madrasa Road (Cumilla Tower), Siddhirganj, Narayanganj, Bangladesh",1430
rn2i,Big Bite Nest,,Narayanganj,,Snacks|Chinese|Asian|Dumpling,0.0,1,50.0,87.0,30.0,23.6919072,90.5039126,"Shapla Chottor, Painadi, House - 469, 1430 Shiddhirganj, Narayanganj, Bangladesh",1430
tfxx,Snack Hub,,Narayanganj,,Fast Food,0.0,0,50.0,87.0,30.0,23.6938594,90.5062935,"Painadi, Mizi Tower,Baganbari,, 1430 Shiddhirganj, Narayanganj, Bangladesh",1430
tydb,R Momo Time,,Narayanganj,,Chinese|Asian|Dumpling,2.4,3,50.0,87.0,30.0,23.692149,90.5055733,"Hirajheel, Chittagong Road PM mor, ABC chottor, Chittagong road, Narayanganj, 1430 Shiddhirganj, Narayanganj, Bangladesh",1430
o2kd,Juice Corner and Fast Food,,Narayanganj,,Bangladeshi|Asian,0.0,0,50.0,92.0,30.0,23.6880533,90.5095833,"Juice Corner & Fast Food, MizMizi T.C. Road Head, Tera Market Mor (South Side), Shiddhirganj 1430, Narayanganj, Bangladesh",1430
xspm,Bangali Bites,,Dhaka,,,0.0,0,50.0,51.0,30.0,23.7089503,90.4927134,Konapara,1361
lho3,Al Baraka Restaurant,,Dhaka,,,0.0,1,50.0,78.0,30.0,23.7064024,90.4972329,"Sarulia, Demra, Dhaka",1361
dbum,Food Brother,,Dhaka,,,0.0,0,50.0,9.0,30.0,23.7134825,90.4702895,কোনাপাড়া,1361
vhhn,Mithai -  Jhonson Road,Mithai - Dhaka,Dhaka,,Cakes|Snacks|Dessert|Doi,4.4,12,50.0,14.0,0.0,23.71289633,90.41164746,"42 - Sharfuddin Manson, Jonson Road, Dhaka - 1100",1100
yqsb,CP Five Star-Istimam Fast Food-BANGSHAL,CP Five Star,Dhaka,,Chicken|Snacks|Meat|Fast Food,4.4,25,50.0,53.0,0.0,23.7174448,90.40216,"32 Abul Hasnat Rd, Dhaka 1100",1100
ih8y,Mithai - Tikatoli,Mithai - Dhaka,Dhaka,,Dessert|Doi,4.5,13,50.0,19.0,0.0,23.72001825,90.4249418,3/B/1 R.K Mition Road Tikatuli,1000
ztx4,Cp Five Star - Aristocrat Food & Drinks,CP Five Star,Dhaka,,Chicken|Snacks|Meat|Fast Food,3.3,24,50.0,24.0,0.0,23.72399055,90.384499,"Azimpur Sapra Mosjid, Azimpur, Dhaka.",1230
m958,Delifrance Express,Delifrance Gulshan Avenue,Dhaka,,Beverage|Sandwiches|Western,2.6,1,50.0,103.0,0.0,23.7379938,90.3774708,"Road no 2, Shimanto square, Meena Bazar - ground floor Dhanmondi, Dhaka 1205",1205
p24c,Mithai - Baksi Bazer,Mithai - Dhaka,Dhaka,,Cakes|Dessert|Doi|Fast Food,4.6,30,50.0,14.0,0.0,23.72453,90.3956184,"19/1,19/2 Helicon Garden  Bakshi Bazar Road Lalbagh Dhaka 1211",1211
qru4,Mithai-Lokkhi Bazar,Mithai - Dhaka,Dhaka,,Cakes|Dessert|Doi|Fast Food,4.5,13,50.0,30.0,0.0,23.708593,90.414945,Lokkhi Bazar,1100
nprz,Press Cafe,,Savar,,Snacks|Curry,4.6,27,50.0,13.0,35.0,23.85506821,90.262414,"Shimultola Zonal Office, Dhaka Palli Bidyut Samity-3, C R P Rd 64 Savar crp road palli bidyut er age mosjid goli 97/6, 1340 Savar Sadar, Savar, Bangladesh",1340
wwbu,Rupa's kitchen,,Savar,,Bangladeshi|Asian,0.0,0,50.0,21.0,35.0,23.8459472,90.2544606,"Bank Colony,  15/4 Bank colony, Savar, Dhaka., 1430 Savar Sadar, Savar, Bangladesh",1430
xe9a,4S food,,Savar,,Bangladeshi|Asian,3.9,3,50.0,21.0,35.0,23.846,90.25415,"Sajuri, D-14 Bank colony মা বাবার দোয়া দোকান (এসেড স্কুল - ২), 1340 Savar Sadar, Savar, Bangladesh",1340
h2dn,Hungry Haaven,,Savar,,Snacks|Burgers|Western,0.0,0,50.0,21.0,35.0,23.84470601,90.25248202,"Usha Garden City, Bank Colony road,Savar . (Beside Madrasha)",1340
u8ic,Mithai - Savar,Mithai - Dhaka,Savar,,Cakes|Dessert|Doi|Fast Food,4.5,8,50.0,24.0,35.0,23.83848445,90.25216435,"13, Talbag, Thana Road (Opposite of Enam Medical College & Hospital)",1340
y74n,Dhaka Hazi Biriyani House,,Savar,,Rice Dishes|Indian|Biryani|Asian,3.1,19,50.0,24.0,35.0,23.8446245,90.2445944,"Savar Nama Bazar , Boro Bridge Road, Savar, Dhaka.",1340
koy8,Bangla Food,,Savar,,Curry|Rice Dishes|Bangladeshi|Asian,0.0,0,50.0,13.0,35.0,23.8549704,90.2629115,"Shimultola Zonal Office, Dhaka Palli Bidyut Samity-3, C R P Rd 64 Savar CRP Road Polli Biddut Office Masjid Goli, 1340 Savar Sadar, Savar, Bangladesh",1340
lw1v,P.N Food Corner,,Savar,,Rice Dishes,0.0,1,50.0,13.0,35.0,23.8531305,90.2685728,"Chapain - Dewga Rd chapain near New SR high school, 1343 Savar Sadar, Savar, Bangladesh",1343
i8wp,Kasmiri Kacchi Ghor,,Dhaka,,Snacks|Curry|Rice Dishes,4.2,4,50.0,13.0,35.0,23.855136,90.2623019,"Savar Shimultola, CRP Road, beside the Polli Bidyut office, in the lane of Kendrio Jame Masjid",1212
f9rl,Ranna Station,,Savar,,Snacks|Bangladeshi|Asian,0.0,0,50.0,18.0,35.0,23.8542229,90.2599377,"Haque villa, CRP Road Younus Diagnostic Center এর পাশে রাস্তায়।, 1340 Savar Sadar, Savar, Bangladesh",1340
jkd7,ARAVEA,,Savar,,Bangladeshi|Asian,0.0,2,50.0,18.0,35.0,23.84812263,90.26277452,"Shahibag Road, Mohila Madrasha Goli, 1340 Savar Sadar, Savar, Bangladesh",1340
y7mj,Food Planet,,Savar,,Beverage,0.0,0,50.0,18.0,35.0,23.84888076,90.25753975,"Rajjak Plaza, Savar",1340
ei3m,Snacks Station,,Savar,,Snacks|Rice Dishes,1.7,10,50.0,18.0,35.0,23.8485202,90.2566152,"Malancha, Wapda road, Savar",1340
m430,Star Canteen,,Savar,,Snacks,0.0,1,50.0,24.0,35.0,23.839347,90.2555865,"Dokan No. A- 11, A- 88, Shamsuddin Market, BaganBari r pase, Savar, Dhaka",1340
wsl7,KS Home Kitchen,,Savar,,Curry|Rice Dishes,0.0,0,50.0,24.0,35.0,23.84655161,90.24635764,"House: 93, Ward no: 03, Uttarpara, Savar Bazar Road, Savar",1340
nt30,Darjeeling Momo Station Bangladesh- Savar,Darjeeling Momo Station Bangladesh,Savar,,Snacks|Meat|Chinese|Asian|Dumpling,4.6,22,50.0,24.0,35.0,23.8387619,90.2550332,"Holding-D/90, Road-Talbagh, South Doriopur, Savar-1340, Dhaka",1340
wyp7,Jahapanah Cuisine,,Savar,,Curry|Rice Dishes|Indian|Asian,0.0,2,50.0,24.0,35.0,23.83865939,90.25484597,"Jahapanah Cuisine, Thana Rd Thana Rd, Savar 1340, 1340 Savar Sadar, Savar, Bangladesh",1340
sjpg,Bekoo Live Bakery,,Savar,,Cakes|Snacks|Bakery,4.9,11,50.0,24.0,35.0,23.83878315,90.2544825,"E/93,Thana road, Savar (Beside Sultan's Dine)",1340
w9i8,Mr Juice,,Savar,,Juice Corner|Beverage,0.0,0,50.0,24.0,35.0,23.83838486,90.25183948,"Savar Thana Road, Savar. (Beside Sumaiya Food Palace)",1340
uggb,Priotoma Momo Corner,,Savar,,Chinese|Asian|Dumpling,0.0,0,50.0,24.0,35.0,23.83707005,90.25157685,"Tarapur, Eidgah Field, Muktir mor, Thana Road, Savar",1340
bn8h,Oven Pizza & Tacos-Joydebpur,,Gazipur,,Snacks,4.9,30,50.0,8.0,0.0,23.99748562,90.41953328,"Arjada building, Big Mosque Road, East side of BRT Station), Shivbari, Joydebpur, Gazipur",1700
fmrd,Mithai - Joydevpur,Mithai - Dhaka,Gazipur,,Cakes|Dessert|Doi|Fast Food,4.4,30,50.0,25.0,0.0,24.0000928,90.4295719,"D181,Rajbari road,Joorpukurpar,Joydebpur,Gazipur",1700
lxrv,Barakah Live Bakers & Sweets,,Gazipur,,Italian|Mediterranean|Sandwiches|Pizza|Burgers|Western,4.7,7,50.0,25.0,0.0,23.99956016,90.4301743,"D 184/1, kabi Nazrul Soroni, Jorepukur, Gazipur Sadar, Gazipur 1700, 1700 Gazipur Sadar, Gazipur, Bangladesh",1700
fsma,Shahnaz Kitchen,,Gazipur,,Snacks|Rice Dishes|Dessert|Bangladeshi|Asian,0.0,2,50.0,27.0,0.0,24.00333,90.429059,"230/1, Uttar Chayabithi Road, Uttar Chayabithi, Janata Sharok Road, Basha no -155/2 Khan Villa, Joydebpur Sadar, Gazipur",1700
bp6r,Pizza Inn Gazipur,,Gazipur,,Snacks|Curry|Italian|Mediterranean|Pizza|Western,4.1,25,50.0,25.0,0.0,24.0007628,90.4308642,"Pizza Inn Gazipur chinese & fast food, Uttar Chayabithi Rd 262J+885 Uttar Chayabithi Rd Gazipur 1700, 1700 Joydebpur Sadar, Gazipur, Bangladesh",1700
nxah,Yummy Yummy Food,,Gazipur,,Rice Dishes|Dessert|Bangladeshi|Asian,4.8,1,50.0,27.0,0.0,24.00021828,90.43244013,"Jaman tower 197/9 block -D
Joydebpur, jor pukur par, Gazipur",১৭০০
ocjq,Hungry Spoon,,Gazipur,,Snacks|Curry|Rice Dishes,4.8,17,50.0,27.0,30.0,23.9935067,90.4326251,"২০/১৮/ক, ফনির টেক,  দক্ষিণ ছায়াবীথি,  বেনসন মুজিবের বাসার সাথের গলিতে। 
20/18/Ka, Fonir Tek, Dakkhin Chayabithi, Benson Mujiber bashar sather goli.",1700
o25u,Shad Ghoroa Ranna Ghor,,Gazipur,,Bangladeshi|Asian,0.0,0,50.0,59.0,0.0,23.988633,90.3922534,"Shohid Barkat Soroni, Charming Villa, Bhasha Shohid Barkat Sworoni, Bashon, Gazipur, 1702 Chourasta, Gazipur, Bangladesh",1702
enib,Garden Glass,,Gazipur,,Snacks|Beverage,3.7,5,50.0,74.0,0.0,24.0287071,90.4287142,"Fawkal,Joydebpur-1703, Ward-24, Zone-4, Gazipur Sadar, Gazipur City corporation, Gazipur",1700
xrsx,Yumly,,Gazipur,,Bangladeshi|Asian,0.0,0,50.0,83.0,0.0,23.9892119,90.3815442,"Banarupa Road., 1700 Chourasta, Gazipur, Bangladesh",1700
edi3,Taste by Himanto,,Gazipur,,,0.0,0,50.0,83.0,30.0,23.9791934,90.3810461,"Gazipur zilla school and cadet academy, joydebpur railgate",1700
l72u,Domino's Pizza Narayanganj,Domino's Pizza,Narayanganj,,Italian|Mediterranean|Pizza|Western,4.7,22,0.0,,25.0,23.6248883,90.5018452,"Aman Bhaban, 155 Bangabondhu Road, Narayanganj",1400
j0ax,Mithai - Santona Market,Mithai - Dhaka,Narayanganj,,Cakes|Dessert|Doi|Fast Food,4.5,30,50.0,9.0,35.0,23.623907,90.499023,"Al Joynal Trade Center, Chashara, Narayanganj",1400
l8tg,Dripzy Restuarant BD,,Narayanganj,,Burgers|Western,4.9,17,50.0,9.0,35.0,23.62209675,90.4978243,"Allama iqbal road , Collage road, chasara, allama iqbal Road, 1400 Narayanganj Sadar, Narayanganj, Bangladesh",1400
i4ey,Mom's Kitchen,,Narayanganj,,Dessert,2.6,1,50.0,9.0,35.0,23.62121919,90.49787972,"Govt. Tolaram College, Allama Iqbal Rd College Road 23/1 allama iqubal road tolaram collageroad Narayanganj, 1400 Narayanganj Sadar, Narayanganj, Bangladesh",1400
hmks,Fast Bites,,Narayanganj,,Beverage|Dessert|Fast Food,0.0,0,50.0,14.0,35.0,23.6270481,90.5047865,"Khanpur Hospital Road, Khanpur,Narayanganj",1400
ek1a,Owasaynath Momos,,Narayanganj,,Snacks|Beverage|Chinese|Asian|Dumpling,0.0,0,50.0,19.0,35.0,23.6264554,90.5069244,"Khanpur Hospital Road, Khanpur, Narayanganj",1361
t5yw,New Pizza Express - Narayanganj,The Corn Dog,Narayanganj,,Fast Food,4.0,1,50.0,19.0,35.0,23.62603225,90.49217215,"Jamtoal near chabaw restaurant, Narayanganj, Bangladesh",1400
mloo,Food' Z  Point,,Narayanganj,,Snacks|Rice Dishes,0.0,0,50.0,24.0,35.0,23.6144305,90.5007013,"Sheikh Rasel Park, Deowbog Pakka Rd 1400, 1400 Narayanganj Sadar, Narayanganj, Bangladesh",1400
uevz,Rufaida Biriyani House-BD Jeon Foods,,Narayanganj,,Indian|Biryani|Asian,1.2,2,50.0,24.0,35.0,23.6121334,90.49753995,"2 no baburail, Sheikh Rasel park, Narayanganj",1400
mfj7,Deshi Kitchen,,Narayanganj,,Rice Dishes|Bangladeshi|Asian,4.4,22,50.0,34.0,35.0,23.6029364,90.4974062,"নারায়ণগঞ্জ সদর উপজেলা,  Paikpara master goli, 1400 নারায়ণগঞ্জ সদর, নারায়ণগঞ্জ, Bangladesh",1400
e70y,Daily Meal,,Narayanganj,,Chicken|Snacks|Curry|Indian|Biryani|Meat|Bengali|Bangladeshi|Asian,2.3,30,50.0,34.0,35.0,23.6429336,90.4891202,"Makka Tower, Narayanganj,  Shibu Market,  Kather Pur, 1420 Shiddhirganj, Narayanganj, Bangladesh",1420
agb6,Food Vibe,,Narayanganj,,Snacks|Bangladeshi|Asian,0.0,0,50.0,34.0,35.0,23.63267102,90.47807619,"1421 নারায়ণগঞ্জ, Bangladesh",1421
nrcf,Habib kitchen,,Narayanganj,,Bangladeshi|Asian,0.0,0,50.0,44.0,35.0,23.6471445,90.5133783,"লাকি বাজার, চৌধুরী বাড়ি লাকিবাজার তালুকদার বাড়ি কুতুবপুর, 2030 Narayanganj, Bangladesh",2030
h7mx,Faris Kitchen,,Narayanganj,,,0.0,0,50.0,14.0,35.0,23.62726945,90.49463377,New chasara jamtola mosjid road,1400
upng,Baked Delight,,Narayanganj,,Dessert,0.0,0,50.0,9.0,35.0,23.6234303,90.499607,"1400 Narayanganj Sadar, Narayanganj, Bangladesh",1400
pnbd,Pizza D'italia,,Narayanganj,,Rice Dishes|Fast Food,0.0,1,50.0,9.0,35.0,23.6236427,90.4994486,"Baily Tower, shop No.1, Chasara, Narayanganj",1400
gink,Pizza Koi- Chashara,Pizza Koi,Narayanganj,,Snacks|Italian|Mediterranean|Pizza|Western,0.0,1,50.0,9.0,35.0,23.6230965,90.4995518,"Balur Math, Chasara, Narayanganj",1400
kcm6,Freshin Live Bakery,,Narayanganj,,Snacks|Fast Food|Bakery,4.1,30,50.0,9.0,35.0,23.62397196,90.49822848,"Beside Govt Mohilla College,Chashara; Narayanganj; Bangladesh",1400
sv48,SoulBowl,,Narayanganj,,Snacks,4.9,1,50.0,9.0,35.0,23.6250387,90.5022848,"Ayesha Bhaban, Mission Para, Narayanganj
Narayanganj - 1460",1460
pu8m,Smash Burger,,Narayanganj,,Middle Eastern|Shawarma|Burgers|Western,3.9,2,50.0,9.0,35.0,23.625084,90.502351,"Ayesha Bhaban, Mission Para, Narayanganj
Narayanganj - 1460",1460
dqtb,Dripzy,,Narayanganj,,Snacks|Beverage|Burgers|Western,0.0,0,50.0,9.0,35.0,23.62217862,90.49785573,"Near T&T Colony, Allama Iqbal Rd (College Road), 1400 Narayanganj Sadar, Narayanganj, Bangladesh",1400
b3ql,Pure Bites,,Narayanganj,,Snacks|Dessert|Burgers|Western,2.9,9,50.0,9.0,35.0,23.62301921,90.50306716,"Adv. HUMAYUN KABIR. 
24/12 Hk benarji road, Narayanganj housing society, Amlapara, Narayanganj",1461
zjln,Sweet Tooth,,Narayanganj,,Dessert,0.0,0,50.0,14.0,35.0,23.62280825,90.49530005,"Rockeya Khatun, Hera Community Centre, Priyanka Armour Goli, Jamtola, Narayanganj 1400, Bangladesh",1400
sxzy,3N Cafe- Garden Area,,Narayanganj,,Snacks|Curry|Rice Dishes|Italian|Beverage|Mediterranean|Pizza|Western,0.0,0,50.0,14.0,35.0,23.6264087,90.5055572,"Jora tank, Khanpur, Narayanganj",1600
ccz0,Adda Khana,,Narayanganj,,Snacks|Rice Dishes|Beverage,0.0,0,50.0,19.0,35.0,23.6270734,90.50742149,"Khanpur Hospital Road, Khanpur, Narayanganj",1400
kqtx,The Seven 36,,Narayanganj,,Turkish|Kebab|Snacks|Middle Eastern|Indian|Soups|Biryani|Asian|Fast Food,3.8,2,50.0,19.0,35.0,23.6261779,90.4920497,"Octo office , Narayanganj, Bangladesh",1400
preg,KABABI- Octo Office,Kababi,Narayanganj,,Turkish|Kebab|Curry|Middle Eastern|Bangladeshi|Asian,3.6,13,50.0,19.0,35.0,23.6262418,90.4918643,"Octo office, masdair, Narayanganj",1400
s6nl,Fat boy,Fat Boy,Narayanganj,,Italian|Mediterranean|Pizza|Western|Fast Food,3.2,5,50.0,24.0,35.0,23.6145055,90.5012398,"Opposite of Morgan Girl's School ,Rhidom Plaza,ground floor, Narayanganj.",1400
seme,Himaloy Chinese & Community Center,,Narayanganj,,Snacks|Curry|Rice Dishes|Bangladeshi|Asian,0.0,0,50.0,24.0,35.0,23.6334749,90.4952979,32.mokbul plaza. new Court side. Narayanganj,1400
dtbd,Love Bite,,Narayanganj,,Snacks|Rice Dishes|Burgers|Western,1.8,23,50.0,24.0,35.0,23.61275315,90.4997967,"Love bite restaurant & cafa, Deowbog Pakka Rd",1400
ub3c,Riziq,,Narayanganj,,Juice Corner|Snacks|Beverage|Burgers|Western|Fast Food,4.1,8,50.0,29.0,35.0,23.6403943,90.5017212,"Fakir Knitwears Ltd., Fakir Rd, 1421 Narayanganj Sadar, Narayanganj, Bangladesh",1421
m5bp,Achari Bazar by Jesmee,,Narayanganj,,Snacks,0.0,0,50.0,29.0,35.0,23.6067064,90.4988841,"212/2, shahsuja road, paik Pooler Dhale, Beside Foodland Bakery, 1400 Narayanganj Sadar, Narayanganj, Bangladesh",1400
sbqg,Baraka Meals,,Narayanganj,,Snacks|Bangladeshi|Asian,0.0,0,50.0,34.0,35.0,23.604788,90.49553,"Shasuja Road, Paikpara Boro Koborsthan ( Daan DIkher Road )",207
mid4,Mizan Halim,,Narayanganj,,Snacks|Chotpoti & Fuchka|Bangladeshi|Doi|Asian,4.7,16,50.0,34.0,35.0,23.64347345,90.4911452,"Upozila bank mor, sibu market, Fatullah, Narayanganj",1400
ynts,Anni's Kitchen,,Narayanganj,,Bangladeshi|Asian,0.0,0,50.0,34.0,35.0,23.64095205,90.48566246,"Mohila Madrasa, Kotalerbug, Fatullah, 1420 Narayanganj Sadar, Narayanganj, Bangladesh",1420
y5y0,Mitar Rannaghor,,Narayanganj,,Snacks|Curry|Rice Dishes|Bangladeshi|Asian,0.0,0,50.0,34.0,35.0,23.6268796,90.4763955,"Sanaullah nurir bari, Munshiganj Hwy, Bscic, Shashongao, Fotullah, Narayanganj-1420",1420
qwl1,ML Foods & Confectionary,,Narayanganj,,Dessert|Fast Food,0.0,0,50.0,44.0,35.0,23.64614378,90.4965468,"Purbo Lamapara, Near Ruposhi
Garments, Shibu market, fatullah, Narayangan",1420
unqn,Gol Morich,,Narayanganj,,Snacks|Dessert|Fast Food,4.8,30,50.0,44.0,35.0,23.6555503,90.5049567,"2number modhughor nurani jame mosjid., 1400 Shiddhirganj, Narayanganj, Bangladesh",1400
tq99,Shoshurbari Chinese Restaurant,,Narayanganj,,Chicken|Meat|Chinese|Asian|Fast Food,3.8,28,50.0,38.0,25.0,23.68867558,90.51422184,"Siddhirgonj Pool, Narayangonj",1200
px7w,Allahar Dan Biryani House - CTG Road,,Narayanganj,,Rice Dishes,4.6,30,50.0,55.0,25.0,23.69715102,90.50915691,"Minar Mosjid Siri Bhaban, Chittagong Road, Narayanganj 1400",1430
rzv9,Mithai- Narayanganj Shanarpar,Mithai - Dhaka,Narayanganj,,Cakes|Dessert|Doi|Fast Food,4.5,30,50.0,55.0,30.0,23.696087,90.49047715,"14, Block B, Shanarpar, Shiddhirganj, Narayanganj",1400
