code,id,name,chain,city,area,area_dist_km,cuisines,rating,reviews,min_order,delivery_fee,delivery_min,lat,lng,address,post_code,url
oid3,76661,Dibbles,Dibbles Gulshan,Dhaka,Uttara Sector 6,0.62,Chicken|Snacks|Meat|Burgers|Western|Fast Food,4.7,745,50.0,0.0,35.0,23.86918812,90.38888949,"SH Tower, 4th Floor, House: 35, Gawsul azom avenue, Sector: 14, Uttara, Dhaka 1230",1230,https://foodpanda.com.bd/restaurant/oid3/dibbles
ewqw,105159,Honest Bistro & Dine,,Dhaka,Uttara Sector 9,1.02,Beverage|Cafe|Breakfast|Dessert|Burgers|Western|Faluda,0.0,0,50.0,0.0,35.0,23.86246345,90.39401645,HOUSE-13 road-18 sector-3 Uttara-1230,1230,https://foodpanda.com.bd/restaurant/ewqw/honest-bistro-and-dine
tr0z,71525,Khaddo Bilash,,Dhaka,House Building,0.33,Snacks|Rice Dishes,4.1,199,50.0,0.0,45.0,23.8749548,90.3952232,": H#49, R#1, S#9,",1230,https://foodpanda.com.bd/restaurant/tr0z/khaddo-bilash-tr0z
cf65,73562,Two spoons,,Dhaka,Uttara Sector 6,0.21,Western|Fast Food,4.7,119,50.0,0.0,30.0,23.8724054,90.3909436,"Two spoons,plot 38,Gareeb E Newaz Ave,Sector 13,uttara,Dhaka",1230,https://foodpanda.com.bd/restaurant/cf65/two-spoons
fflz,130410,All That,,Dhaka,Uttara Sector 1,1.06,Snacks|Burgers|Western|Fast Food,0.0,0,50.0,0.0,30.0,23.8672233,90.3838547,"Plot 3, Shah Makhdum Avenue, Sector 14, Uttara Dhaka-1230",1230,https://foodpanda.com.bd/restaurant/fflz/all-that
iy2u,76680,Crosta Express,,Dhaka,Uttara Sector 1,1.06,Snacks|Beverage|Cafe|Fast Food,4.0,43,50.0,0.0,30.0,23.8672233,90.3838547,"plot 1, shah makdum avenue, sector 14, Uttara Dhaka-1230",1230,https://foodpanda.com.bd/restaurant/iy2u/crosta-express
fejm,93165,Rice Lab - Uttara,Rice Lab - Mirpur,Dhaka,Uttara Sector 6,0.62,Rice Dishes|Chinese|Asian|Fast Food,4.2,526,50.0,0.0,30.0,23.86918812,90.38888949,"SH Tower, 4th Floor, House: 35, Gawsul azom avenue, Sector: 14, Uttara, Dhaka 1230",1230,https://foodpanda.com.bd/restaurant/fejm/rice-lab-uttara
vudf,72780,Tehari Ghar + (Uttara Sec 12),Tehari Ghor Plus,Dhaka,Uttara Sector 1,0.85,Rice Dishes|Indian|Biryani|Asian,4.8,1040,50.0,0.0,30.0,23.86928849,90.38377097,"31, Shah Makhdum Ave (12-13 More) Sector 12, Uttara, Dhaka- 1230",1230,https://foodpanda.com.bd/restaurant/vudf/tehari-ghar-uttara-sec-12
s6ka,5423,Cheez - Uttara,Cheez,Dhaka,Uttara Sector 4,0.19,Italian|Mediterranean|Pizza|Western,4.8,6266,50.0,0.0,35.0,23.8772382,90.39084735,"Gareeb-e-Nawaz Avenue, House No. 34, Sector 11, Uttara, Dhaka",1230,https://foodpanda.com.bd/restaurant/s6ka/cheez-uttara
r3n8,105313,BiteCraft - Uttara,,Dhaka,Uttara Sector 6,1.18,Rice Dishes|Burgers|Western,4.5,38,50.0,0.0,30.0,23.86455007,90.38672435,"Sector -14, House -24, Road-09,Sector-14, Uttara., 1230 Uttara, Dhaka, Bangladesh",1230,https://foodpanda.com.bd/restaurant/r3n8/bitecraft-uttara
ulta,75488,Food Lab,,Dhaka,Uttara Sector 4,0.1,Italian|Mediterranean|Pizza|Burgers|Western|Fast Food,3.5,628,50.0,0.0,55.0,23.87613218,90.38903845,"House: 22, road:17, Sector:11 Uttara Sector 11 No Park,  Uttara , 11no sector, Dahaka",.,https://foodpanda.com.bd/restaurant/ulta/food-lab-ulta
yxgi,82617,Uncle Bobo's - Uttara,Uncle Bobo's,Dhaka,Uttara Sector 8,0.69,Fast Food,4.9,953,50.0,0.0,35.0,23.8667142,90.39411705,"House No. 54, Road No. 13, Sector No. 3, Uttara Model Town, Dhaka-1230",1230,https://foodpanda.com.bd/restaurant/yxgi/uncle-bobos-uttara-yxgi
o4qm,67873,Waffle Up - Uttara,Waffle Up,Dhaka,Uttara Sector 6,0.29,Dessert,4.9,3514,50.0,0.0,25.0,23.871721,90.390698,29 Garib Newaz Avenue  Sector  13,1230,https://foodpanda.com.bd/restaurant/o4qm/waffle-up-uttara-o4qm
cj62,39881,B-Baria Restaurant - Uttara,B-Baria Restaurant - Uttara,Dhaka,Abdullahpur,0.02,Curry|Indian|Biryani|Bangladeshi|Asian,1.9,4717,50.0,0.0,30.0,23.87935425,90.4014715,"Sector 8, Sujon Road, Right side of polwel carnation shopping center, abdul kadir super market, Uttara",1230,https://foodpanda.com.bd/restaurant/cj62/b-baria-restaurant-uttara
s3md,5902,Jalapenos,Jalapenos,Dhaka,Uttara Sector 6,1.23,Wraps|Snacks|Rice Dishes|Burgers|Western,4.4,3800,50.0,0.0,30.0,23.8655809,90.3840992,"Sector 14, Road 23, Jatrabari Road, Pakuria, Beside Daraz Office, Dhaka, Bangladesh",1230,https://foodpanda.com.bd/restaurant/s3md/jalapenos
aszk,77896,House of Rice,,Dhaka,Uttara Sector 6,1.01,Snacks|Rice Dishes|Beverage,4.7,432,50.0,0.0,45.0,23.8652674,90.3891714,"johura market ,Plot-15/C, (1st Floor) Sector # 14, Road 05, Uttara,Dhaka 1230",1230,https://foodpanda.com.bd/restaurant/aszk/house-of-rice
clml,77072,Foodelux,,Dhaka,Uttara Sector 4,0.1,Italian|Mediterranean|Pizza|Western|Bangladeshi|Asian,3.5,157,50.0,0.0,50.0,23.8761185,90.3889192,"Shop no:03, House:22, Road:17, Sector:11, Uttara, Dhaka-1230, beside Uttara Evergreen Students Hostel",1230,https://foodpanda.com.bd/restaurant/clml/foodelux
waua,72114,Rice & More,Rice & More,Dhaka,Uttara Sector 6,0.62,Rice Dishes|Chinese|Western|Asian|Fast Food,4.3,1180,50.0,0.0,35.0,23.86918812,90.38888949,"SH Tower, 4th Floor, House: 35, Gawsul azom avenue, Sector: 14, Uttara, Dhaka 1230",1230,https://foodpanda.com.bd/restaurant/waua/rice-and-more-waua
ge20,71792,Dream Burger,Dream Burger,Dhaka,Uttara Sector 6,0.62,Burgers|Western|Fast Food,4.1,964,50.0,0.0,30.0,23.86918812,90.38888949,"SH Tower, 4th Floor, House: 35, Gawsul azom avenue, Sector: 14, Uttara, Dhaka 1230",1230,https://foodpanda.com.bd/restaurant/ge20/dream-burger
d71c,72501,Fries & Rice,Fries & Rice,Dhaka,Uttara Sector 6,0.63,Chicken|Meat|Fast Food,4.3,1072,50.0,0.0,30.0,23.86915223,90.38887361,"House- 35, FH Tower, Lift- (level 4), Road- Gausul Azam Avenue, Dhaka-1230",1230,https://foodpanda.com.bd/restaurant/d71c/fries-and-rice
xioq,98058,Tehari & Khichuri Ghor,,Dhaka,Uttara Sector 5,0.09,Rice Dishes|Bangladeshi|Asian,4.2,99,50.0,0.0,30.0,23.874267,90.3907017,Zam Zam Tower East Side Uttara-1230,1230,https://foodpanda.com.bd/restaurant/xioq/tehari-and-khichuri-ghor
pi92,75866,Wrap & Meat Box,Wrap & Meat Box,Dhaka,Uttara Sector 6,0.62,Wraps|Snacks|Middle Eastern|Shawarma|Fast Food,4.4,572,50.0,0.0,30.0,23.86917568,90.38885766,"SH Tower, 4th Floor, House: 35, Gawsul Azam Avenue, Sector: 14, Uttara, Dhaka 1230",1230,https://foodpanda.com.bd/restaurant/pi92/wrap-and-meat-box
scgo,66253,Cafe Cino,Cafe Cino,Dhaka,Uttara Sector 9,0.94,Fast Food,4.8,739,50.0,0.0,35.0,23.8633332,90.3941384,House-26 sector-3 road -18 uttara sector-3  Dhaka-1230,1230,https://foodpanda.com.bd/restaurant/scgo/cafe-cino
gu4a,91990,Allahr Dan Kacchi Ghor,,Dhaka,Uttara Sector 4,0.44,Rice Dishes|Indian|Biryani|Asian,3.8,140,50.0,0.0,25.0,23.8799228,90.3919475,Sector -10/11 Road-13 Swicth gate Mosques Uttara-1230,1230,https://foodpanda.com.bd/restaurant/gu4a/allahr-dan-kacchi-ghor-gu4a
h6dp,36172,Maa Home Delivery - Uttara,Maa Home Delivery - Uttara,Dhaka,Uttara Sector 2,0.7,Snacks|Curry|Rice Dishes|Bangladeshi|Asian,3.4,3396,50.0,0.0,35.0,23.8712417,90.384845,"House-39, Road-18,Sector-13, Uttara.",1230,https://foodpanda.com.bd/restaurant/h6dp/maa-home-delivery-uttara
yeua,76772,O Bhai Kacchi,O Bhai Kacchi,Dhaka,Abdullahpur,0.59,Rice Dishes|Indian|Biryani|Asian,3.8,495,50.0,0.0,30.0,23.87650172,90.40622822,"Holding - 916, Hazi Bahar Uddin Market, Near Railgate, Faidabad, Sector - 8, Uttara",1230,https://foodpanda.com.bd/restaurant/yeua/o-bhai-kacchi
oeq3,115312,Shaandar Khichuri & Rice,,Dhaka,Uttara Sector 6,1.56,Snacks|Curry|Rice Dishes|Bangladeshi|Asian|Khichuri,3.3,63,50.0,0.0,40.0,23.861315,90.385555,"আহলিয়া মসজিদ, আহালিয়া মসজিদের সামনে আহালিয়া মসজিদের গেটের সামনে দাঁড়াতে হবে, 1230 উত্তরা, ঢাকা, Bangladesh",1230,https://foodpanda.com.bd/restaurant/oeq3/shaandar-khichuri-and-rice
jee5,114924,Daily Cup,,Dhaka,Uttara Sector 6,1.08,Snacks|Italian|Pasta|Mediterranean|Western|Fast Food,4.3,31,50.0,0.0,35.0,23.8643831,90.3903533,"Sector -05, Road-01,house- 27 Connecting road between road -1 and road - 6/A, 1230 Uttara, Dhaka, Bangladesh",1230,https://foodpanda.com.bd/restaurant/jee5
srb1,74995,Hot & Steamy - Bangla,,Dhaka,Uttara Sector 1,1.28,Curry|Rice Dishes|Bangladeshi|Asian|Khichuri,4.7,364,50.0,0.0,50.0,23.8647251,90.38266235,"House : Bagan Bari, Pakuria Main Road, Uttara - 14",1230,https://foodpanda.com.bd/restaurant/srb1/hot-and-steamy-bangla
r7q1,126545,Care Kitchen,,Dhaka,Uttara Sector 6,1.18,Snacks|Rice Dishes,4.7,47,50.0,0.0,35.0,23.8646555,90.3865646,"House 24, Road 9, Sector 14, Uttara",1230,https://foodpanda.com.bd/restaurant/r7q1
y6wf,28661,Chef Kitchen,,Dhaka,Uttara Sector 6,1.23,Snacks|Rice Dishes|Fast Food,4.3,1674,50.0,0.0,30.0,23.8655809,90.3840992,"Sector 14, Road 23, Jatrabari Road, Pakuria, Beside Daraz Office, Dhaka, Bangladesh",1230,https://foodpanda.com.bd/restaurant/y6wf/chef-kitchen
ymbq,99629,Punch Monkey Lazzy Bite,,Dhaka,Uttara Sector 5,0.87,Snacks|Beverage|Dessert,4.3,163,50.0,0.0,30.0,23.8692645,90.38514865,"Chefs Corner, House-81 Gausul Azam Ave, Dhaka 1230, 1230 Uttara, Dhaka, Bangladesh",1230,https://foodpanda.com.bd/restaurant/ymbq/punch-monkey-lazzy-bite
crd8,128482,Crispy Corner,,Dhaka,Uttara Sector 6,1.17,Curry|Rice Dishes,2.0,5,50.0,0.0,30.0,23.864707,90.3865154,"House-25, Road-09, Sector-14, Uttara -1230, Dhaka",1230,https://foodpanda.com.bd/restaurant/crd8
k7ax,55807,Crustease,Crustease,Dhaka,Uttara Sector 6,1.2,Snacks|Italian|Mediterranean|Pizza|Western,4.3,1525,50.0,0.0,30.0,23.86540725,90.38487855,"House-6, Road-22, Sector 14. Uttara, Dhaka
near Al-Manar Adarsho Qawmi Madrasa",1230,https://foodpanda.com.bd/restaurant/k7ax/crustease
r3gn,120461,Seoul Spice Kitchen,,Dhaka,Uttara Sector 7,0.47,Snacks|Rice Dishes|Korean|Asian,4.6,94,50.0,0.0,40.0,23.8699201,90.3943159,"Road-18/House-43/G-1 Road-18/House-43/G-1, 1230 Uttara, Dhaka, Bangladesh",1230,https://foodpanda.com.bd/restaurant/r3gn/seoul-spice-kitchen
c972,107785,Ledor- Uttara,Ledor,Dhaka,Uttara Sector 8,0.66,Dessert|Fast Food,4.9,193,50.0,0.0,35.0,23.86716355,90.39399545,"Range KM Square, Plot 53,Rabindra Sarani, Road 18. Sector 3, Uttara, Dhaka 1230",1230,https://foodpanda.com.bd/restaurant/c972/ledor-uttara
rhcp,124490,Flavour Spot,,Dhaka,Uttara Sector 6,1.09,Italian|Pasta|Mediterranean|Burgers|Western|Fast Food,3.0,12,50.0,0.0,30.0,23.86435453,90.39029945,"House 27, Sector 05,road 1 Connecting road between road -1 and road - 6/A, 1230 Uttara, Dhaka, Bangladesh",1230,https://foodpanda.com.bd/restaurant/rhcp/flavour-spot
dcgk,71726,The Pizzario,,Dhaka,Uttara Sector 2,0.19,Italian|Mediterranean|Pizza|Western,3.6,8,50.0,0.0,35.0,23.8758569,90.3834064,Rd:18 House: 1 Uttara 12 sector,1230,https://foodpanda.com.bd/restaurant/dcgk/the-pizzario-dcgk
qbn3,96393,Moti's Kitchen,,Dhaka,Uttara Sector 3,0.88,Snacks|Curry,3.9,161,50.0,0.0,35.0,23.8866408,90.3881789,"House-63, Sector-10, Road-10, House-63, Sector-10, Road-10, Dhaka-1230, Bangladesh",1230,https://foodpanda.com.bd/restaurant/qbn3/motis-kitchen
mnxb,99989,Uttara Homemade Biriyani House,,Dhaka,Uttara Sector 6,2.06,Indian|Biryani|Bangladeshi|Asian|Khichuri,1.9,61,50.0,0.0,50.0,23.8564355,90.38558875,"বাউনিয়া রোড, প্রিয়াঙ্কা রায় সিটি",1230,https://foodpanda.com.bd/restaurant/mnxb/uttara-homemade-biriyani-house
uq4y,127216,Matir Hari Kitchen,,Dhaka,Uttara Sector 2,0.71,,4.8,13,50.0,0.0,30.0,23.87116589,90.38477217,Sector.13 Road.18 House.41,1230,https://foodpanda.com.bd/restaurant/uq4y
hj3u,108183,Meat & Bhat,,Dhaka,Uttara Sector 6,1.47,Curry|Rice Dishes|Bangladeshi|Asian,3.8,98,50.0,0.0,35.0,23.86109335,90.3888295,"মজুমদার ফাউন্ডেশন মসজিদ।, রোড-6/A সেক্টর-5, 1230 উত্তরা, ঢাকা, Bangladesh",1230,https://foodpanda.com.bd/restaurant/hj3u/meat-and-bhat
yu73,69198,Cheese Please,,Dhaka,Uttara Sector 6,1.19,Western|Fast Food,4.3,407,50.0,0.0,30.0,23.8654545,90.3849333,"House-6, Road-22, Sector 14, Uttara, Dhaka 1230",1230,https://foodpanda.com.bd/restaurant/yu73/cheese-please-yu73
amhc,92168,Chicken Junction - Uttara,Chicken Junction,Dhaka,Uttara Sector 1,1.23,Chicken|Meat|Burgers|Western|Fried Chicken,3.5,8,50.0,0.0,35.0,23.86563188,90.38395337,"sector 14,jatrabari road, pakuria,beside daraz office, uttara",1230,https://foodpanda.com.bd/restaurant/amhc/chicken-junction-uttara
ad8f,76176,Tehari & More,,Dhaka,Uttara Sector 6,1.2,Rice Dishes,3.6,94,50.0,0.0,35.0,23.86540725,90.38487855,"house-06, road-22, sector 14, Uttara Dhaka",1230,https://foodpanda.com.bd/restaurant/ad8f/tehari-and-more
l76d,98264,LiteBites & Juices,,Dhaka,Uttara Sector 4,0.1,Snacks|Beverage,3.0,35,50.0,0.0,40.0,23.876098,90.3889652,"Uttara, Sector:11, Road:17, House:22, Shop no:01.",1230,https://foodpanda.com.bd/restaurant/l76d/litebites-and-juices
blvr,129819,Rice Express - Uttara,,Dhaka,Uttara Sector 6,1.23,Rice Dishes|Asian,0.0,0,50.0,0.0,30.0,23.86565327,90.38410456,"House - 18, Road - 23, Sector - 14, Opposite of Mizan Medical Hall, Pakuria, Jatrabari Bazar, Uttara, Dhaka - 1230",1230,https://foodpanda.com.bd/restaurant/blvr/rice-express-uttara
xrdo,72552,Hot & Steamy,,Dhaka,Uttara Sector 1,1.28,Snacks|Rice Dishes,4.8,290,50.0,0.0,65.0,23.8647066,90.3826333,"House : Bagan Bari, Pakuria Main Road, Uttara - 14",1230,https://foodpanda.com.bd/restaurant/xrdo/hot-and-steamy
hfeb,97508,Bunstar,,Dhaka,Uttara Sector 6,1.01,Snacks|Burgers|Western,4.6,13,50.0,0.0,40.0,23.8652961,90.38918,"johura market ,Plot-15/C, (1st Floor) Sector # 14, Road 05, Uttara,Dhaka 1230",1220,https://foodpanda.com.bd/restaurant/hfeb/bunstar
ctg1,91454,Chunkz,,Dhaka,Uttara Sector 3,0.88,Fast Food,3.8,43,50.0,0.0,35.0,23.8866767,90.3881393,"Road 10, Rd 10, house 63 sector 10, road 10, house 63",1230,https://foodpanda.com.bd/restaurant/ctg1/chunkz
kjb0,128461,Bachelor's Kitchen,,Dhaka,Uttara Sector 3,0.14,Curry|Bangladeshi|Asian,0.0,0,50.0,0.0,35.0,23.8791543,90.3873466,Uttara sector 10 road 1 house 44 1st floor 1A,1230,https://foodpanda.com.bd/restaurant/kjb0
s4so,5397,Bon Cafe,Bon Cafe,Dhaka,Uttara Sector 9,1.0,Steak|Italian|Pasta|Beverage|Mediterranean|Cafe|Soups|Dessert|Meat|Western,4.6,383,50.0,0.0,35.0,23.86128605,90.39590915,"House 34, Sector 3, Road 1, Uttara Jashimuddin Road, Dhaka",1230,https://foodpanda.com.bd/restaurant/s4so/bon-cafe-s4so
vmcp,92169,Lunch Villa - Uttara,Lunch Villa - Paltan,Dhaka,Uttara Sector 1,1.23,Snacks|Rice Dishes,4.7,8,50.0,0.0,35.0,23.86559,90.3840017,"sector 14,jatrabari road, pakuria,beside daraz office, uttara",1230,https://foodpanda.com.bd/restaurant/vmcp/lunch-villa-uttara
n8qg,98007,Uttara Home Biriyani House,,Dhaka,Uttara Sector 6,2.06,Rice Dishes|Indian|Biryani|Asian,2.3,28,50.0,0.0,45.0,23.8564341,90.3855728,"Bawnia Road, Priyanka Runway City ,Landing Zone Restaurant & Cafe",1230,https://foodpanda.com.bd/restaurant/n8qg/uttara-home-biriyani-house
rofg,115425,Uttara Home Kitchen,,Dhaka,Uttara Sector 6,2.07,Indian|Biryani|Asian,2.1,10,50.0,0.0,45.0,23.8563,90.3856733,"City: Dhaka
Area: Dhaka Division
1230
Bawnia Road, Priyanka Runway City ,Landing Zone Restaurant & Cafe",1230,https://foodpanda.com.bd/restaurant/rofg/uttara-home-kitchen
r22h,102460,Best Home made,,Dhaka,Uttara Sector 9,0.92,Cakes|Dessert,4.7,67,50.0,0.0,30.0,23.8620003,90.3962443,"Sector 03, Rd 10, house 03, 1230 উত্তরা, ঢাকা, Bangladesh, 1230 Dhaka, Bangladesh, 1230 Dhaka, Bangladesh",1230,https://foodpanda.com.bd/restaurant/r22h/best-home-made
urgf,73471,Nobanno,,Dhaka,Uttara Sector 1,0.91,Curry|Bangladeshi|Asian,3.6,79,50.0,0.0,35.0,23.8678824,90.3810836,"House#20 Road#5 Sector#12, Priyanka city, Uttara, Dhaka.",1230,https://foodpanda.com.bd/restaurant/urgf/nobanno-urgf
wiq0,91530,GOBBLS,,Dhaka,Uttara Sector 6,0.34,Chicken|Snacks|Rice Dishes|Meat|Fast Food,3.6,69,50.0,0.0,50.0,23.8749517,90.395162,"House 49, Road 1, Sector 9, Uttora",1230,https://foodpanda.com.bd/restaurant/wiq0/gobbls
zgqg,92195,Red Onion - Uttara,Red Onion,Dhaka,Uttara Sector 1,1.24,Snacks|Curry|Italian|Pasta|Mediterranean|Noodles|Western,3.9,11,50.0,0.0,35.0,23.8655798,90.3840035,"sector 14,jatrabari road, pakuria,beside daraz office, uttara",1230,https://foodpanda.com.bd/restaurant/zgqg/red-onion-uttara
wsz1,112905,Homestyle Beef and Rice,,Dhaka,Uttara Sector 6,1.46,Curry|Rice Dishes|Bangladeshi|Asian,3.9,30,50.0,0.0,30.0,23.8611363,90.3890334,"মজুমদার ফাউন্ডেশন মসজিদ।, রোড-6/A সেক্টর-5 ইসরাইল মজুমদার হাই স্কুল!!, 1230 উত্তরা, ঢাকা, Bangladesh",1230,https://foodpanda.com.bd/restaurant/wsz1/homestyle-beef-and-rice
dzmu,70188,Late Night Kitchen,,Dhaka,Uttara Sector 1,0.91,Snacks,4.6,194,50.0,0.0,35.0,23.8678824,90.3810836,"House#20 Road#5 Sector#12, Priyanka city, Uttara, Dhaka.",1230,https://foodpanda.com.bd/restaurant/dzmu/late-night-kitchen
aow7,78259,Pure Food Zone,,Dhaka,Uttara Sector 1,0.01,Bangladeshi|Asian,0.0,0,50.0,0.0,0.0,23.8758547,90.3795438,"Uttara, H/F-241 Dhaka,Abdullahpur,Atipara,Rajabari,Khristan para, 1230 Uttara, Dhaka, Bangladesh",1230,https://foodpanda.com.bd/restaurant/aow7/pure-food-zone
v998,47978,Tehari Ghar - Uttara Khalpar Sector 12,Tehari Ghar,Dhaka,Uttara Sector 1,0.18,Rice Dishes|Indian|Biryani|Bangladeshi|Asian,4.9,3478,50.0,0.0,0.0,23.87424945,90.3797134,"Muktijoddha K.S tower, sector-12, Uttara, Dhaka",1230,https://foodpanda.com.bd/restaurant/v998/tehari-ghar-uttara-khalpar-sector-12
q4zf,82889,Sayra's kitchen,,Dhaka,Uttara Sector 1,0.22,Rice Dishes|Fast Food,0.0,0,50.0,0.0,0.0,23.87413746,90.37857523,"Sector 12, 01/4109, 1711 Uttara, Dhaka, Bangladesh",1711,https://foodpanda.com.bd/restaurant/q4zf/sayras-kitchen-q4zf
qa4k,83419,West Lake Restaurant,,Dhaka,Uttara Sector 1,0.43,Curry|Rice Dishes|Soups|Seafood,0.0,0,50.0,0.0,35.0,23.87205985,90.3798712,"Uttara-12 ,, Road No. 6C,  House -36, Sector 12, 1230 Uttara, Dhaka, Bangladesh",1230,https://foodpanda.com.bd/restaurant/qa4k/west-lake-restaurant
upor,78156,ENZO,,Dhaka,Uttara Sector 1,0.52,Rice Dishes,0.0,0,50.0,0.0,0.0,23.8713904,90.380721,"Sector 12, rod 5 . 50 home, 1230 Uttara, Dhaka, Bangladesh",1230,https://foodpanda.com.bd/restaurant/upor/enzo
mqko,74062,Juice & Fuchka,,Dhaka,Uttara Sector 2,0.5,Juice Corner|Snacks|Beverage|Chotpoti & Fuchka|Dessert|Bangladeshi|Doi|Asian,4.6,611,50.0,0.0,0.0,23.8729241,90.3840633,"86 Shah Makhdum Ave, Dhaka 1230",1230,https://foodpanda.com.bd/restaurant/mqko/juice-and-fuchka
uojy,76599,Next Bite,,Dhaka,Uttara Sector 1,0.63,Snacks|Rice Dishes,3.8,66,50.0,0.0,35.0,23.8703049,90.3803155,"House-55,Road-06,Sector-12,Uttara,Dhaka-1230",1230,https://foodpanda.com.bd/restaurant/uojy/next-bite
wz8j,77619,Pick Li,,Dhaka,Uttara Sector 4,0.58,Snacks|Rice Dishes|Bangladeshi|Asian,0.0,0,50.0,0.0,0.0,23.8727258,90.3856876,"Rd 12 House 11 House 11 Road 12 sector-10, 1230 Uttara, Dhaka, Bangladesh",1230,https://foodpanda.com.bd/restaurant/wz8j/pick-li
n9ch,115786,The Coffee Club,,Dhaka,Uttara Sector 2,0.73,Beverage|Cafe,4.8,23,50.0,0.0,35.0,23.8707439,90.3841361,"House 16, Shah Makdum Avenue sector 13, 1230 Uttara, Dhaka, Bangladesh",1230,https://foodpanda.com.bd/restaurant/n9ch
okg3,81591,Home Flavor,,Dhaka,Uttara Sector 5,0.69,Curry|Rice Dishes|Bangladeshi|Asian,0.0,0,50.0,0.0,0.0,23.8710194,90.3858473,"19 Road No. 18, House: 19 Road: 18 Sector: 13 Flat: A1, 1230 Uttara, Dhaka, Bangladesh",1230,https://foodpanda.com.bd/restaurant/okg3/home-flavor-okg3
djtz,117462,Dhakaiya Polao,,Dhaka,Uttara Sector 1,0.89,Bangladeshi|Asian,2.4,8,50.0,0.0,35.0,23.8686783,90.383228,"Dhakaiya Polao, House 2 Road 2 Sector 12, 1230 Uttara, Dhaka, Bangladesh",1230,https://foodpanda.com.bd/restaurant/djtz/dhakaiya-polao
ysod,102468,Choi Choi,,Dhaka,Uttara Sector 1,0.93,Curry|Rice Dishes,0.0,0,50.0,0.0,35.0,23.8687733,90.3843377,"Nivriti, H 90,R 19, Sector 14, Uttara, Dhaka, 1230 Uttara, Dhaka, Bangladesh",1230,https://foodpanda.com.bd/restaurant/ysod/choi-choi
ro6t,70310,Uttara Mojammel Mamar shera Chotpoti Fuchka,,Dhaka,Uttara Sector 6,0.82,Juice Corner|Beverage|Chotpoti & Fuchka|Bangladeshi|Asian,1.6,5,50.0,0.0,0.0,23.8692483,90.3857769,"\Mastermind School samna,gausul azam ave, uttara,Dhaka",5678,https://foodpanda.com.bd/restaurant/ro6t/uttara-mojammel-mamar-shera-chotpoti-fuchka
voss,73001,Delifrance - Uttara,Delifrance Gulshan Avenue,Dhaka,Uttara Sector 6,0.78,Cakes|Beverage|Western|Fast Food,4.7,763,50.0,0.0,0.0,23.86937295,90.38626725,"Plot – 67, Rd #5, Gausul Azam Avenue, Sector – 14, Uttara ,Dhaka, (Level 2)",1230,https://foodpanda.com.bd/restaurant/voss/delifrance-uttara
i0w0,77010,Radhuni's Secret,,Dhaka,Uttara Sector 1,1.03,Asian,3.6,8,50.0,0.0,0.0,23.8672609,90.3830614,"Shah Makhdum Ave 2 Sector 12 , Road 1/A , near BIT , sorkar market Gate , Uttara, 1230 Uttara, Dhaka, Bangladesh",1230,https://foodpanda.com.bd/restaurant/i0w0/radhunis-secret
avrd,58226,Indulge - Uttara,Indulge,Dhaka,Uttara Sector 6,0.71,Dessert|Fast Food,4.9,1546,50.0,0.0,0.0,23.86955765,90.38701505,"House-54, Gausul Azam Avenue, Sector 13, uttara",1230,https://foodpanda.com.bd/restaurant/avrd/indulge-uttara
oobv,80941,Chowmeenia,,Dhaka,Uttara Sector 3,0.3,Noodles,0.0,0,50.0,0.0,0.0,23.880242,90.388662,"Moonlit winter house, House 33,road 3,sector 10,Uttara,Dhaka, 1230 Uttara, Dhaka, Bangladesh",1230,https://foodpanda.com.bd/restaurant/oobv/chowmeenia
mo3s,77161,RamenYum - Uttara,,Dhaka,Uttara Sector 1,1.07,Snacks|Beverage|Noodles,4.4,131,50.0,0.0,0.0,23.8670907,90.3837473,"Plot # 01, Shah
Mokhdhum Avenue, Sector # 14, Uttara, Dhaka- 1230. Bangladesh",1230,https://foodpanda.com.bd/restaurant/mo3s/ramenyum-uttara
msny,79235,Musafir Khana,,Dhaka,Uttara Sector 1,1.08,Curry|Rice Dishes|Bangladeshi|Asian,0.0,0,50.0,0.0,0.0,23.874624,90.3690081,"Musafirkhana Hotel & Restaurant, 44 Sonargaon janopth road, diabari, Turag, 1230 Uttara, Dhaka, Bangladesh",1230,https://foodpanda.com.bd/restaurant/msny/musafir-khana-msny
aatt,47922,Mukta's Kitchen,,Dhaka,Uttara Sector 6,1.03,Snacks|Dessert,2.6,4,50.0,0.0,0.0,23.86748075,90.3848155,"House-62, Road-13, Sec:tor-14, Uttara",1230,https://foodpanda.com.bd/restaurant/aatt/muktas-kitchen-aatt
h2im,77689,Hot & Spicy Pizza,,Dhaka,Uttara Sector 1,1.12,Snacks|Burgers|Western,0.0,0,50.0,0.0,0.0,23.8744314,90.368581,"Dia Bari Metro Station under Pillar No 6, Uttara, Dhaka-1230",1230,https://foodpanda.com.bd/restaurant/h2im/hot-and-spicy-pizza
pqy9,80937,DIET PACK,,Dhaka,Uttara Sector 4,0.35,Healthy,2.2,6,50.0,0.0,0.0,23.88012391,90.38956437,"Uttara Sector 10 Central Jame Mosque, Uttara 10,Road 02,house 22, anabil, 1230 Uttara, Dhaka, Bangladesh",1230,https://foodpanda.com.bd/restaurant/pqy9/diet-pack-pqy9
aidf,114472,Bengal Food,,Dhaka,Uttara Sector 1,1.16,Bangladeshi|Asian,0.0,0,50.0,0.0,35.0,23.8657817,90.38219562,"Bengol Food, sercot 14,Road 23,cartoon factory Uttara sector 14,Road 23,cartoon factory, 1230 Dhaka, Bangladesh",1231,https://foodpanda.com.bd/restaurant/aidf/bengal-food
hsry,79071,House of Ramen,,Dhaka,Uttara Sector 4,0.27,Japanese|Chinese|Korean|Asian|Dumpling,4.6,102,50.0,0.0,0.0,23.8789331,90.3906835,"House-21, Road - 10/A , Sector-11 , Uttara ( Opposite of meenabazar)",,https://foodpanda.com.bd/restaurant/hsry/house-of-ramen
z1ec,49235,Puro Pastry & Bakery - Uttara11,Puro Pastry & Bakery - Dhaka,Dhaka,Uttara Sector 4,0.25,Cakes|Dessert|Fast Food,4.9,1209,50.0,0.0,0.0,23.8785502,90.39082175,"House No: 24, Ground Floor, Road No-10B, Garib-E-Newaz Avenue,Sector-11,Dhaka-1230",1230,https://foodpanda.com.bd/restaurant/z1ec/puro-pastry-and-bakery-uttara11
nbb0,107918,Kacchi & Crust,,Dhaka,Uttara Sector 5,0.11,Fast Food,0.0,0,50.0,0.0,35.0,23.87575265,90.39165755,"Kacchi & Crust, Road 04, House 49,  Sector 11, 1230 Uttara, Dhaka, Bangladesh",1230,https://foodpanda.com.bd/restaurant/nbb0/kacchi-and-crust
z5jl,106799,Lobon Kitchen,,Dhaka,Uttara Sector 3,0.69,Bangladeshi|Asian,4.9,111,50.0,0.0,35.0,23.8852143,90.3865989,"38, Ranavola Main Road, Uttara, Dhaka, Ranavola Main Road, 38 Number Cumilla Store House",1230,https://foodpanda.com.bd/restaurant/z5jl/lobon-kitchen-z5jl
xen9,72920,Biryani House,,Dhaka,Uttara Sector 1,1.36,Snacks|Curry|Rice Dishes|Fish|Seafood|Bangladeshi|Asian,3.9,32,50.0,0.0,0.0,23.87039716,90.36759347,দিয়াবাড়ি মেইন রোড 95 HAZI MUNSUR MARKET DIYABARI MAIN ROAD (SECTOR 15) TURAG UTTARA DHAKA 1230,1230,https://foodpanda.com.bd/restaurant/xen9/biryani-house-xen9
ixh7,72206,Ruu's The Garden Cafe,,Dhaka,Uttara Sector 6,1.06,Curry|Chinese|Asian,4.4,6,50.0,0.0,35.0,23.8656174,90.3870874,"Road-11 Sector 14 Plot 50, 1230 Uttara, Dhaka, Bangladesh",1230,https://foodpanda.com.bd/restaurant/ixh7/ruus-the-garden-cafe
d8yj,71386,Fiori Coffee and Bakery,,Dhaka,Uttara Sector 8,0.9,Snacks|Beverage|Bakery,3.4,10,50.0,0.0,0.0,23.86586065,90.3922165,House 11 Road-2,1230,https://foodpanda.com.bd/restaurant/d8yj/fiori-coffee-and-bakery
yjwi,77954,Fork Wave,,Dhaka,Uttara Sector 8,0.62,Snacks|Curry|Rice Dishes|Beverage|Asian,4.8,281,50.0,0.0,0.0,23.8675375,90.3942455,"Holding # 01, Vivek Heights, 1st floor, Road # 18 Rabindra Sarani, Dhaka 1230",1230,https://foodpanda.com.bd/restaurant/yjwi/fork-wave
dral,76794,Mr Food,,Dhaka,Uttara Sector 7,0.17,Juice Corner|Snacks|Italian|Pasta|Beverage|Mediterranean|Burgers|Western,4.4,19,50.0,0.0,0.0,23.87341105,90.39665155,"House-18, Road-27, Sector-7, Uttara Dhaka",1230,https://foodpanda.com.bd/restaurant/dral/mr-food-dral
u137,123098,Hungry Hub Briyani,,Dhaka,House Building,0.31,Bangladeshi|Asian,3.6,64,50.0,0.0,35.0,23.8773861,90.3968499,"Road no : 06 , Sector : 09 , Chairman market, 06/126/09, Uttara, Dhaka 1230, Dhaka",1230,https://foodpanda.com.bd/restaurant/u137/hungry-hub-briyani
vg3s,77409,Deshi Delights,,Dhaka,Uttara Sector 3,1.28,Snacks|Dessert,3.5,7,50.0,0.0,0.0,23.8904382,90.387321,"sector#10,road#15,house#15,shahanara monjil,uttora Dhaka 1230",1230,https://foodpanda.com.bd/restaurant/vg3s/deshi-delights
xity,69417,Koryori Uttara - pandago,,Dhaka,Uttara Sector 8,0.68,Bangladeshi|Asian,0.0,0,50.0,0.0,35.0,23.86674072,90.3942409,"54, Road-13, Koryori - Uttara Shop-6",1230,https://foodpanda.com.bd/restaurant/xity/koryori-uttara-pandago
svdn,68821,Shumi's Hot Cake - Uttara -7,Shumi's Hot Cake,Dhaka,House Building,0.12,Cakes|Dessert|Fast Food,4.9,1028,50.0,0.0,0.0,23.8743697,90.3975319,"House-21, Sector-7, Sonargaon Janapath Road, Uttara, Dhaka.",1230,https://foodpanda.com.bd/restaurant/svdn/shumis-hot-cake-uttara-7
g1qg,76607,Pizza On,,Dhaka,House Building,0.09,Italian|Mediterranean|Sandwiches|Pizza|Burgers|Western|American,2.7,15,50.0,0.0,35.0,23.87513,90.3976467,"House-29, Road 1, Floor 1, Shop 2, Sector - 9, Uttara, Dhaka - 1230",1230,https://foodpanda.com.bd/restaurant/g1qg/pizza-on-g1qg
qjum,74792,Maimuna Chotpoti & Fuchka,,Dhaka,Uttara Sector 9,1.29,Snacks|Chotpoti & Fuchka|Bangladeshi|Asian,1.7,6,50.0,0.0,0.0,23.8622389,90.3907452,House 38 road 5/a sector 5 Uttara Dhaka,1230,https://foodpanda.com.bd/restaurant/qjum/maimuna-chotpoti-and-fuchka
cehq,79107,Dessert House,,Dhaka,Uttara Sector 8,0.22,Snacks|Beverage|Dessert,0.0,0,50.0,0.0,0.0,23.8699734,90.3971376,"Uttara, Sector 7 Park, Sector 7 road 10 house 10, 1230 Uttara, Dhaka, Bangladesh",1230,https://foodpanda.com.bd/restaurant/cehq/dessert-house
amq0,101130,Maa’r Hater Ranna,,Dhaka,Uttara Sector 7,0.11,Snacks,0.0,0,50.0,0.0,35.0,23.8734667,90.3982427,"Shova Bilash, Sector 7 Road 32 house 8 2nd floor, 1230 Uttara, Dhaka, Bangladesh",1230,https://foodpanda.com.bd/restaurant/amq0/maar-hater-ranna
vzde,109427,The Beef Lab,,Dhaka,Abdullahpur,0.17,Curry|Bangladeshi|Asian,0.0,0,50.0,0.0,35.0,23.87895472,90.39997551,"Rriyanka ranway city, Road-08, House-07, flat-6A, Uttar,Dhaka-1230, Rriyanka ranway city, Road-08, House-07, flat-6A, Uttar,Dhaka-1230 Bandhan tower, 1230 Uttara, Dhaka, Bangladesh",1230,https://foodpanda.com.bd/restaurant/vzde/the-beef-lab
fckc,76414,Khichuri Ghar,,Dhaka,Rajlokkhi,0.22,Rice Dishes,3.4,6,50.0,0.0,0.0,23.8746146,90.4017305,House 10/ Alawel avenue # Sector 06# uttara dhaka 1230,1230,https://foodpanda.com.bd/restaurant/fckc/khichuri-ghar-fckc
vuto,75876,MOMOSi,,Dhaka,Uttara Sector 9,0.64,Snacks|Chinese|Asian|Dumpling,4.8,229,50.0,0.0,0.0,23.8635841,90.3989021,house 28/a road 02 sector 03 Road 28/A Road 02 Sector 03 Uttara,1230,https://foodpanda.com.bd/restaurant/vuto/momosi
hnhk,99758,Creamy Creation By Alpona,,Dhaka,Uttara Sector 1,2.43,Cakes|Snacks|Dessert,4.5,20,50.0,0.0,0.0,23.862207,90.360878,"⁠E-23, Road: 1 & 4, Sector-15, Uttara, Dhaka",1230,https://foodpanda.com.bd/restaurant/hnhk/creamy-creation-by-alpona
n7su,75958,Organio Kitchen,,Dhaka,Uttara Sector 9,0.19,Curry|Bangladeshi|Asian,4.7,175,50.0,0.0,0.0,23.86864298,90.40284021,"Sector: 6, Road: 13/A, House: 8, level 6, Uttara",1230,https://foodpanda.com.bd/restaurant/n7su/organio-kitchen
dgfc,79897,Henshel Bari,,Dhaka,Azampur,0.19,Curry|Bangladeshi|Asian,4.3,24,50.0,0.0,0.0,23.86865588,90.40287481,"Sector: 6, Road: 13/A, House: 8, level 2, Uttara",1230,https://foodpanda.com.bd/restaurant/dgfc/henshel-bari
l3po,75785,Kabita's Home Kitchen,,Dhaka,Rajlokkhi,0.51,Bangladeshi|Asian,4.5,60,50.0,0.0,0.0,23.8750022,90.4050192,"Postal Quater ,Sector 8 ,Uttara  , Dhaka -1230, 1230 Uttara, Dhaka, Bangladesh",1230,https://foodpanda.com.bd/restaurant/l3po/kabitas-home-kitchen
umsh,81200,Tasty Treat-Shahjalal Avenue-Uttara-4,Tasty Treat,Dhaka,Uttara Sector 10,0.16,Cakes|Dessert|Doi|Fast Food,4.9,77,50.0,0.0,0.0,23.8679674,90.4043609,"House – 36, Shahjalal Avenue, Sector – 4, Uttara, Dhaka",1230,https://foodpanda.com.bd/restaurant/umsh/tasty-treat-shahjalal-avenue-uttara-4
a4a6,79171,Rizik Biryani House,,Dhaka,Abdullahpur,0.59,Rice Dishes|Indian|Biryani|Asian,3.2,48,50.0,0.0,0.0,23.8765733,90.4063083,"House - 328, Kadam Ali Complex, Adam Ali Market, Near Rail Gate, Matbor Bari Road, Sector 8, Uttara",1230,https://foodpanda.com.bd/restaurant/a4a6/rizik-biryani-house
ctpe,74751,Graam Cha - Uttara,Graam Cha,Dhaka,Uttara Sector 10,0.76,Beverage,0.0,0,50.0,0.0,0.0,23.8604648,90.4009828,"House 11 Road 06 Sector 4, Uttara Dhaka-1230",1230,https://foodpanda.com.bd/restaurant/ctpe/graam-cha-uttara
u3ax,18757,Mithai - Joynal Market,Mithai - Dhaka,Dhaka,Azampur,0.48,Cakes|Dessert|Doi|Fast Food,4.7,738,50.0,0.0,0.0,23.873524,90.406717,"Shop No # 21, Joynal Market Road,41/1 Joynal Tower,Faidabad, Dakhsin Khan",1230,https://foodpanda.com.bd/restaurant/u3ax/mithai-joynal-market
zfg5,77942,Oitijjobahi Khabar Ghor,,Dhaka,Uttara Sector 12,0.43,Curry,3.9,47,50.0,0.0,0.0,23.8598675,90.4085368,"95/1 (103) Kobor Stan Road, West Mollartek, Dakshinkhan, Dhaka- 1230, 1230 Dakshin Khan, Dhaka, Bangladesh",1230,https://foodpanda.com.bd/restaurant/zfg5/oitijjobahi-khabar-ghor
pj0d,73245,Tabaq Coffee - Centrepoint,Tabaq,Dhaka,Airport,0.35,Beverage|Cafe|Sandwiches|Dessert|Western,5.0,454,50.0,0.0,0.0,23.8528481,90.40547635,"Level 5, Chefs table, Centrepoint ,Dhaka Mymensingh Highway, Kurmitola",1230,https://foodpanda.com.bd/restaurant/pj0d/tabaq-coffee-centrepoint
ll4k,75252,Wok Way - Chef's Table Centrepoint,Wok Way,Dhaka,Airport,0.28,Snacks|Noodles|Chinese|Asian,4.6,38,50.0,0.0,0.0,23.8525964,90.4061317,"Inside of Chef's Table Centrepoint near Airport, Uttara",1229,https://foodpanda.com.bd/restaurant/ll4k/wok-way-chefs-table-centrepoint
lrim,77881,Habiba's Kitchen,,Dhaka,Airport,0.31,Curry|Rice Dishes|Bangladeshi|Asian,0.0,0,50.0,0.0,0.0,23.8540538,90.4097326,"Biman Quarter,  Beside Ansar Camp, 1230 Dakshin Khan, Dhaka, Bangladesh",1230,https://foodpanda.com.bd/restaurant/lrim/habibas-kitchen-lrim
unvg,130523,Smokey Lane,,Dhaka,Uttara Sector 9,1.05,,0.0,0,50.0,0.0,35.0,23.8615598,90.394563,"Smokey Lane, Jashimuddin Ave, 1",1230,https://foodpanda.com.bd/restaurant/unvg
s9zb,1851,Chatime - Uttara,Chatime,Dhaka,Uttara Sector 1,0.18,Beverage,4.5,4003,50.0,0.0,0.0,23.8744686,90.3802752,"Road No. 17/B, Plot No - 1 & 3 , Sonargaon Janapath Road, Sector - 12, Uttara, Dhaka",1230,https://foodpanda.com.bd/restaurant/s9zb/chatime-uttara
tasb,116061,Spice & Spoon,,Dhaka,Uttara Sector 2,0.3,Asian|Thai,0.0,0,50.0,0.0,35.0,23.87900995,90.3800763,"Ruposhi Bangla Mor, Akij Housing Road, Uttara Sector 10, Fulbaria, Dhaka 1230, Bangladesh",1230,https://foodpanda.com.bd/restaurant/tasb/spice-and-spoon
gfdn,81296,Oven Pizza House,,Dhaka,Uttara Sector 2,0.34,Italian|Mediterranean|Sandwiches|Pizza|Burgers|Western,3.7,107,50.0,0.0,0.0,23.8742414,90.3835288,"House: 02, Road: 2/A, Sector: 12, Uttara",1230,https://foodpanda.com.bd/restaurant/gfdn/oven-pizza-house
q1ze,117111,Air Fryer Cooking - Uttara,,Dhaka,Uttara Sector 2,0.34,Healthy,0.0,0,50.0,0.0,35.0,23.8747972,90.3843447,"Ferdous Barin, 4th Floor, House 1, Road 21, Sector 11, 1230 Uttara, Dhaka, Bangladesh",1230,https://foodpanda.com.bd/restaurant/q1ze/air-fryer-cooking-uttara
smbb,76600,C&W,,Dhaka,Uttara Sector 2,0.42,Dessert,0.0,0,50.0,0.0,0.0,23.8740756,90.3845822,"Sonargaon Janapath 77 Kodomtola More, Sector 13, Uttara, Infront of Infinity Mega Mall, 1230 Uttara, Dhaka, Bangladesh",1230,https://foodpanda.com.bd/restaurant/smbb/candw
uh8v,77977,Food Flavors,,Dhaka,Uttara Sector 2,0.5,Snacks|Rice Dishes|Beverage,4.9,9,50.0,0.0,0.0,23.8729241,90.3840633,"Adda Food Zone, 12, 1230 Uttara, Dhaka, Bangladesh",1230,https://foodpanda.com.bd/restaurant/uh8v/food-flavors
pvov,77758,Flavor Hood,,Dhaka,Uttara Sector 2,0.56,Snacks|Middle Eastern|Shawarma|Burgers|Western,3.9,12,50.0,0.0,0.0,23.8722545,90.3838967,"Sector-13,  Besides of Mannarat International School, 1230 Uttara, Dhaka, Bangladesh",1230,https://foodpanda.com.bd/restaurant/pvov/flavor-hood
s76a,74292,FlavorHive,,Dhaka,Uttara Sector 1,0.68,Chicken|Meat|Burgers|Western|Fast Food,3.2,75,50.0,0.0,0.0,23.8699128,90.38069415,"house 50, road 5, Sector 12, Uttara, Dhaka Bangladesh",1230,https://foodpanda.com.bd/restaurant/s76a/flavorhive
zaex,77841,Nanna Biriyani Sector 12,,Dhaka,Uttara Sector 1,0.77,Indian|Biryani|Asian,3.7,25,50.0,0.0,0.0,23.8690317,90.38064185,"House-52, Road-03, Sector 12, Uttara, Dhaka-1230",1230,https://foodpanda.com.bd/restaurant/zaex/nanna-biriyani-sector-12
uo3c,81003,Binzo restro,,Dhaka,Uttara Sector 5,0.89,Fast Food,0.0,0,50.0,0.0,0.0,23.869137,90.3849999,"Chef's corner (শেফ কর্নার), Gausul Azam Ave, 1230 Uttara, Dhaka, Bangladesh",1230,https://foodpanda.com.bd/restaurant/uo3c/binzo-restro
trk5,75861,Bangali Bhoj,,Dhaka,Uttara Sector 6,0.9,Snacks|Curry|Rice Dishes|Dessert|Bangladeshi|Asian,2.5,35,50.0,0.0,0.0,23.86879203,90.38523977,"House: 87, Road: 19, Sector: 14, Gausul Azam Avenue, Uttara, besides uttara Govt laboratory School",1230,https://foodpanda.com.bd/restaurant/trk5/bangali-bhoj-trk5
ytkk,76541,Food Venture,,Dhaka,Uttara Sector 1,1.07,Curry|Rice Dishes|Bangladeshi|Asian,0.0,0,50.0,0.0,0.0,23.86716321,90.38392041,"Shop - 5, House - 1, Shah Makhdum Avenue, Sector - 14, Uttara",1230,https://foodpanda.com.bd/restaurant/ytkk/food-venture-ytkk
h8xu,76137,Cha Boithok,,Dhaka,Uttara Sector 4,0.2,Snacks,0.0,0,50.0,0.0,0.0,23.87856981,90.39004881,House No:1; Road No: 11; Sector No: 11; Uttara Model town; Dhaka -1230,1230,https://foodpanda.com.bd/restaurant/h8xu/cha-boithok-h8xu
wf9k,76744,Home Of Flavor's,,Dhaka,Uttara Sector 6,0.96,Curry|Rice Dishes|Bangladeshi|Asian,4.9,183,50.0,0.0,0.0,23.8675169,90.3857,"House 98, Road 16, Sector 14, Uttara Model Town , Dhaka, 1230 Uttara, Dhaka, Bangladesh",1230,https://foodpanda.com.bd/restaurant/wf9k/home-of-flavors-wf9k
r3ih,77564,Chef Special,,Dhaka,Uttara Sector 5,0.08,Snacks|Curry|Italian|Mediterranean|Pizza|Western,0.0,0,50.0,0.0,0.0,23.87555998,90.39057131,"H# 1/B(1st floor, Quantum Emerald Point, Gareeb-e-Newaz Ave, Dhaka 1230",1230,https://foodpanda.com.bd/restaurant/r3ih/chef-special
y1iz,81235,5 Star Friends Kabab Ghor,,Dhaka,Uttara Sector 4,0.16,Turkish|Kebab|Rice Dishes|Middle Eastern|Beverage,0.0,0,50.0,0.0,0.0,23.87686519,90.39060854,"House: 11, Gareeb E nawaz avenue uttara , sector 11 house 11 beside milestone college",1230,https://foodpanda.com.bd/restaurant/y1iz/5-star-friends-kabab-ghor
l2wo,79661,Wrapick - Uttara 14,Wrapick,Dhaka,Uttara Sector 6,0.65,Wraps|Snacks|Beverage|Dessert,4.6,114,50.0,0.0,0.0,23.86925214,90.38825125,"Fusion Food Court, House - 41, Gausul Azam Avenue, Sector - 14",1230,https://foodpanda.com.bd/restaurant/l2wo/wrapick-uttara-14
br6f,78000,Sultana Snacks & Fastfood,,Dhaka,Uttara Sector 6,0.47,Snacks|Dessert,3.3,108,50.0,0.0,0.0,23.8704733,90.3894706,"House - 13, Road, - 06, Sector - 13, Near Uttara Sector 13 Park, Uttara, Dhaka - 1230",1230,https://foodpanda.com.bd/restaurant/br6f/sultana-snacks-and-fastfood
a9ws,77688,Khusi Fuchka House,,Dhaka,Uttara Sector 4,0.26,Snacks|Chotpoti & Fuchka|Bangladeshi|Asian,4.7,101,50.0,0.0,0.0,23.8785956,90.3908213,"11 no sector , Road 10/B,  Uttara -1230",1230,https://foodpanda.com.bd/restaurant/a9ws/khusi-fuchka-house
e2pb,79358,Dacca Bites & Drinks,,Dhaka,Uttara Sector 3,0.46,Snacks|Beverage|Vegan,2.9,42,50.0,0.0,35.0,23.8817504,90.3894052,"House 18, Sector 10 Road 5, Uttara, Dhaka",1230,https://foodpanda.com.bd/restaurant/e2pb/dacca-bites-and-drinks
c8kf,77039,Waffle Bar,,Dhaka,Uttara Sector 5,0.08,Beverage|Dessert,4.4,8,50.0,0.0,0.0,23.8743598,90.3912491,"Sonargaon janapath road, House: 19, Sector: 13, Uttara",1230,https://foodpanda.com.bd/restaurant/c8kf/waffle-bar
ym9p,76831,Dumanli Seafood & BBQ,,Dhaka,Uttara Sector 1,1.21,Seafood,4.4,13,50.0,0.0,0.0,23.8678455,90.37152625,"Shinning Moon Foodcourt, Ave 9, Road: 4 Uttara Dhaka",1230,https://foodpanda.com.bd/restaurant/ym9p/dumanli-seafood-and-bbq
e2yz,76971,Big Q - Uttara,THE BIG Q,Dhaka,Uttara Sector 6,0.63,Burgers|Western|Fast Food,4.9,410,50.0,0.0,0.0,23.8691763,90.3888377,"SH Tower, 4th Floor, House: 35, Gawsul azom avenue, Sector: 14, Uttara, Dhaka 1230",1230,https://foodpanda.com.bd/restaurant/e2yz/big-q-uttara-e2yz
mde7,76406,Grabites,,Dhaka,Uttara Sector 1,1.21,Fast Food,0.0,0,50.0,0.0,0.0,23.8678489,90.3715157,"Plot – 1&3, Shining Moon Food Court, Road – 04, Avenue – 09, Sector – 15/E, Uttara, Dhaka - 1230",1230,https://foodpanda.com.bd/restaurant/mde7/grabites
lzrv,76885,Crunchies,,Dhaka,Uttara Sector 6,0.62,Beverage|Sandwiches|Burgers|Western|Fast Food,4.5,31,50.0,0.0,0.0,23.8691867,90.38886962,35 no building sh tower 4th floor panda kitchen 8 no,1230,https://foodpanda.com.bd/restaurant/lzrv/crunchies
dbzq,72952,Red Dragon,,Dhaka,Uttara Sector 1,1.22,Snacks|Italian|Middle Eastern|Shawarma|Mediterranean|Pizza|Western,3.3,16,50.0,0.0,0.0,23.867653,90.3715179,Moonshine FoodCourt Sector -15 Uttara Dhaka-1230,1230,https://foodpanda.com.bd/restaurant/dbzq/red-dragon-dbzq
p96k,76713,Pizzaro,,Dhaka,Uttara Sector 1,1.23,Italian|Pasta|Mediterranean|Western|Fast Food,4.1,10,50.0,0.0,0.0,23.8675717,90.3714801,"Shinning Moon Foodcourt, Ave 9, Dhaka",1230,https://foodpanda.com.bd/restaurant/p96k/pizzaro
td8d,74997,Patenga Cafe - Uttara,Patenga Cafe,Dhaka,Uttara Sector 6,0.05,Snacks|Beverage|Seafood,4.1,80,50.0,0.0,0.0,23.8741747,90.3915469,"Sector 13, Road 3, Aside Jom jom tower, BFC goli, Uttara, Dhaka",1230,https://foodpanda.com.bd/restaurant/td8d/patenga-cafe-uttara
yw73,78225,Khai Khai Restaurant,,Dhaka,Uttara Sector 3,0.51,Snacks|Rice Dishes,0.0,0,50.0,0.0,0.0,23.8822196,90.3895811,"Sector: 10, road: 6, house: 16, Uttara",1230,https://foodpanda.com.bd/restaurant/yw73/khai-khai-restaurant
b1je,118612,NutriBox,,Dhaka,Uttara Sector 3,0.58,Healthy,0.0,0,50.0,0.0,35.0,23.88384746,90.38815624,"Saleha Tower, House-12 Road-7/A Ranavola, Turag Dhaka, 1230 Uttara, Dhaka, Bangladesh",1230,https://foodpanda.com.bd/restaurant/b1je/nutribox
zl8d,77068,Khao San - Uttara,Khao San,Dhaka,Uttara Sector 6,0.27,Asian|Thai,4.7,480,50.0,0.0,0.0,23.87178975,90.3910219,"House - 30, Tropical Shormi Center, Gareeb-e-Nawaz Avenue, Uttara, Dhaka - 1230",1230,https://foodpanda.com.bd/restaurant/zl8d/khao-san-uttara
r0h9,88193,Sofra Kitchen,,Dhaka,Uttara Sector 6,1.1,Fast Food,3.8,7,50.0,0.0,0.0,23.8659715,90.385676,"House 15, Road Number 20, Sector -14 Uttara",1230,https://foodpanda.com.bd/restaurant/r0h9/sofra-kitchen
xnbn,75493,Bistromath - Uttara,Bistromath,Dhaka,Uttara Sector 6,0.08,Italian|Pasta|Mediterranean|Sandwiches|Western,0.0,0,50.0,0.0,0.0,23.87463729,90.39227807,"Plot - 12, Level - 3, Sonargaon Jonopoth Road, Sector 11, Uttara, Dhaka - 1230",1230,https://foodpanda.com.bd/restaurant/xnbn/bistromath-uttara
d19v,76188,CP Five Star-Simi Food-Diyabari,CP Five Star,Dhaka,Uttara Sector 1,1.32,Chicken|Snacks|Meat|Fast Food,3.2,22,50.0,0.0,0.0,23.8672951,90.3705983,"V98C+W6J, Bot Tola Mor, Dhaka 1230",1230,https://foodpanda.com.bd/restaurant/d19v/cp-five-star-simi-food-diyabari
ana0,77756,Nanna Biriyani Sector 15,,Dhaka,Uttara Sector 1,1.32,Indian|Biryani|Asian,3.4,21,50.0,0.0,0.0,23.86728435,90.37052225,"Flat-11/A, Block - CA, Road-09, Sector-15, Uttara, Dhaka - 1230",1230,https://foodpanda.com.bd/restaurant/ana0/nanna-biriyani-sector-15
l6iw,17227,Bella Italia - Uttara,Bella Italia,Dhaka,Uttara Sector 6,0.1,Italian|Pasta|Mediterranean|Pizza|Western,4.9,1807,50.0,0.0,0.0,23.8745536,90.39274215,"Level 5,plot no-6, Bay Showroom, Opposite of Bata Showroom, Janapath Road, Uttara Sector 11",1230,https://foodpanda.com.bd/restaurant/l6iw/bella-italia-uttara
kqat,78152,Silvia's Kitchen,,Dhaka,Uttara Sector 5,0.36,Beverage|Dessert,4.6,20,50.0,0.0,0.0,23.8775402,90.3931939,"House # 12 Road No. 8, Road No. 8 House # 12, 1230 Uttara, Dhaka, Bangladesh",1230,https://foodpanda.com.bd/restaurant/kqat/silvias-kitchen-kqat
ekx5,76375,Jolojog - Uttara,,Dhaka,Uttara Sector 3,0.74,Snacks|Burgers|Western,2.9,26,50.0,0.0,0.0,23.8849333,90.3892295,"Sector 10, Road 11, House 34, 1230 Uttara, Dhaka, Bangladesh",1230,https://foodpanda.com.bd/restaurant/ekx5/jolojog-uttara
o3xz,77887,Nawabi Khana,,Dhaka,Uttara Sector 6,0.49,Turkish|Kebab|Curry|Rice Dishes|Middle Eastern|Beverage|Indian|Biryani|Asian,3.7,45,50.0,0.0,0.0,23.8696027,90.3916416,"Gausul Azam Ave House 4 Plot-4,Gausul Azam Avenue,Sector-13,Uttara,Dhaka-1230",1230,https://foodpanda.com.bd/restaurant/o3xz/nawabi-khana
aybl,106687,Chatgaiya's Home Cook,,Dhaka,Uttara Sector 6,0.22,Bangladeshi|Asian,4.9,45,50.0,0.0,35.0,23.87534589,90.39351813,"Green Memory, Road 3, House 7, Sec 11, 1230 Uttara, Dhaka, Bangladesh",1230,https://foodpanda.com.bd/restaurant/aybl/chatgaiyas-home-cook
ryit,72277,Crispie Bite,,Dhaka,Uttara Sector 1,1.44,Snacks|Italian|Pasta|Beverage|Mediterranean|Burgers|Western|Fast Food,0.0,0,50.0,0.0,0.0,23.8696977,90.3670949,"Metro Food Court, Metro north rail station, sector: 18, Uttara",1230,https://foodpanda.com.bd/restaurant/ryit/crispie-bite
yjll,72221,Foodie Stage,,Dhaka,Uttara Sector 1,1.44,Curry|Rice Dishes,4.7,13,50.0,0.0,0.0,23.8698354,90.3669867,"Metro Food Court, Metro north rail station, sector: 18, Uttara",1230,https://foodpanda.com.bd/restaurant/yjll/foodie-stage
jfvc,77404,Nanna Biriyani Dia Bari,,Dhaka,Uttara Sector 1,1.46,Rice Dishes,0.0,0,50.0,0.0,0.0,23.8690428,90.3672565,"British Bar, Near Dia Bari Metro Station, Uttara, Dhaka - 1230",1230,https://foodpanda.com.bd/restaurant/jfvc/nanna-biriyani-dia-bari
h8my,77269,Chi'kens,,Dhaka,Uttara Sector 6,0.88,Chicken|Snacks|Meat|Fried Chicken,2.1,12,50.0,0.0,0.0,23.8663401,90.3897117,"Uttara,  Sector 14, Road 13, 1230 Uttara, Dhaka, Bangladesh",1230,https://foodpanda.com.bd/restaurant/h8my/chikens
s5ug,4071,KOZO,LAZIZ,Dhaka,Uttara Sector 6,0.55,Sushi|Chicken|Snacks|Rice Dishes|Beverage|Seafood|Japanese|Meat|Asian,4.2,2515,50.0,0.0,0.0,23.869016,90.3921245,"Uttara Sector 14, Road number 2 , House number 61, lake  par road, Dhaka",1230,https://foodpanda.com.bd/restaurant/s5ug/kozo
tqrg,78169,Brothers Food Center,,Dhaka,Uttara Sector 6,0.88,Curry|Rice Dishes|Bangladeshi|Asian,3.4,10,50.0,0.0,0.0,23.8663271,90.3898293,"Sector 14,  Uttara sector 14 road 07 house 20, Dhaka 1230, 1230 Uttara, Dhaka, Bangladesh",1230,https://foodpanda.com.bd/restaurant/tqrg/brothers-food-center
ppms,78398,KOI Thé Uttara,KOI Thé,Dhaka,Uttara Sector 6,0.25,Beverage|Cafe,4.9,196,50.0,0.0,0.0,23.8745647,90.3943421,Sector 09 Sonargaon Janapath,1230,https://foodpanda.com.bd/restaurant/ppms/koi-the-uttara
gye2,76903,Pizza N' Bites,,Dhaka,Uttara Sector 6,0.25,Snacks|Italian|Mediterranean|Sandwiches|Pizza|Burgers|Western,4.5,140,50.0,0.0,0.0,23.8741985,90.3944905,"House # 115, road #18, sector #7,uttara dhaka.",1230,https://foodpanda.com.bd/restaurant/gye2/pizza-n-bites
esnf,77506,Ali Hotel And Restaurant,,Dhaka,Uttara Sector 6,1.42,Curry|Rice Dishes|Bangladeshi|Asian,0.0,0,50.0,0.0,0.0,23.8629526,90.3849684,"Kayed Pharma,  Ali vaiyer hotel, 1230 Uttara, Dhaka, Bangladesh",1230,https://foodpanda.com.bd/restaurant/esnf/ali-hotel-and-restaurant-esnf
zpvt,71966,Tastemate Bistro,,Dhaka,Uttara Sector 1,1.55,Chicken|Beverage|Meat|Fast Food,0.0,0,50.0,0.0,0.0,23.8625217,90.3750513,"Lake drive road, A1, House: 16, Lake drive road, sector:15, Uttara",1230,https://foodpanda.com.bd/restaurant/zpvt/tastemate-bistro
i6ws,118563,Easy Meal,,Dhaka,Uttara Sector 6,0.77,Chinese|Asian,0.0,0,50.0,0.0,35.0,23.8670613,90.3921801,"Road 2, house#33, Ground floor, 1230 Uttara, Dhaka, Bangladesh",1230,https://foodpanda.com.bd/restaurant/i6ws/easy-meal
gu1e,98914,Charui Vhati - Uttara,,Dhaka,Abdullahpur,0.57,Asian,3.6,23,50.0,0.0,35.0,23.87967005,90.395886,"64, Sector 9 white place road beside kotha beuty parlours lane Sector 9 white place road beside kotha beuty parlours lane, 1230 Uttara, Dhaka, Bangladesh",1230,https://foodpanda.com.bd/restaurant/gu1e/charui-vhati-uttara
innd,76300,Mac & Co.,,Dhaka,Uttara Sector 7,0.27,Italian|Pasta|Mediterranean|Western,4.5,82,50.0,0.0,0.0,23.8712842,90.395647,"House 1 road 20 sector 7, 1230 Uttara, Dhaka, Bangladesh",1230,https://foodpanda.com.bd/restaurant/innd/mac-and-co
dgvw,76292,Fuchka Point,,Dhaka,House Building,0.38,Chotpoti & Fuchka|Bangladeshi|Asian,3.6,36,50.0,0.0,0.0,23.87787605,90.3964685,"Sector 9,  Uttara sector 9, Road 6, House 234, 1230 Uttara, Dhaka, Bangladesh",1230,https://foodpanda.com.bd/restaurant/dgvw/fuchka-point-dgvw
hlwc,75485,Uttara Gilapi Ghor,,Dhaka,House Building,0.3,Snacks|Dessert,3.6,12,50.0,0.0,0.0,23.8773192,90.3970052,"sector 9,road 6,chairman bazar,house 12,Uttara,dhaka",1230,https://foodpanda.com.bd/restaurant/hlwc/uttara-gilapi-ghor
sfnk,78050,Number One Biryani,,Dhaka,House Building,0.11,Rice Dishes,3.9,13,50.0,0.0,0.0,23.87553995,90.39757,"SHOP-03,HOUSE-30,ROAD-02,SECTOR-09,UTTARA,DHAKA-1230",1230,https://foodpanda.com.bd/restaurant/sfnk/number-one-biryani
wcgi,77441,Cream & Coffee,,Dhaka,House Building,0.07,Beverage,3.5,7,50.0,0.0,0.0,23.8754399,90.3980783,"House: 24, Sector: 9, Road: 2, Uttara",1230,https://foodpanda.com.bd/restaurant/wcgi/cream-and-coffee-wcgi
gpxs,77786,Chaa & More,,Dhaka,Uttara Sector 7,0.1,Snacks,4.1,45,50.0,0.0,0.0,23.8715705,90.3978766,House-20 Road-28 sector -7 Uttara Dhaka-1230,1230,https://foodpanda.com.bd/restaurant/gpxs/chaa-and-more
qys6,77403,Uttara pizza point,,Dhaka,Uttara Sector 8,0.13,Snacks|Italian|Beverage|Mediterranean|Pizza|Western,0.0,0,50.0,0.0,35.0,23.8713817,90.40022735,"Sayed grand cantre,road#28, sector#7, house#89, shop #12, 1230 Uttara, Dhaka, Bangladesh",1230,https://foodpanda.com.bd/restaurant/qys6/uttara-pizza-point
nf3q,79204,Sub Lover's - Uttara,Sub Lovers,Dhaka,Uttara Sector 9,0.27,Mexican|Sandwiches|Western|Fast Food,4.8,66,50.0,0.0,0.0,23.86762753,90.39883857,"House - 7, Beside Trust Family Needs, Road - 15, Sector - 3, Rabindra Sharani, Uttara",1230,https://foodpanda.com.bd/restaurant/nf3q/sub-lovers-uttara
yng6,79212,Cake Lover's - Uttara,Cake Lovers,Dhaka,Uttara Sector 9,0.27,Cakes|Dessert,4.9,32,50.0,0.0,0.0,23.86762263,90.39883857,"House - 7, Beside Trust Family Needs, Road - 15, Sector - 3, Rabindra Sharani, Uttara",1230,https://foodpanda.com.bd/restaurant/yng6/cake-lovers-uttara
m19p,76118,Shadei Chomok,,Dhaka,Uttara Sector 9,0.13,Beverage|Doi,4.8,8,50.0,0.0,35.0,23.86917115,90.3997808,"Road Number 7, Jamir Ali Market, Road -5, Sector- 7, Uttara",1230,https://foodpanda.com.bd/restaurant/m19p/shadei-chomok
yzkd,76736,Candle Park,,Dhaka,Uttara Sector 1,2.2,Rice Dishes|Indian|Asian,0.0,0,50.0,0.0,0.0,23.8601306,90.3664089,"Sector: 17, Block: K, Road: 1/D, Diabari, Uttara",1230,https://foodpanda.com.bd/restaurant/yzkd/candle-park
xkzz,71368,Hot Box,,Dhaka,Uttara Sector 9,0.27,Snacks|Burgers|Western,4.9,244,50.0,0.0,0.0,23.8671982,90.3991623,"House 4, Road 13, Sector 3, Uttara",1212,https://foodpanda.com.bd/restaurant/xkzz/hot-box-xkzz
f4j1,110078,Chitrayon,,Dhaka,Uttara Sector 1,2.25,Snacks|Beverage|Dessert,0.0,0,50.0,0.0,35.0,23.85852322,90.36824533,"84 no metro peller, Plot no-10,Road no-02 ,Notun Bow bazar,Uttara 17 no sector, 1230 Uttara, Dhaka, Bangladesh",1230,https://foodpanda.com.bd/restaurant/f4j1/chitrayon
niyj,80533,Masala Mood,,Dhaka,Uttara Sector 3,1.89,Snacks|Rice Dishes,0.0,0,50.0,0.0,35.0,23.8959526,90.3847954,"Floor 5th,House 106,Road 13,Sector 10,Uttara",1230,https://foodpanda.com.bd/restaurant/niyj/masala-mood
c0r4,79028,Five Star (Chicken Fry),,Dhaka,Uttara Sector 9,0.6,Chicken|Snacks|Meat,0.0,0,50.0,0.0,0.0,23.8639423,90.3988311,"26, Road: 02, Sector: 03, Uttara, Dhaka",1230,https://foodpanda.com.bd/restaurant/c0r4/five-star-chicken-fry
larb,76654,Golden Rice,,Dhaka,Uttara Sector 10,0.85,Snacks|Curry|Rice Dishes|Chinese|Asian,3.4,32,50.0,0.0,0.0,23.8608955,90.3988867,"Jasim Uddin Avenue, House 04, Road 14, Sector 01, Uttara Dhaka 1230",1230,https://foodpanda.com.bd/restaurant/larb/golden-rice-larb
uj7a,74504,Uttara Sathi Chotpoti & Fuchka House,,Dhaka,Uttara Sector 10,0.21,Snacks|Chotpoti & Fuchka|Bangladeshi|Asian,0.0,0,50.0,0.0,0.0,23.86812537,90.40348891,Road 13 sactor 6 raod south matha,1230,https://foodpanda.com.bd/restaurant/uj7a/uttara-sathi-chotpoti-and-fuchka-house
q8i8,77389,Hot Bite Chicken Momo,,Dhaka,Abdullahpur,0.53,Chinese|Asian|Dumpling,0.0,0,50.0,0.0,35.0,23.87651958,90.40562919,"Uttora Sector 8, Dhaka 1230 Beside, Sector 8 Rail Gate Jame Masjid",1230,https://foodpanda.com.bd/restaurant/q8i8/hot-bite-chicken-momo
izxb,79451,Borisal Hotel,,Dhaka,Azampur,0.14,Curry|Bangladeshi|Asian,0.0,0,50.0,0.0,0.0,23.86921897,90.40505657,"Sector 6, R- 13, , inside Rajuk office , Uttara 1230",1230,https://foodpanda.com.bd/restaurant/izxb/borisal-hotel
xu7e,75777,Chickies,,Dhaka,Uttara Sector 10,0.76,Fast Food,2.5,21,50.0,0.0,0.0,23.8604648,90.4009828,"Mutual Trust Bank Uttara, Service Rd House-11,Road-6,Sector-4,Jashim Uddin Circle,Dhaka, 1230 Uttara, Dhaka, Bangladesh",1230,https://foodpanda.com.bd/restaurant/xu7e/chickies
hgsm,77265,Mariyam Kitchen,,Dhaka,Azampur,0.51,Curry|Rice Dishes|Bangladeshi|Asian,2.9,101,50.0,0.0,35.0,23.87360865,90.40704405,"Joynal market jame mosque road Switch get,  joynal market, 1230 Uttara, Dhaka, Bangladesh",1230,https://foodpanda.com.bd/restaurant/hgsm/mariyam-kitchen-hgsm
ryuw,75912,Waffle Spark,,Dhaka,Pallabi DOHS,2.15,Juice Corner|Beverage,0.0,0,50.0,0.0,0.0,23.8537398,90.3661115,"Uttara 17 no Sector 6 no Bridge Notun Bou Bazaar , 1230 Uttara, Dhaka, Bangladesh",1230,https://foodpanda.com.bd/restaurant/ryuw/waffle-spark
vpra,78069,AP Food Land,,Dhaka,Pallabi DOHS,2.79,Curry|Rice Dishes|Bangladeshi|Asian,3.1,5,50.0,0.0,0.0,23.85714,90.3562801,"Kalaboti 5/A, Rajuk Uttara Apartment Project, Uttara-18",1230,https://foodpanda.com.bd/restaurant/vpra/ap-food-land
d28r,119800,Delish Station,,Dhaka,Pallabi DOHS,2.72,Beverage|Cafe,4.6,8,50.0,0.0,35.0,23.8566149,90.3565577,"Building- Icchamoti, Uttara Sector 18, Ruap, Dhaka, Icchamoti 7B 1302, 1230 Uttara, Dhaka, Bangladesh",1230,https://foodpanda.com.bd/restaurant/d28r/delish-station
dtyw,82764,Khuda Mitay,,Dhaka,Pallabi DOHS,2.47,Asian,0.0,0,50.0,0.0,0.0,23.85430355,90.3570956,"Sapla A 504,sector 18,uttara,Dhaka. 1230",1230,https://foodpanda.com.bd/restaurant/dtyw/khuda-mitay
k161,78271,Soy,,Dhaka,Airport,0.7,Snacks|Curry|Rice Dishes|Seafood|Chinese|Asian|Dumpling,4.6,56,50.0,0.0,0.0,23.8558334,90.4035541,"3rd floor of Gusto building, House 2 Road 2 Sector 1 Please go up to 3rd and wait in the waiting area., 1212 Uttara, Dhaka, Bangladesh",1212,https://foodpanda.com.bd/restaurant/k161/soy
rd61,122872,Espresso Factory,,Dhaka,Pallabi DOHS,2.51,Beverage|Cafe,0.0,0,50.0,0.0,35.0,23.85445028,90.35650138,"RUAP Commercial Complex, Shop 44 (1st floor), RUAP Commercial Complex, Sector 18, 1230 Uttara, Dhaka, Bangladesh",1230,https://foodpanda.com.bd/restaurant/rd61/espresso-factory
sinl,77948,Sara Pizza Uttara 18,Sara Pizza,Dhaka,Pallabi DOHS,2.48,Snacks|Italian|Mediterranean|Pizza|Western,4.7,142,50.0,0.0,0.0,23.85425,90.356697,"Rajuk Flat Project, Sector-18, Uttara, Diabari, Dhaka",1230,https://foodpanda.com.bd/restaurant/sinl/sara-pizza-uttara-18
wv9h,78451,Healthy Puran Dhaka Vibe,,Dhaka,Pallabi DOHS,3.07,Asian,3.1,21,50.0,0.0,0.0,23.8578986,90.3520571,"RAJUK Uttara Apartment Project, 17C-701,Uttara-18, West Ave, 1230 Uttara, Dhaka, Bangladesh",1230,https://foodpanda.com.bd/restaurant/wv9h/healthy-puran-dhaka-vibe
k9yn,71598,So Juicy - Chef's Table Centerpoint Airport,So Juicy,Dhaka,Airport,0.34,Beverage|Cafe,4.9,28,50.0,0.0,35.0,23.8528439,90.4056074,"Inside of Chef's Table Centrepoint near Airport, Uttara",1229,https://foodpanda.com.bd/restaurant/k9yn/so-juicy-chefs-table-centerpoint-airport
uhup,71610,Alfredough - Chef’s Table Airport,Alfredough ,Dhaka,Airport,0.34,Italian|Mediterranean|Pizza|Western,4.7,86,50.0,0.0,35.0,23.8528801,90.4056465,"Centrepoint before Airport, Mymensingh Highway road, Dhaka-1229.",1230,https://foodpanda.com.bd/restaurant/uhup/alfredough-chefs-table-airport
ipay,79619,Shad Tehari Ghar (Centre Point),,Dhaka,Airport,0.33,Turkish|Kebab|Rice Dishes|Middle Eastern,4.5,8,50.0,0.0,0.0,23.8528175,90.4056851,"Inside of Chef's Table Centrepoint near Airport, Uttara",1229,https://foodpanda.com.bd/restaurant/ipay/shad-tehari-ghar-centre-point
nt6m,71673,Greens & Seeds - Chef's Table Centrepoint Airport,Greens & Seeds,Dhaka,Airport,0.33,Snacks|Healthy,4.7,206,50.0,0.0,0.0,23.85288335,90.40575865,"Inside of Chef's Table Centrepoint near Airport, Uttara",1229,https://foodpanda.com.bd/restaurant/nt6m/greens-and-seeds-chefs-table-centrepoint-airport
fb18,76985,Utshob Sweets - Centrepoint Airport,Utshob Sweets - Centrepoint Airport,Dhaka,Airport,0.29,Snacks|Dessert|Doi,4.0,13,50.0,0.0,35.0,23.8527035,90.4060434,"Centrepoint Airport, Ground Floor, Mymensing Highway, Dhaka-1229",1229,https://foodpanda.com.bd/restaurant/fb18/utshob-sweets-centrepoint-airport
m9to,78402,KOI Thé - Uttara chef's table,KOI Thé,Dhaka,Airport,0.29,Beverage|Cafe,4.9,24,50.0,0.0,0.0,23.8525537,90.4059438,"Shop-23, cheftable, centre point, 5th floor,Airport, Uttara Dhaka",1230,https://foodpanda.com.bd/restaurant/m9to/koi-the-uttara-chefs-table
z51f,129639,Mcdonald Crops Fish & Meat,,Dhaka,Uttara Sector 1,2.42,,0.0,0,50.0,0.0,35.0,23.8614969,90.3617036,"Metro- uttara center  Food Zone 
Bou Bazar , Dia Bari 
Uttara 
Dhaka 1230",1230,https://foodpanda.com.bd/restaurant/z51f/mcdonald-crops-fish-and-meat
nskp,129683,Coffees by Sharksss,,Dhaka,Uttara Sector 6,0.4,,0.0,0,50.0,0.0,35.0,23.8706186,90.3905633,"Garib-E-Newaz Ave, 20",1230,https://foodpanda.com.bd/restaurant/nskp/coffees-by-sharksss
yjfo,71647,Utshob - Chef's Table Centrepoint Airport,UTSHOB,Dhaka,Airport,0.25,Curry|Rice Dishes|Bangladeshi|Doi|Asian,4.6,129,50.0,0.0,35.0,23.8523266,90.4063523,"Chef's Table Airport level 5, Chef table centerpoint, Mymensing Highway dhaka",1229,https://foodpanda.com.bd/restaurant/yjfo/utshob-chefs-table-centrepoint-airport
qmik,53395,Tehari Ghar+ (Uttara),Tehari Ghor Plus,Dhaka,Uttara Sector 5,0.08,Rice Dishes|Indian|Biryani|Asian,4.7,6440,50.0,0.0,20.0,23.8742697,90.3911333,"House-28, Sonargaon Janapath Road, Sector-11, Uttara",1230,https://foodpanda.com.bd/restaurant/qmik/tehari-ghar-uttara-qmik
jwnd,72621,Domino's Uttara-Late Night,Domino's Pizza,Dhaka,Uttara Sector 6,0.13,Italian|Mediterranean|Pizza|Western,4.7,301,0.0,39.0,15.0,23.8736642,90.39073616,"First Floor, House No.1, Road No.13, Sector-13, Uttara, Dhaka-1230",1230,https://foodpanda.com.bd/restaurant/jwnd/dominos-uttara-late-night
xkjt,68099,Musafir Restora,,Dhaka,Airport,0.39,Curry,3.8,334,50.0,0.0,60.0,23.85142305,90.4123872,"645(ব্র্যাক লার্নিং সেন্টার), ashkona, Hajj camp, Dakkhinkhan, Dhaka-1230",1230,https://foodpanda.com.bd/restaurant/xkjt/musafir-restora
vn63,125394,Mijan Juice Bar and Restora,,Dhaka,Azampur,0.83,Bangladeshi|Asian,0.0,0,50.0,0.0,30.0,23.8717643,90.4119734,"Nurul Ahad Jame Mosjid, Dewanbari Paka Matha, Aziz Bakery Road",1230,https://foodpanda.com.bd/restaurant/vn63/mijan-juice-bar-and-restora
llyc,76438,Meaty Bite,,Dhaka,Azampur,1.23,Fast Food,1.7,26,50.0,0.0,30.0,23.876499,90.4137423,"Rd No. 33 5a Sector 7, road no 33, house no #6 Uttara, 1230 Uttara, Dhaka, Bangladesh",1230,https://foodpanda.com.bd/restaurant/llyc/meaty-bite-llyc
icc9,81272,Kacchi Bro Uttara,,Dhaka,Azampur,1.43,Rice Dishes,0.0,0,50.0,0.0,0.0,23.8756978,90.416588,"Faidabad,policefari, nazplaza-2,uttara, uttarkhan..",1230,https://foodpanda.com.bd/restaurant/icc9/kacchi-bro-uttara
msm1,82012,Premium Kitchen,,Dhaka,Azampur,1.43,Curry|Rice Dishes|Bangladeshi|Asian,0.0,0,50.0,0.0,0.0,23.8756978,90.416588,"Faidabad,policefari, nazplaza-2,uttara, uttarkhan..",1212,https://foodpanda.com.bd/restaurant/msm1/premium-kitchen
s42z,79096,Afrin's Kitchen,,Dhaka,Uttara Sector 12,1.22,Curry|Bangladeshi|Asian,0.0,0,50.0,0.0,0.0,23.8714883,90.4181833,"H#460, Moushair 1 no road, chalabon, dakhin khan dhaka-1230",1230,https://foodpanda.com.bd/restaurant/s42z/afrins-kitchen-s42z
t7c8,80096,Samia's Kitchen,,Dhaka,Uttara Sector 13,0.19,Curry|Rice Dishes|Bangladeshi|Asian,0.0,0,50.0,0.0,0.0,23.85934712,90.41362679,"Prembagan, Apon nibas H:4,W:39, 1230 Dakshin Khan, Dhaka, Bangladesh",1230,https://foodpanda.com.bd/restaurant/t7c8/samias-kitchen-t7c8
jag1,129112,Bengal Spice Restaurant,,Dhaka,Uttara Sector 13,0.99,Bangladeshi|Asian,0.0,0,50.0,0.0,30.0,23.86726,90.419927,"নগরিয়াবাড়ি রোড, নগরিয়াবাড়ি রোড",1230,https://foodpanda.com.bd/restaurant/jag1/bengal-spice-restaurant
lcr5,98992,Peter Sukh,,Dhaka,Uttara Sector 12,2.24,Curry|Bangladeshi|Asian,0.0,0,50.0,0.0,0.0,23.8777965,90.4254608,"Noytala Building , Kuripara, 2663/A, Kuripara, Uttarkhan, Dhaka, 1230 Uttarkhan, Dhaka, Bangladesh",1230,https://foodpanda.com.bd/restaurant/lcr5/peter-sukh
xm5a,110293,Chef Canvas,,Dhaka,Uttara Sector 15,0.43,Bangladeshi|Asian,0.0,0,50.0,0.0,30.0,23.854047,90.416309,"Ucchertek water pump road, 121, 1230 Dakshin Khan, Dhaka, Bangladesh",1230,https://foodpanda.com.bd/restaurant/xm5a/chef-canvas
kavw,120730,Bhorpur Khawon Chand Bhai Restaurant,,Dhaka,Uttara Sector 15,1.79,Bangladeshi|Asian,0.0,0,50.0,0.0,30.0,23.870459,90.428639,"Balur Math, Mazar Road, Uttarkhan, Uttara, Dhaka-1230",1230,https://foodpanda.com.bd/restaurant/kavw/bhorpur-khawon-chand-bhai-restaurant
uh8j,77766,Polys kitchen,,Dhaka,Uttara Sector 15,0.81,Curry|Rice Dishes|Bangladeshi|Asian,4.2,7,50.0,0.0,0.0,23.8612175,90.4255517,"L.K Plaza,Dakshinkhan,  Front of LK plaza,Ismail Super market goli..7 Tola Rohim villah .4th floor., 1230 Dakshin Khan, Dhaka, Bangladesh",1230,https://foodpanda.com.bd/restaurant/uh8j/polys-kitchen-uh8j
lqeh,77907,Malim Home Kitchen,,Dhaka,Uttara Sector 16,0.92,Curry|Rice Dishes,0.0,0,50.0,0.0,0.0,23.8600152,90.4281929,"Dakshin khan bazar, kazibari, mitali kortz 3/A, 1230 Dakshin Khan, Dhaka, Bangladesh",1230,https://foodpanda.com.bd/restaurant/lqeh/malim-home-kitchen
hnxu,125001,Poly Home Kitchen,,Dhaka,Namapara,0.54,Bangladeshi|Asian,0.0,0,50.0,0.0,30.0,23.8397097,90.4240159,"Naya Bari, near Kawla Dakhil Madrasa, Baitul Aziz Jame Mosque, Dakshinkhan, Dhaka, Bangladesh",1229,https://foodpanda.com.bd/restaurant/hnxu/poly-home-kitchen
w6ul,128699,Jakia kitchen,,Dhaka,Kawla,0.65,,0.0,0,50.0,0.0,30.0,23.8519373,90.4266584,Prembagan,1230,https://foodpanda.com.bd/restaurant/w6ul/jakia-kitchen
jsg9,129609,Sadiya Homemade Food,,Dhaka,Uttara Sector 15,0.12,,0.0,0,50.0,0.0,30.0,23.857544,90.420027,"Aninusbad,Abbasiya Madrasha ,Kashem molla Road Dakshinkhan",1230,https://foodpanda.com.bd/restaurant/jsg9/sadiya-homemade-food
o0zb,77119,Shaad-e-Bangla,,Dhaka,Uttara Sector 12,0.88,Snacks,2.2,14,50.0,0.0,0.0,23.8709122,90.4131624,"333 Rose Garden, Faidabad Main Road (mizan er garage),Uttara, Dhaka",1230,https://foodpanda.com.bd/restaurant/o0zb/shaad-e-bangla
k3gl,76385,MeatZo,,Dhaka,Uttara Sector 14,0.21,Chicken|Snacks|Rice Dishes|Beverage|Meat|Fast Food,3.3,118,50.0,0.0,0.0,23.8589338,90.414176,"Prembagan Rd, Dhaka",1230,https://foodpanda.com.bd/restaurant/k3gl/meatzo-k3gl
w2y5,110318,Z I Ktichen,,Dhaka,Uttara Sector 15,1.02,Curry|Rice Dishes|Bangladeshi|Asian,0.0,0,50.0,0.0,30.0,23.8654204,90.4229013,"Molla Road, Uttarkhan, Uttara, Dhaka-1230 (Little ahead of Molla Road Boro Bari, opposite the salon), Bangladesh",1230,https://foodpanda.com.bd/restaurant/w2y5/z-i-ktichen
zj6g,121491,Bhuri Bhoj,,Dhaka,Airport,0.37,Bangladeshi|Asian,0.0,0,50.0,0.0,30.0,23.8503968,90.4120026,"Hajj Camp, kabic 2 Sattar Tower House No: 388/480, 1230 Dakshin Khan, Dhaka, Bangladesh",1230,https://foodpanda.com.bd/restaurant/zj6g
nzdy,78137,Fresh Food Bite By Jannat,,Dhaka,Uttara Sector 15,0.16,Snacks|Beverage|Burgers|Western,3.1,121,50.0,0.0,0.0,23.85796,90.420137,"Kashem Polli Road, 540, kashem molla road, gawair, dokkhinkhan, dhaka-1230",1230,https://foodpanda.com.bd/restaurant/nzdy/fresh-food-bite-by-jannat
ikx7,78139,RS Cake,,Dhaka,Uttara Sector 15,0.25,Cakes,0.0,0,50.0,0.0,0.0,23.8575985,90.4213368,"Nurjahan villa, 148/2 , ainusbag ,Dakhinkhan 01946600739, 1230 Uttara, Dhaka, Bangladesh",1230,https://foodpanda.com.bd/restaurant/ikx7/rs-cake
biry,80971,The Pizza,,Dhaka,Kawla,0.42,Italian|Mediterranean|Pizza|Western|Fast Food,4.3,41,50.0,0.0,0.0,23.8515521,90.4165318,"Ashkona Bazar Main road(Beside Shahjalal  Islami Bank), Medical Road, 1230 Dakshin Khan, Dhaka, Bangladesh",1230,https://foodpanda.com.bd/restaurant/biry/the-pizza
hnjo,80190,Taste & Vibe,,Dhaka,Kawla,0.37,Snacks|Beverage|Burgers|Western,0.0,0,50.0,0.0,0.0,23.8521743,90.4173154,"Ashkona Community Center, 401/3, Ashkona College Road",1230,https://foodpanda.com.bd/restaurant/hnjo/taste-and-vibe
fiwk,76229,Ringky's Heavenly Crumbs,,Dhaka,Uttara Sector 16,1.2,Snacks|Burgers|Western,0.0,0,50.0,0.0,0.0,23.8608924,90.43093,"Dakshin Khan,  House -4227,Falisa Garden,Sarder bari,Dakshin khan, 1230 Dakshin Khan, Dhaka, Bangladesh",1230,https://foodpanda.com.bd/restaurant/fiwk/ringkys-heavenly-crumbs
ann2,121462,Mayer Henshel,,Dhaka,Uttara Sector 16,1.55,Bangladeshi|Asian,0.0,0,50.0,0.0,30.0,23.8630858,90.433454,"Dokkhin khan pondit para, 88 pondit para, 1230 উত্তরখান, ঢাকা, Bangladesh",1230,https://foodpanda.com.bd/restaurant/ann2/mayer-henshel-ann2
s4o0,122878,Nepali Food House,,Dhaka,Namapara,0.33,Asian,0.0,0,50.0,0.0,30.0,23.83543296,90.43069663,"lighthouse, namapara Uttarpara Shesh Mata kilkhet, Dhaka, flat number 1/D নামাপাড়া উত্তরপাড়া শেষ মাথায় এসে কল দিবেন।, 1228 Khilkhet, Dhaka, Bangladesh",1228,https://foodpanda.com.bd/restaurant/s4o0/nepali-food-house
si7r,77938,Poribeshon Centering,,Dhaka,Khilkhet,0.38,Curry|Rice Dishes|Fish|Seafood|Bangladeshi|Asian,0.0,0,50.0,0.0,0.0,23.8280865,90.4246648,"Kha37/4 khilkhet Moddhopara, Dhaka 1229",1229,https://foodpanda.com.bd/restaurant/si7r/poribeshon-centering
ujla,94973,Cloud Cuisine,,Dhaka,Namapara,0.73,Bangladeshi|Asian,0.0,0,50.0,0.0,30.0,23.8341449,90.4343724,"Lake City Concord, Lake City Concord, Namapara Rd, Khilkhet, 1229 Khilkhet, Dhaka, Bangladesh",1229,https://foodpanda.com.bd/restaurant/ujla/cloud-cuisine-ujla
zsdg,127583,Femily kitchen,,Dhaka,Uttara Sector 16,1.39,,0.0,0,50.0,0.0,30.0,23.861518,90.43262675,Ponditpara dokkinkhan dhaka 1230,1230,https://foodpanda.com.bd/restaurant/zsdg/femily-kitchen
ux6b,63888,Puro Pastry & Bakery - Uttara 13,Puro Pastry & Bakery - Dhaka,Dhaka,Uttara Sector 6,0.29,Cakes|Dessert|Fast Food,4.8,1497,50.0,0.0,0.0,23.87169154,90.39071946,"29 Gareen E Newaz Avenue ,Sector 13, Uttara,Dhaka-1230",1230,https://foodpanda.com.bd/restaurant/ux6b/puro-pastry-and-bakery-uttara-13
p5ab,77378,Cafe F&B,,Dhaka,Uttara Sector 13,1.5,Italian|Beverage|Mediterranean|Pizza|Burgers|Western,4.5,72,50.0,0.0,0.0,23.8710615,90.4227705,"Cafe F&B, শাহ্‌কবির মাজার রোড 1 Uttarkhan, Mazar, Courasta, 1230 Uttarkhan, Dhaka, Bangladesh",1230,https://foodpanda.com.bd/restaurant/p5ab/cafe-fandb
s1b9,72301,Domino's Pizza - Jashimuddin Avenue,Domino's Pizza,Dhaka,Uttara Sector 9,0.26,Italian|Mediterranean|Western,4.9,676,0.0,39.0,20.0,23.86724559,90.39933601,"""“GQ SHEFALI TOWER” House: 5/A, Ground Floor of the B2+14 storied building,Road no: 2, Sector no: 3, Jashimuddin Avenue, Uttara, Dhaka - 1230, Bangladesh.""",1230,https://foodpanda.com.bd/restaurant/s1b9/dominos-pizza-jashimuddin-avenue
g8el,76104,Biryani Express,,Dhaka,Uttara Sector 15,0.77,Curry|Rice Dishes|Bangladeshi|Asian,3.9,18,50.0,0.0,0.0,23.8607119,90.4254195,"L.K Plaza,Dakshinkhan,  Hoque Super Market (font  of LK Plaza) Dhaksinkhan bazar, Dhaka North, Dhaka-1230, 1230 Dakshin Khan, Dhaka, Bangladesh",1230,https://foodpanda.com.bd/restaurant/g8el/biryani-express-g8el
psc5,78077,Swader Karkhana,,Dhaka,Uttara Sector 16,0.61,Snacks|Curry|Rice Dishes,2.7,9,50.0,0.0,0.0,23.8536897,90.426785,"Swader Karkhana/স্বাদের কারখানা, খাবারের সমাহার, Naddapara, Dokkhinkhan, 1230 Dakshin Khan, Dhaka, Bangladesh",1230,https://foodpanda.com.bd/restaurant/psc5/swader-karkhana
ny57,62524,Mithai – Azampur Railgate,Mithai - Dhaka,Dhaka,Uttara Sector 10,0.27,Cakes|Snacks|Dessert|Doi|Fast Food,4.7,554,50.0,0.0,0.0,23.86768095,90.40676755,"231 Shah Kabir Mazar Rd, Dhaka 1230",1230,https://foodpanda.com.bd/restaurant/ny57/mithai-azampur-railgate
mngf,71707,Indulge - Chef's Table Airport,Indulge,Dhaka,Airport,0.28,Beverage|Dessert|Fast Food,4.7,20,50.0,0.0,35.0,23.8525267,90.406061,"Centrepoint, Dhaka Mymensing Rd, Airport, Dhaka 1230",1230,https://foodpanda.com.bd/restaurant/mngf/indulge-chefs-table-airport
p5fz,63173,Tehari Ghar - House Building Branch,Tehari Ghar,Dhaka,Rajlokkhi,0.18,Rice Dishes|Indian|Biryani|Asian,4.8,4078,50.0,0.0,0.0,23.87462175,90.40024985,"Plot # 1/3, Road # 7d, Sector # 09, House Building Uttara Model Town, Uttara, Dhaka. 1230",1230,https://foodpanda.com.bd/restaurant/p5fz/tehari-ghar-house-building-branch
hbzc,71919,Mithai - Ashkona - 2,Mithai - Dhaka,Dhaka,Kawla,0.38,Cakes|Dessert|Doi|Fast Food,4.5,91,50.0,0.0,0.0,23.85153425,90.4169239,"Holding 582, Ashkona Bazar Road,ashkona,Beside Shwapno.",1230,https://foodpanda.com.bd/restaurant/hbzc/mithai-ashkona-2
hos5,126214,Bombonsito Cafe,,Dhaka,Khilkhet,0.47,Fast Food,0.0,0,50.0,0.0,30.0,23.8293414,90.4289817,"1229 Khilkhet, Dhaka, Bangladesh",1229,https://foodpanda.com.bd/restaurant/hos5
u8xp,18742,Mithai - Ashkona,Mithai - Dhaka,Dhaka,Airport,0.42,Cakes|Dessert|Doi|Fast Food,4.6,1121,50.0,0.0,0.0,23.8513533,90.4127035,"Near Haji cap, opposite of Hotel Holiday Xpress, Ashkona, Dakkhinkhan, Dhaka.",1230,https://foodpanda.com.bd/restaurant/u8xp/mithai-ashkona
p3qc,115209,Redzz,,Dhaka,Bashundhara R/A,0.33,Snacks|Rice Dishes,2.4,16,50.0,0.0,35.0,23.81004676,90.42213108,"Mayer Anchol, Shohid Abdul Ajiz Shorok, 1229 Bashundhara, Dhaka, Bangladesh",1229,https://foodpanda.com.bd/restaurant/p3qc/redzz
ztoj,77914,Voj Priyo Bangali,,Dhaka,Vatara,0.47,Curry|Rice Dishes|Bangladeshi|Asian,1.3,10,50.0,0.0,35.0,23.80700575,90.43497025,"vatara solmaid Ac-mosjid,Bashundhara, dhaka",A,https://foodpanda.com.bd/restaurant/ztoj/voj-priyo-bangali
hrjt,126170,Grameen Shad,,Dhaka,Kuril,0.09,Bangladeshi|Asian,0.0,0,50.0,0.0,35.0,23.820195,90.4227323,"কুড়িল কুড়াতলী আদর্শ উচ্চ বিদ্যালয়ের কাছে কাউকে বললেই দেখিয়ে দিবে, যে রফিক মিয়া জমিদার বাড়ি কোনটা। অথবা স্কুলের দক্ষিণ দিকে 150 মিটার পরের বাসাটি।, 1229 বসুন্ধরা, ঢাকা, Bangladesh",1229,https://foodpanda.com.bd/restaurant/hrjt/grameen-shad
oi1a,80663,Tinkonna Fuchka Ghar,,Dhaka,Board Bazar,0.04,Snacks,0.0,0,50.0,0.0,35.0,23.82072213,90.42479688,"PERFECT BODYBUILDING GYM ERA SHAMNE., AIUB UNIVERSITY ROAD, 1229 Khilkhet, Dhaka, Bangladesh",1229,https://foodpanda.com.bd/restaurant/oi1a/tinkonna-fuchka-ghar
exdu,76677,Mayer Ranna,,Dhaka,Board Bazar,0.11,Rice Dishes|Bangladeshi|Asian,3.0,21,50.0,0.0,35.0,23.8218472,90.4244358,"ঢাকা কুড়িল বিশ্বরোড কুড়াতলী বাজার রোড হয়ে কয়লাবাড়ি রোড জহির ফার্মেসির সামনের ডান দিকের গলি,বাড়ির নাম-  ২২কাটা",1229,https://foodpanda.com.bd/restaurant/exdu/mayer-ranna-exdu
m9bg,77646,Albaik Hotel & Restaurant,,Dhaka,Board Bazar,0.12,Bangladeshi|Asian,0.0,0,50.0,0.0,35.0,23.82194881,90.42442412,"Dhaka koril vishwa road kuratoli koyla bari road johir farma same hater dandik goli 22 katha, 1229 Bashundhara, Dhaka, Bangladesh, 1229 Bashundhara, Dhaka, Bangladesh",1229,https://foodpanda.com.bd/restaurant/m9bg/albaik-hotel-and-restaurant
utfa,77867,Let's Vibe (Kuril) - pandago,,Dhaka,Board Bazar,0.12,Bangladeshi|Asian,0.0,0,50.0,0.0,35.0,23.82013861,90.42566852,Kuratoli Road,1229,https://foodpanda.com.bd/restaurant/utfa/lets-vibe-kuril-pandago
zpem,80391,Cp Five Star - ARM Foods,CP Five Star,Dhaka,Board Bazar,0.17,Chicken|Snacks|Meat|Fast Food,4.7,205,50.0,0.0,35.0,23.82093875,90.4266739,"Ka- 158, Kuratoli, AIUB University Gate, Bashundhara, Dhaka - 1229",1229,https://foodpanda.com.bd/restaurant/zpem/cp-five-star-arm-foods
dfwo,95906,Spicy Meal Restaurant,,Dhaka,Board Bazar,0.19,Chinese|Asian,0.0,0,50.0,0.0,35.0,23.8209289,90.4268297,"Spicy Meal Restaurant, AIUB University Main Gate, Kuratoli, Kuril, Dhaka 1229.",1229,https://foodpanda.com.bd/restaurant/dfwo/spicy-meal-restaurant
qkfm,76819,Tiffin,,Dhaka,Board Bazar,0.21,Snacks|Beverage,0.0,0,50.0,0.0,35.0,23.82080831,90.42700636,"Rd - 5 05 Kuratoli , opposite of AIUB university gate , with Bashundhora C block road -1 .",1211,https://foodpanda.com.bd/restaurant/qkfm/tiffin-qkfm
iuka,78177,Ghoroya Biriyani House,,Dhaka,Baridhara DOHS,0.11,Curry|Indian|Biryani|Asian,4.0,16,50.0,0.0,35.0,23.81732285,90.42491635,"North south road ,Ka - 187/8 ,Kuril ghatpar Bazar , Basundhara",1229,https://foodpanda.com.bd/restaurant/iuka/ghoroya-biriyani-house
q43o,117260,Bithis shop,,Dhaka,Baridhara DOHS,0.27,Bangladeshi|Asian,0.0,0,50.0,0.0,35.0,23.8170602,90.4229066,"Mia bari masjid, 186/1, 1229 বসুন্ধরা, ঢাকা, Bangladesh",1229,https://foodpanda.com.bd/restaurant/q43o/bithis-shop
omz6,80960,Shad Bilash,,Dhaka,Baridhara DOHS,0.1,Curry|Rice Dishes|Bangladeshi|Asian,4.1,90,50.0,0.0,35.0,23.8170878,90.42470665,"Shad Bilash, Sayed Ali Super Market 2, Ghat par, Kuril",1229,https://foodpanda.com.bd/restaurant/omz6/shad-bilash
njq7,74229,Dhaka Street Bashundhara,,Dhaka,Baridhara DOHS,0.1,Snacks|Beverage|Burgers|Western|Fast Food,4.0,177,50.0,0.0,35.0,23.8168146,90.4245996,"Ghatpar,  Dhaka Street, Shop B1, MB Square Market, 1229 Bashundhara, Dhaka, Bangladesh",1229,https://foodpanda.com.bd/restaurant/njq7/dhaka-street-bashundhara
oe6f,77236,Nissin Ramen Bar,,Dhaka,Board Bazar,0.28,Chinese|Asian,0.0,0,50.0,0.0,35.0,23.82215499,90.4273986,"408/1 (Old KA 66/1), Kuratoli, Khilkhet, Dhaka 1229, Bangladesh",1229,https://foodpanda.com.bd/restaurant/oe6f/nissin-ramen-bar-oe6f
hlhv,74501,East Bengal Coffee Roasters - Bashundhara,East Bengal Coffee Roasters,Dhaka,Jamuna Future Park,0.28,Beverage|Cafe,4.1,7,50.0,0.0,35.0,23.8169557,90.4209047,House-74/1 1 Progoti Sarani - Debogram Rd Dhaka-1229,1229,https://foodpanda.com.bd/restaurant/hlhv/east-bengal-coffee-roasters-bashundhara
aczh,76120,Snack Shack,,Dhaka,Baridhara DOHS,0.19,Turkish|Kebab|Snacks|Rice Dishes|Middle Eastern|Beverage,4.7,108,50.0,0.0,35.0,23.81486425,90.42505715,"Plot-15, North South Main Campus Road,Block-B, Bashundara, Dhaka 1229",1212,https://foodpanda.com.bd/restaurant/aczh/snack-shack-aczh
xhro,77331,Food Satisfaction,,Dhaka,Board Bazar,0.54,Bangladeshi|Asian,0.0,0,50.0,0.0,35.0,23.8200622,90.4301908,"Basundhara Residential Area, House-128, Road-10, block: F, Bashundhara R/A, Dhaka-1229, 1229 Bashundhara, Dhaka, Bangladesh, 1229 Dhaka, Bangladesh",1229,https://foodpanda.com.bd/restaurant/xhro/food-satisfaction-xhro
onox,76322,Sabina's Kitchen,,Dhaka,Baridhara DOHS,0.34,Curry|Rice Dishes|Bangladeshi|Asian,4.5,114,50.0,0.0,35.0,23.8160334,90.428839,"floor lift #8,H#41 R#9 block B Bashundhara residential area,Dhaka",1229,https://foodpanda.com.bd/restaurant/onox/sabinas-kitchen-onox
s0oj,2909,Arsalan (Outdoor),,Dhaka,Jamuna Future Park,0.3,Turkish|Kebab|Rice Dishes|Middle Eastern|Indian|Seafood|Asian|Fast Food,4.8,20,50.0,0.0,35.0,23.813199,90.424068,"Shop - 28 - 5D, Level - 5, Jamuna Future Park, Bashundhara R/A",1229,https://foodpanda.com.bd/restaurant/s0oj/arsalan-outdoor
ypc9,77592,Indian Dhaba,,Dhaka,Jamuna Future Park,0.29,Rice Dishes|Soups|Dessert,0.0,0,50.0,0.0,35.0,23.8131445,90.4238822,"Shop - 52 - 5C, Level - 5, Jamuna Future Park, Bashundhara R/A",1229,https://foodpanda.com.bd/restaurant/ypc9/indian-dhaba-ypc9
ksp1,77368,Makka Biryani House,,Dhaka,Jamuna Future Park,0.12,Rice Dishes|Indian|Biryani|Bangladeshi|Asian,2.0,13,50.0,0.0,35.0,23.81346065,90.4211091,"Ka, Bashundhara, Progoti Shoroni, Opposite of Jamuna Future Park, Kuril, Dhaka",1229,https://foodpanda.com.bd/restaurant/ksp1/makka-biryani-house-ksp1
aais,63569,Bistromath,Bistromath,Dhaka,Baridhara DOHS,0.56,Snacks|Rice Dishes|Italian|Pasta|Beverage|Mediterranean|Sandwiches|Burgers|Western,4.8,178,50.0,0.0,35.0,23.81748765,90.43086415,"House - 23/N, 2nd Floor, Road - 02, Block - D, Near Ferdousi Mohal, Bashundhara R/A, Dhaka - 1229",1229,https://foodpanda.com.bd/restaurant/aais/bistromath
d0zu,78100,BD Five Star Bashundhara (Jannat Food),,Dhaka,Jamuna Future Park,0.13,Chicken|Snacks|Meat|Fried Chicken,2.7,9,50.0,0.0,35.0,23.81341525,90.42108445,"KA-27, Pragati Sharani, Kuril, Vatara, Dhaka",1212,https://foodpanda.com.bd/restaurant/d0zu/bd-five-star-bashundhara-jannat-food
m02k,77582,Nawab Indian,,Dhaka,Jamuna Future Park,0.28,Indian|Asian,0.0,0,50.0,0.0,35.0,23.8128709,90.4236294,"Shop - 45, 46 - 5C, Level - 5, Jamuna Future Park, Bashundhara R/A",1229,https://foodpanda.com.bd/restaurant/m02k/nawab-indian
s9lp,2480,Tabaq Coffee Jamuna Future Park,Tabaq,Dhaka,Bashundhara R/A,0.31,Beverage|Cafe|Sandwiches|Dessert|Western,5.0,1106,50.0,0.0,35.0,23.8127642,90.42396955,"Shop No. 5C-027, Jamuna Future Park, Kuril, Pragati Shoroni, Dhaka",1212,https://foodpanda.com.bd/restaurant/s9lp/tabaq-coffee-jamuna-future-park
feu0,78950,Tuk Tuk Chayer Adda,,Dhaka,Jamuna Future Park,0.18,Snacks|Beverage,4.2,12,50.0,0.0,35.0,23.8129167,90.421323,Jamuna Future Park Entry Gate Bashundhara Dhaka-1229,1229,https://foodpanda.com.bd/restaurant/feu0/tuk-tuk-chayer-adda
horx,77470,Juice Ghor,,Dhaka,Bashundhara R/A,0.28,Juice Corner|Beverage,4.7,24,50.0,0.0,35.0,23.8127517,90.4250333,"KA-3/1-C.Bashunndhara road , Jagannathpur , Vatara, Dhaka-1229",1229,https://foodpanda.com.bd/restaurant/horx/juice-ghor
jskm,77471,Jinmi Yummy,,Dhaka,Jamuna Future Park,0.25,Sushi|Rice Dishes|Japanese|Asian|Fast Food,2.7,6,50.0,0.0,35.0,23.8126139,90.4227797,"Shop - 4, Urban Void Food Court,  Bashundhara Road, Bashundhara R/A",1229,https://foodpanda.com.bd/restaurant/jskm/jinmi-yummy
oz4a,77332,Quick 'n' Yummy,,Dhaka,Jamuna Future Park,0.26,Chicken|Rice Dishes|Meat|Burgers|Western|Fast Food,2.2,5,50.0,0.0,35.0,23.81254892,90.42288274,"Urban Void Food Court, Bashundhara Rd Ka-9 Shop no 13,Urban void food court, Bashundhara R/A, 1229 Bashundhara, Dhaka, Bangladesh",1229,https://foodpanda.com.bd/restaurant/oz4a/quick-n-yummy
a9hc,77778,Kheerwala Premium,,Dhaka,Bashundhara R/A,0.25,Sweets|Dessert|Doi|Faluda,4.7,314,50.0,0.0,35.0,23.8124634,90.4247702,"Rahman Tower, Ground Floor, Bashundhara Gate, Bashundhara R/A, Dhaka - 1229",1229,https://foodpanda.com.bd/restaurant/a9hc/kheerwala-premium
akfo,77465,Runcha - Bashundhara,,Dhaka,Bashundhara R/A,0.24,Beverage|Dessert,4.8,355,50.0,0.0,35.0,23.8123877,90.4247482,"Ground Floor, Rahman AJ Trade Centre, Bashundhara Rd, Dhaka",1229,https://foodpanda.com.bd/restaurant/akfo/runcha-bashundhara
pkiv,69585,Cup of Beans,,Dhaka,Bashundhara R/A,0.23,Beverage|Cafe,4.9,611,50.0,0.0,35.0,23.8123431,90.42487,"Rahman AJ Trade Center(Lift-5),Bashundhara Road,Dhaka 1229",1229,https://foodpanda.com.bd/restaurant/pkiv/cup-of-beans
fifz,80039,T20 Snacks,,Dhaka,Bashundhara R/A,0.23,Juice Corner|Snacks|Italian|Pasta|Beverage|Mediterranean|Pizza|Western|Fast Food,3.4,23,50.0,0.0,35.0,23.81226865,90.4247839,"Rahman Tower, Main Street, 1229 Bashundhara, Dhaka, Bangladesh",1229,https://foodpanda.com.bd/restaurant/fifz/t20-snacks
dz6a,68798,Shumi's Hot Cake - Bashundhara,Shumi's Hot Cake,Dhaka,Bashundhara R/A,0.27,Cakes|Dessert|Fast Food,4.9,1653,50.0,0.0,35.0,23.8121819,90.4236966,"Ka-5C Bashundara Road, Badda Dhaka.",1230,https://foodpanda.com.bd/restaurant/dz6a/shumis-hot-cake-bashundhara-dz6a
u6gy,21446,Magpie Chinese Restaurant,Magpie Chinese Restaurant,Dhaka,Jamuna Future Park,0.28,Curry|Chinese|Asian|Fast Food,4.7,1745,50.0,0.0,35.0,23.812051,90.422061,"House-24/3, Main Gate of Bashundhara R/A",1229,https://foodpanda.com.bd/restaurant/u6gy/magpie-chinese-restaurant
apgi,79192,Bhagyakul Bakery - Bashundhara,Bhagyakul Bakery,Dhaka,Jamuna Future Park,0.29,Cakes|Snacks|Dessert|Bakery,4.8,147,50.0,0.0,35.0,23.8119295,90.4221633,"House - Ka 24/3, Bashundhara Road, Bashundhara R/A",1229,https://foodpanda.com.bd/restaurant/apgi/bhagyakul-bakery-bashundhara
yojw,78135,Mithapur Sweets,,Dhaka,Norda,0.47,Sweets|Dessert,0.0,0,50.0,0.0,35.0,23.816564,90.431953,"Road- 4, Mufti Abdur Rahman Road, House- 51/B, Block- D, Boro Mashjid er Pashe, Bashundhara Residential Area",1229,https://foodpanda.com.bd/restaurant/yojw/mithapur-sweets
jgex,76941,Bismillah Tehari Ghor,The Tehari Ghor,Dhaka,Jamuna Future Park,0.28,Rice Dishes,2.6,10,50.0,0.0,35.0,23.81195675,90.42177342,"House - Ka-24/2/A, Bashundhara Road, Jagannathpur, Bashundhara R/A",1229,https://foodpanda.com.bd/restaurant/jgex/bismillah-tehari-ghor-jgex
z6hz,25923,Magpie Restaurant - Bashundhara,Magpie Restaurant,Dhaka,Jamuna Future Park,0.29,Curry|Bangladeshi|Doi|Asian|Faluda,4.8,35012,50.0,0.0,35.0,23.8119155,90.422037,"KA-24/4, Bashundhara Road, Vatara",1229,https://foodpanda.com.bd/restaurant/z6hz/magpie-restaurant-bashundhara
m7ol,77825,Tania's Kitchen,,Dhaka,Norda,0.75,Bangladeshi|Asian,1.6,9,50.0,0.0,35.0,23.8196319,90.4330507,"Rd - 13 462 Block F, Road 13, Basundhara, 1209 Bashundhara, Dhaka, Bangladesh, 1209 Dhaka, Bangladesh",1209,https://foodpanda.com.bd/restaurant/m7ol/tanias-kitchen-m7ol
p7f7,56116,Ready Meal,,Dhaka,Bashundhara R/A,0.23,Snacks|Rice Dishes|Bangladeshi|Asian,4.4,75,50.0,0.0,35.0,23.8116846,90.4237828,"Munshibari Rohmania Moshjid Goli Bashundhara Main Gate, Jagannathpur, Vatara",1229,https://foodpanda.com.bd/restaurant/p7f7/ready-meal
d4g6,74372,Meat Burg,,Dhaka,Bashundhara R/A,0.39,Italian|Mediterranean|Pizza|Western,3.0,22,50.0,0.0,35.0,23.812751,90.428139,"12D / 12E, Block -A, Upstairs Food Court, Top Ten Mor, Floor -3, Bashundhara Road, Bashundhara, Dhaka, Bangladesh",1212,https://foodpanda.com.bd/restaurant/d4g6/meat-burg-d4g6
qhw6,78794,Chilliflex (Mega Food Court),,Dhaka,Bashundhara R/A,0.4,Italian|Pasta|Mediterranean|Pizza|Burgers|Western|Fast Food,2.9,67,50.0,0.0,35.0,23.812757,90.428245,"12D / 12E, Block -A, Upstairs Food Court, Top Ten Mor, Floor -3, Bashundhara Road, Bashundhara, Dhaka, Bangladesh",1229,https://foodpanda.com.bd/restaurant/qhw6/chilliflex-mega-food-court
hh7u,77536,Zoook,,Dhaka,Bashundhara R/A,0.37,Snacks|Beverage,0.0,0,50.0,0.0,35.0,23.812644,90.4280182,"Shop - 12, Upstairs Food Court, House - 12/D, 2nd Floor, Block - A, Bashundhara R/A",1229,https://foodpanda.com.bd/restaurant/hh7u/zoook
pntu,78116,Tamanna's Kitchen,,Dhaka,Bashundhara R/A,0.26,Rice Dishes,0.0,0,50.0,0.0,35.0,23.8115688,90.4232754,"Tamanna's Kitchen, Saimon nibash, munsh bari,Ka3/H/D,Jagannathpur, vatara,Dhaka-1229, 1229 Bashundhara, Dhaka, Bangladesh",1229,https://foodpanda.com.bd/restaurant/pntu/tamannas-kitchen-pntu
l7ak,77522,Aga's,,Dhaka,Bashundhara R/A,0.39,Snacks|Rice Dishes,4.4,9,50.0,0.0,35.0,23.8126718,90.4282231,"Shop - 12, Upstairs Food Court, House - 12/D, 2nd Floor, Block - A, Bashundhara R/A",1229,https://foodpanda.com.bd/restaurant/l7ak/agas
h625,72426,Bataty's - Bashundhara,,Dhaka,Bashundhara R/A,0.17,Fast Food,3.4,91,50.0,0.0,35.0,23.8118046,90.42588269,"shop no 11, Rajbari Food Court, road 2, bashundhara,",1229,https://foodpanda.com.bd/restaurant/h625/batatys-bashundhara-h625
ltn0,77673,Onno Bari,,Dhaka,Board Bazar,0.84,Curry|Rice Dishes|Bangladeshi|Asian,0.0,0,50.0,0.0,35.0,23.8222762,90.4331207,"H-332,
Afroza Begum shorok
Block -G",1229,https://foodpanda.com.bd/restaurant/ltn0/onno-bari
s6dm,3836,Chatime - Bashundhara,Chatime,Dhaka,Bashundhara R/A,0.17,Beverage,4.8,2848,50.0,0.0,35.0,23.8117886,90.4259547,"Block No. A, Road No. 2, Plot No. 100, Bashundhara Residential Area, Dhaka",1229,https://foodpanda.com.bd/restaurant/s6dm/chatime-bashundhara
nq23,41165,Happy Bucket,,Dhaka,Bashundhara R/A,0.17,Snacks|Rice Dishes,3.9,265,50.0,0.0,35.0,23.811783,90.4259471,"Block A, Road 2, Rajbari Food Court, Shop no-11, Bashundhara Residential Area,Dhaka-1229",1229,https://foodpanda.com.bd/restaurant/nq23/happy-bucket
gwmh,77527,Sandra Express,,Dhaka,Bashundhara R/A,0.17,Snacks|Rice Dishes|Soups,4.7,33,50.0,0.0,35.0,23.8117574,90.4259101,"Bashundhara Rajbari Food Cort (Behind Of GP House), Road-02, Block - A, Bashundhara",1229,https://foodpanda.com.bd/restaurant/gwmh/sandra-express
hhn5,79469,Whatta Bowl  - Bashundhara,Whatta Bowl,Dhaka,Jamuna Future Park,0.32,Rice Dishes|Chinese|Asian,4.3,32,50.0,0.0,35.0,23.811601,90.42132825,"3rd floor, 15/5 Pragati Ave, Bashundhara, Dhaka",1229,https://foodpanda.com.bd/restaurant/hhn5/whatta-bowl-bashundhara-hhn5
zuz8,76969,Big Q - Bashundhara,THE BIG Q,Dhaka,Jamuna Future Park,0.32,Burgers|Western|Fast Food,4.6,256,50.0,0.0,35.0,23.81159315,90.4213428,"3rd floor, 15/5 Pragati Ave, Bashundhara, Dhaka",1229,https://foodpanda.com.bd/restaurant/zuz8/big-q-bashundhara
hgu8,79271,Krave Kitchen,,Dhaka,Norda,0.23,Curry|Rice Dishes|Chinese|Asian,4.2,19,50.0,0.0,35.0,23.8131893,90.4322236,Rd No. 12  Block/d house-343 Lovely Villa abdur sobhan road,1229,https://foodpanda.com.bd/restaurant/hgu8/krave-kitchen
o1bt,25925,Magpie Restaurant - Nadda Branch,Magpie Restaurant - Nadda Branch,Dhaka,Bashundhara R/A,0.4,Curry|Bangladeshi|Doi|Asian|Faluda,4.9,3339,50.0,0.0,35.0,23.8097678,90.42146375,"KA-42/7, Jagannathpur, Nadda Bus Stand, Vatara",1229,https://foodpanda.com.bd/restaurant/o1bt/magpie-restaurant-nadda-branch
yjke,119207,Duo Delight Kitchen,,Dhaka,Norda,0.61,Asian,0.0,0,50.0,0.0,35.0,23.8183768,90.435475,"208 Number House, Bashundhara R/A,Block:D,Road Number:6,House Number:208,Lift:2, 1229 Bashundhara, Dhaka, Bangladesh",1229,https://foodpanda.com.bd/restaurant/yjke/duo-delight-kitchen
hlyu,109798,Emu Kitchen,,Dhaka,Bashundhara R/A,0.2,Curry,0.0,0,50.0,0.0,35.0,23.80848633,90.42532436,"শহীদ কন্টেকটার বা পলাশ বাড়ী হারেজ সড়ক,, Flat Number:- 305 Harez Road, 1212 Vatara, Dhaka, Bangladesh",1212,https://foodpanda.com.bd/restaurant/hlyu/emu-kitchen
jqdd,110035,Family Kitchen,,Dhaka,Bashundhara R/A,0.21,Snacks|Curry|Bangladeshi|Asian,0.0,0,50.0,0.0,35.0,23.80843866,90.42534016,"শহীদ কন্টেকটার বা পলাশ বাড়ী হারেজ সড়ক,, Flat Number:- 205 Harez Road, 1212 Vatara, Dhaka, Bangladesh",1212,https://foodpanda.com.bd/restaurant/jqdd
geef,121484,Taste of Homemade,,Dhaka,Norda,0.7,Bangladeshi|Asian,2.1,7,50.0,0.0,35.0,23.818843,90.43697875,"House no 182, I block,Rania avenue,, 1229 Bashundhara, Dhaka, Bangladesh",1229,https://foodpanda.com.bd/restaurant/geef/taste-of-homemade
aaea,78349,BD Five Star (Right Choice Food) Coca Cola,,Dhaka,Bashundhara R/A,0.47,Snacks,0.0,0,50.0,0.0,35.0,23.80789861,90.42163028,"Coca Cola Bus Stand, Norda",1212,https://foodpanda.com.bd/restaurant/aaea/bd-five-star-right-choice-food-coca-cola
zkzh,128224,Khati Bangla Khabar,,Dhaka,Bashundhara R/A,0.36,Bangladeshi|Asian,0.0,0,50.0,0.0,35.0,23.80814409,90.428006,"Dhaka, Rampura, Banasree D Block, Road 9, House 13",1219,https://foodpanda.com.bd/restaurant/zkzh/khati-bangla-khabar
mqt9,76638,Thai Express,,Dhaka,Norda,0.98,Snacks|Rice Dishes|Soups|Asian|Thai,4.7,51,50.0,0.0,35.0,23.82132,90.4377775,"House - 77, 2nd Floor, Road - 3, Block - I, Bashundhara R/A",1229,https://foodpanda.com.bd/restaurant/mqt9/thai-express-mqt9
mkof,77496,Food Buddy,,Dhaka,Norda,0.97,Chicken|Snacks|Meat|Fast Food,2.2,13,50.0,0.0,35.0,23.821194,90.437868,"House - 77, Road - 3,4, Level - 5, Block - I, Bashundhara R/A",1229,https://foodpanda.com.bd/restaurant/mkof/food-buddy
yger,77396,Mad Dumplings,,Dhaka,Norda,0.5,Chinese|Asian|Dumpling,4.9,49,50.0,0.0,35.0,23.8093887,90.4315912,"Dhali Food Court - Bashundhara R/A, Tenament Road dhali food court",1212,https://foodpanda.com.bd/restaurant/yger/mad-dumplings
wjlt,77951,Food Fiesta,,Dhaka,Norda,0.5,Rice Dishes|Beverage|Chinese|Asian|Fast Food,3.7,80,50.0,0.0,35.0,23.8093589,90.431596,"Dhali Food Court - Bashundhara R/A, Tenament Road Solmaid Road, 1229 Bashundhara, Dhaka, Bangladesh",1229,https://foodpanda.com.bd/restaurant/wjlt/food-fiesta-wjlt
z6qs,76902,Sushi On The Go,,Dhaka,Norda,0.5,Snacks|Japanese|Asian,4.8,605,50.0,0.0,35.0,23.80932926,90.43166255,"Dhali Food Court, Plot - 84/A, 84/B, Basundhara R/A",1229,https://foodpanda.com.bd/restaurant/z6qs/sushi-on-the-go
oyjb,77828,Wrapick - Bashundhara,Wrapick,Dhaka,Norda,0.52,Wraps|Snacks|Beverage|Dessert,4.2,67,50.0,0.0,35.0,23.8091687,90.4315954,"Dhali Food Court, Plot - 84/A, 84/A, Apollo Road, Bashundhara R/A",1229,https://foodpanda.com.bd/restaurant/oyjb/wrapick-bashundhara
iadn,77742,The Gourmet Burgers- Bashundhara,The Gourmet Burgers,Dhaka,Jagannathpur,0.51,Snacks|Beverage|Burgers|Western,2.7,7,50.0,0.0,35.0,23.8090763,90.4315066,"Dhali Food Court, 1st floor, bashundhara",1212,https://foodpanda.com.bd/restaurant/iadn/the-gourmet-burgers-bashundhara
oazz,79209,Dreamland Dhaka Resort & Restaurant,,Dhaka,Jagannathpur,0.4,Rice Dishes|Beverage|Soups|Fast Food,0.0,0,50.0,0.0,35.0,23.80770591,90.42915395,"Apollo Hospital Link Road, Solmaid, Dhalibari, Kuwaiti Mosque Rd, Dhaka 1212",1229,https://foodpanda.com.bd/restaurant/oazz/dreamland-dhaka-resort-and-restaurant
h73g,76552,Chui & Kacchi,Chui & Kacchi,Dhaka,Bashundhara R/A,0.41,Curry|Rice Dishes|Indian|Biryani|Bangladeshi|Doi|Asian,4.5,134,50.0,0.0,35.0,23.8071327,90.4275089,"2023, Abdus Sobhan Dhali Road, Metro-Kitchen Road, Bashundhara R/A, Vatara, Dhaka-1212",1229,https://foodpanda.com.bd/restaurant/h73g/chui-and-kacchi
oxrd,77921,Ma Khabar Ghor,,Dhaka,Norda,0.51,Snacks|Curry|Rice Dishes|Fish|Seafood|Bangladeshi|Asian,0.0,0,50.0,0.0,35.0,23.80902877,90.43201002,"Plot - 54/B-54/D, Basir Uddin Kacha Bazar, Near Apollo Gate, Bashundhara R/A, Vatara",1229,https://foodpanda.com.bd/restaurant/oxrd/ma-khabar-ghor
ukwq,78347,BD Five Star (Right Choice Food) Norda Boro Bari,,Dhaka,Baridhara,0.47,Chicken|Snacks|Meat|Fried Chicken,0.0,0,50.0,0.0,35.0,23.80637988,90.42240997,"Ka - 71, Norda Boro Bari Goli, Norda, Dhaka",1212,https://foodpanda.com.bd/restaurant/ukwq/bd-five-star-right-choice-food-norda-boro-bari
pu6n,79070,Fast Take Catering,,Dhaka,Norda,0.31,Curry|Rice Dishes|Beverage,0.0,0,50.0,0.0,35.0,23.813875,90.4374173,"Walton Head Office, Road Rd 17, Dhaka",1229,https://foodpanda.com.bd/restaurant/pu6n/fast-take-catering
dera,79210,Long Lounge,,Dhaka,Norda,0.33,Curry|Rice Dishes|Seafood,0.0,0,50.0,0.0,35.0,23.81389,90.43755,"Walton Head Office, Road Rd 17, Bashundhara, Dhaka",1229,https://foodpanda.com.bd/restaurant/dera/long-lounge
osu4,75719,Cloud Gourmet,,Dhaka,Jagannathpur,0.29,Turkish|Kebab|Curry|Rice Dishes|Middle Eastern|Fast Food,0.0,0,50.0,0.0,35.0,23.8069147,90.4300285,"Solmaid, vatara,  holding 471, road solmaid, commissioner road, p.o- gulshan 1212, badda, dhaka, 1212 Badda, Dhaka, Bangladesh",1212,https://foodpanda.com.bd/restaurant/osu4/cloud-gourmet
ph4b,78178,Cream Verse,,Dhaka,Norda,0.93,Dessert,0.0,0,50.0,0.0,35.0,23.8193023,90.440453,"bashyn Rania Avenue, block I 3rd shoroni, house 198",1229,https://foodpanda.com.bd/restaurant/ph4b/cream-verse
scxp,82168,Hamida Kitchen,,Dhaka,Jagannathpur,0.4,Curry|Rice Dishes|Bangladeshi|Asian,3.6,63,50.0,0.0,35.0,23.8075349,90.4331486,"Madrasatul Manar, Solmaid Bashundhara Notun Rd 3761, 1229 Bashundhara, Dhaka, Bangladesh",1229,https://foodpanda.com.bd/restaurant/scxp/hamida-kitchen
j9hw,76317,Rosona Tripti,,Dhaka,Jagannathpur,0.19,Curry|Rice Dishes|Bangladeshi|Asian,4.7,759,50.0,0.0,35.0,23.806138,90.431662,"Opposite of  chaldal office, neaar habibur Rahaman jamiya masjid, solmide Vatara dhaka-1212.",1212,https://foodpanda.com.bd/restaurant/j9hw/rosona-tripti
fau9,89568,Kichu Khai,,Dhaka,Norda,1.19,Bangladeshi|Asian,0.0,0,50.0,0.0,35.0,23.8208752,90.442357,"Nabinagar Housing Road - 12 house 98, Nabinagar Housing Rd - 12 House 98 flat5B lift -4, 1207 Mohammadpur, Dhaka, Bangladesh",1207,https://foodpanda.com.bd/restaurant/fau9/kichu-khai
fm6l,79213,Adorsho Bangla Rannaghor,,Dhaka,Norda,1.25,Rice Dishes|Bangladeshi|Asian,0.0,0,50.0,0.0,35.0,23.8185159,90.4452293,"Basundhara Residential Area, Road 18, block K, Bashundhara Road 18, block K, Bashundhara, 1229 Bashundhara, Dhaka, Bangladesh",1229,https://foodpanda.com.bd/restaurant/fm6l/adorsho-bangla-rannaghor
rnpl,78998,Hello Tong by Hellochef,,Dhaka,Norda,1.67,Snacks|Doi,2.5,15,50.0,0.0,35.0,23.8224378,90.4472705,"L block,Road 17,House 448, 1229 Bashundhara, Dhaka, Bangladesh",1212,https://foodpanda.com.bd/restaurant/rnpl/hello-tong-by-hellochef
lqxp,78158,Farhana's Kitchen,,Dhaka,Norda,1.96,Curry|Rice Dishes|Bangladeshi|Asian,0.0,0,50.0,0.0,35.0,23.8191441,90.4525954,"Basundhara Residential Area, house 236 road 2 block F, 1229 Bashundhara, Dhaka, Bangladesh",1229,https://foodpanda.com.bd/restaurant/lqxp/farhanas-kitchen-lqxp
b5m6,128741,Anny's Cookery,,Dhaka,Bashundhara R/A,0.4,,0.0,0,50.0,0.0,35.0,23.80671704,90.42562888,"Abdus Sobhan Dhali Rd, Near Al-Aqsa punjabi store,Dhalibari kachabazar, cocacola,vatara",1212,https://foodpanda.com.bd/restaurant/b5m6/annys-cookery
el04,127184,Dynamic Cafe,,Dhaka,Jamuna Future Park,0.3,,0.0,0,50.0,0.0,35.0,23.8119438,90.42239965,"3rd Floor,Syed Ali Super Market, Bashundhara Road,Dhaka 1229",1229,https://foodpanda.com.bd/restaurant/el04/dynamic-cafe
nteb,127376,Smokd,,Dhaka,Baridhara DOHS,0.5,,0.0,0,50.0,0.0,35.0,23.8177248,90.4302137,"House 22/J, Road 1, Block D, Bashundhara R/A",1230,https://foodpanda.com.bd/restaurant/nteb/smokd
jgoc,127209,IMPERIAL KITCHEN,,Dhaka,Bashundhara R/A,0.14,,0.0,0,50.0,0.0,35.0,23.80992402,90.4241123,"Nadda Aziz Shorok, kudurgolli",1212,https://foodpanda.com.bd/restaurant/jgoc/imperial-kitchen
f3r7,126743,Calorie Kom,,Dhaka,Bashundhara R/A,0.31,,0.0,0,50.0,0.0,35.0,23.80896726,90.42269921,"K37/4B,Swift tower, Shaheed Harez Sharak, Jagannathpur, Vatara, Dhaka-1229",1212,https://foodpanda.com.bd/restaurant/f3r7/calorie-kom
wteu,72623,Domino's Pizza Gulshan,Domino's Pizza,Dhaka,Gulshan 1,0.66,Italian|Mediterranean|Pizza|Western,4.9,325,0.0,39.0,20.0,23.7755787,90.415887,"South Avenue Tower, House No. 50, Road No. 03, Plot No. 02, Block No. SW (H), Gulshan, Dhaka-1212, Bangladesh",1229,https://foodpanda.com.bd/restaurant/wteu/dominos-pizza-gulshan
rjjn,65710,Pizzaburg - Gulshan,Pizza Burg,Dhaka,Gulshan 1,0.4,Italian|Mediterranean|Pizza|Western,4.8,12718,50.0,0.0,45.0,23.7812506,90.4154452,"1st Floor, Plot: 09 Road: 21,  Gulshan 1 Dhaka 1212",1212,https://foodpanda.com.bd/restaurant/rjjn/pizzaburg-gulshan
kxdd,74177,Rater Kabab,Rater Kabab,Dhaka,Gulshan 1,0.49,Turkish|Kebab|Snacks|Curry|Middle Eastern,4.6,1012,50.0,0.0,35.0,23.78039015,90.4144937,"7/A Gulshan Point, Gulshan South Avenue, Dhaka - 1212",1212,https://foodpanda.com.bd/restaurant/kxdd/rater-kabab
sajp,65712,Waffle Up - Gulshan,Waffle Up,Dhaka,Gulshan 1,0.39,Dessert,4.9,4299,50.0,0.0,30.0,23.7813684,90.41551465,"Ground Floor, Plot: 09, Road: 21, Gulshan- 1, Dhaka 1212, Bangladesh.",1212,https://foodpanda.com.bd/restaurant/sajp/waffle-up-gulshan
ced7,41132,Puro Pastry & Bakery - Gulshan 1,Puro Pastry & Bakery - Dhaka,Dhaka,Gulshan 1,0.17,Cakes|Snacks|Dessert,4.9,1827,50.0,0.0,0.0,23.7807372,90.4176581,"Shop A-5, Plot 39, Islam Mansion, Road 126, Gulshan-1",1212,https://foodpanda.com.bd/restaurant/ced7/puro-pastry-and-bakery-gulshan-1
s4zc,6410,Purnima Restaurant - Gulshan - 1,,Dhaka,Gulshan 1,0.26,Chicken|Curry|Fish|Seafood|Meat|Bangladeshi|Doi|Asian,4.5,159,50.0,0.0,0.0,23.78072,90.41678,"50, Habib Market, Gulshan 1",1212,https://foodpanda.com.bd/restaurant/s4zc/purnima-restaurant-gulshan-1
eg3f,78182,Lake Lover - Badda,,Dhaka,Gulshan 1,0.26,Snacks|Curry|Rice Dishes|Beverage,0.0,0,50.0,0.0,0.0,23.7788782,90.4210874,House-171/3 Lake drive road badda -1212,1212,https://foodpanda.com.bd/restaurant/eg3f/lake-lover-badda
h1n0,80926,Queen Biryani,,Dhaka,Gulshan 1,0.45,Curry|Rice Dishes|Dessert,0.0,0,50.0,0.0,0.0,23.781321,90.414954,"Road#21, House#5, Gulshan#1, 1212 Gulshan 1, Dhaka, Bangladesh",1212,https://foodpanda.com.bd/restaurant/h1n0/queen-biryani
wtmh,80671,Usha's Kitchen,,Dhaka,Badda,0.13,Snacks|Rice Dishes|Bangladeshi|Asian,0.0,0,50.0,0.0,0.0,23.7798106,90.4237121,"Middle Badda, Habib mansion, flat - 4A, 1212 Badda, Dhaka, Bangladesh",1212,https://foodpanda.com.bd/restaurant/wtmh/ushas-kitchen-wtmh
vyzy,79191,Aunty's Momo,,Dhaka,Gulshan 1,0.63,Chinese|Asian|Dumpling,0.0,0,50.0,0.0,0.0,23.7814419,90.413151,"Sohana's Sprinkles, Rd 16/A House 3 A1 , 3rd building from Rangs Water front., 1212 Gulshan 1, Dhaka, Bangladesh",1212,https://foodpanda.com.bd/restaurant/vyzy/auntys-momo
k7m8,77211,Spice Box,,Dhaka,Link Road,0.35,Snacks|Rice Dishes|Noodles,0.0,0,50.0,0.0,0.0,23.7840518,90.4255913,"Rupayan Millennium Square, Bir Uttam Rafiqul Islam Ave Shop 231, rupayan millennium square.cha- 70, Uttar badda.dhaka 1212, 1212 Badda, Dhaka, Bangladesh",1212,https://foodpanda.com.bd/restaurant/k7m8/spice-box
imkd,88610,Shifat Cake And Bakery House .,,Dhaka,Wireless Gate,0.13,Bangladeshi|Asian,4.6,5,50.0,0.0,0.0,23.77928055,90.40394835,"Livestock Research Institute, LRI, Mohakhali, School Road LRI, Mohakhali, 1212 Gulshan 1, Dhaka, Bangladesh",1212,https://foodpanda.com.bd/restaurant/imkd/shifat-cake-and-bakery-house
urql,78261,Arabika Coffee – Gulshan Anabil Tower,Arabika Coffee,Dhaka,Gulshan 2,0.42,Snacks|Beverage|Cafe|Dessert,4.8,74,50.0,0.0,0.0,23.7943342,90.4114305,"Plot # 3, Block - NW(J), Kemal Ataturk Ave, Anabil Tower Dhaka 1212 (Ground Floor)",1212,https://foodpanda.com.bd/restaurant/urql/arabika-coffee-gulshan-anabil-tower
tojt,116718,Safa Kitchen,,Dhaka,Jagannathpur,0.65,Snacks|Dessert|Bangladeshi|Asian,0.0,0,50.0,0.0,25.0,23.8006614,90.4261523,"Wajiduddin road Shanti nibas, Notun Bazar wajiduddin road house no:80 Gulshan 2 Vhatra Thana fasser Tak wajiduddin road daka 1212, 1212 Vatara, Dhaka, Bangladesh",1212,https://foodpanda.com.bd/restaurant/tojt/safa-kitchen
wf16,77399,Spicy Nation,,Dhaka,Gulshan 1,0.13,Wraps|Rice Dishes|Burgers|Western,4.8,5,50.0,0.0,0.0,23.78101,90.4180741,"House no-4, road-126, Gulshan 1-1212",1212,https://foodpanda.com.bd/restaurant/wf16/spicy-nation
j6ps,74439,ADDA&CHILL,,Dhaka,Gulshan 1,0.18,Beverage|Cafe,3.7,21,50.0,0.0,0.0,23.78024883,90.42097843,"গুলশান বাড্ডা সংযোগ সড়ক R.4 , H.2, Gudaraghat,Badda, 1212 Badda, Dhaka, Bangladesh",1212,https://foodpanda.com.bd/restaurant/j6ps/addaandchill
mak0,75450,Marina Cafe & Restaurant,,Dhaka,Gulshan 1,0.19,Snacks|Rice Dishes|Italian|Pasta|Mediterranean|Pizza|Western|Asian|Thai,3.9,6,50.0,0.0,0.0,23.7801042,90.4210377,"Marina Cafe & Restaurant, Gulshan Lake View, Badda High School Road Gudaraghat link road road 3 House 1 road 3 Badda high school road Gudaraghat gulshan 1, 1212 Badda, Dhaka, Bangladesh",1212,https://foodpanda.com.bd/restaurant/mak0/marina-cafe-and-restaurant-mak0
ql01,74019,German Deli,,Dhaka,Gulshan 1,0.2,Snacks|Beverage|Sandwiches|Western,0.0,0,50.0,0.0,0.0,23.7813089,90.4174546,"House 56/B, Rd 132, Dhaka 1212",1212,https://foodpanda.com.bd/restaurant/ql01/german-deli
il4r,77913,Konami At Home,,Dhaka,Gulshan 1,0.22,Rice Dishes|Japanese|Asian,0.0,0,50.0,0.0,0.0,23.7816314,90.4174804,Road 131 House 58/b Gulshan 1 Dhaka,1212,https://foodpanda.com.bd/restaurant/il4r/konami-at-home
x94n,78052,Ideal Sweets & Bakery- Gudaraghat,Ideal Sweets & Bakery,Dhaka,Link Road,0.21,Snacks|Dessert|Bakery,0.0,0,50.0,0.0,0.0,23.7809078,90.4215701,"Ja-1/1, Shop No-1, Madhya Badda, Dhaka 1212",1212,https://foodpanda.com.bd/restaurant/x94n/ideal-sweets-and-bakery-gudaraghat
kjqe,76363,Twist & Taste,,Dhaka,Link Road,0.21,Italian|Pasta|Mediterranean|Noodles|Pizza|Western|Fast Food,3.1,38,50.0,0.0,0.0,23.7813953,90.42144725,"House#11 Road-6 gudaraghat,Badda,Gulshan -1",1212,https://foodpanda.com.bd/restaurant/kjqe/twist-and-taste-kjqe
x5kq,75848,Sky Vista Lounge,,Dhaka,Gulshan 1,0.24,Soups|Chinese|Burgers|Western|Asian|Fast Food,4.8,8,50.0,0.0,0.0,23.78175362,90.41730898,"Midtown Center, House 60/A ,  List ar 2 and 3, Road 131, Gulshan 1, Dhaka, Bangladesh",1212,https://foodpanda.com.bd/restaurant/x5kq/sky-vista-lounge
t9ft,10483,Banglar Mishti - Gulshan,Banglar Mishti,Dhaka,Gulshan 1,0.29,Snacks|Sweets|Dessert,4.8,361,50.0,0.0,0.0,23.7818707,90.4168236,"3, Gulshan - 60 Gulshan Avenue, Gulshan-1, Dhaka",1212,https://foodpanda.com.bd/restaurant/t9ft/banglar-mishti-gulshan
a2dq,26056,Whatta Bowl - Gulshan,Whatta Bowl,Dhaka,Gulshan 1,0.29,Rice Dishes|Chinese|Asian,4.4,3202,50.0,0.0,35.0,23.7810525,90.4164762,"Lee Tsai Hsiang House, 51, South Gulshan Avenue, Gulshan-1,Dhaka -1212",1212,https://foodpanda.com.bd/restaurant/a2dq/whatta-bowl-gulshan
moxt,36320,Lunchwala- Gulshan,Lunch Wala - Chain,Dhaka,Gulshan 1,0.29,Rice Dishes|Bangladeshi|Asian|Khichuri,4.2,7288,50.0,0.0,0.0,23.7810525,90.4164762,"Lee Tsai Hsiang House, 51, South Gulshan Avenue, Gulshan-1,Dhaka -1212",1212,https://foodpanda.com.bd/restaurant/moxt/lunchwala-gulshan
urip,30803,Fries & More - Gulshan,Fries & More,Dhaka,Gulshan 1,0.29,Snacks|Burgers|Western|Fast Food,3.8,5481,50.0,0.0,0.0,23.7810525,90.4164762,"Lee Tsai Hsiang House, 51, South Gulshan Avenue, Gulshan-1,Dhaka -1212",1212,https://foodpanda.com.bd/restaurant/urip/fries-and-more-gulshan
kmts,77034,Big Q - Gulshan,THE BIG Q,Dhaka,Gulshan 1,0.29,Burgers|Western|Fast Food,4.9,469,50.0,0.0,35.0,23.7810525,90.4164762,"Lee Tsai Hsiang House, 51, South Gulshan Avenue, Gulshan-1,Dhaka -1212",1212,https://foodpanda.com.bd/restaurant/kmts/big-q-gulshan-kmts
yada,116657,Dibbles - Gulshan,Dibbles Gulshan,Dhaka,Gulshan 1,0.29,Chicken|Snacks|Meat|Burgers|Western|Fast Food,4.8,397,50.0,0.0,35.0,23.7810525,90.4164762,"Lee Tsai Hsiang House, 51, South Gulshan Avenue, Gulshan-1,Dhaka -1212",1212,https://foodpanda.com.bd/restaurant/yada/dibbles-gulshan
hyiw,110051,Biryani On Bowls - Gulshan,Biryani On Bowls - Mirpur,Dhaka,Gulshan 1,0.29,Rice Dishes|Indian|Biryani|Asian,4.2,71,50.0,0.0,35.0,23.7810525,90.4164762,"Lee Tsai Hsiang House, 51, South Gulshan Avenue, Gulshan-1,Dhaka -1212",1212,https://foodpanda.com.bd/restaurant/hyiw/biryani-on-bowls-gulshan
seb3,76312,BAR-B-Q TONITE (SINCE - 2000),Bar-B-Q Tonite,Dhaka,Gulshan 1,0.29,Turkish|Kebab|Middle Eastern,4.7,242,50.0,0.0,35.0,23.7810525,90.4164762,"Lee Tsai Hsiang House, 51, South Gulshan Avenue, Gulshan-1,Dhaka -1212",1212,https://foodpanda.com.bd/restaurant/seb3/bar-b-q-tonite-since-2000-seb3
itkg,92451,Khansaba - Gulshan,Khansaba - Gulshan,Dhaka,Gulshan 1,0.29,Turkish|Kebab|Curry|Middle Eastern,4.7,198,50.0,0.0,0.0,23.7810525,90.4164762,"Lee Tsai Hsiang House, 51, South Gulshan Avenue, Gulshan-1,Dhaka -1212",1212,https://foodpanda.com.bd/restaurant/itkg/khansaba-gulshan-itkg
q6zd,25110,Jackson's Fried Chicken - Gulshan,Jackson's Fried Chicken,Dhaka,Gulshan 1,0.29,Chicken|Meat|Burgers|Western|Fast Food|Fried Chicken,4.3,3991,50.0,0.0,0.0,23.7810525,90.4164762,"Lee Tsai Hsiang House, 51, South Gulshan Avenue, Gulshan-1,Dhaka -1212",1212,https://foodpanda.com.bd/restaurant/q6zd/jacksons-fried-chicken-gulshan
u42l,68794,Shumi's Hot Cake - Gulshan -1,Shumi's Hot Cake,Dhaka,Gulshan 1,0.35,Cakes|Dessert|Fast Food,4.9,1269,50.0,0.0,0.0,23.7815142,90.4160484,"Plot# 2 Road# 21 Gulshan 1, Surecell Medical, Dhaka",1212,https://foodpanda.com.bd/restaurant/u42l/shumis-hot-cake-gulshan-1
rn45,78784,Peyari Tehari - Gulshan 1,Peyari Tehari - Chawkbazar,Dhaka,Gulshan 1,0.4,Curry|Indian|Biryani|Asian,4.5,1456,50.0,0.0,0.0,23.7816875,90.4155625,"SAM TOWER, Road 22, Gulshan - 1, Dhaka 1212",1212,https://foodpanda.com.bd/restaurant/rn45/peyari-tehari-gulshan-1
ulfq,94808,Snackin,,Dhaka,Gulshan 1,0.42,Snacks,0.0,0,50.0,0.0,0.0,23.7771318,90.4176451,"Rosemeade Residences,, Road 137, House 8, Apt B4, 1212 Gulshan 1, Dhaka, Bangladesh",1212,https://foodpanda.com.bd/restaurant/ulfq/snackin
i0bb,79396,Flavour King,,Dhaka,Link Road,0.02,Snacks|Rice Dishes|Noodles|Burgers|Western,3.7,24,50.0,0.0,0.0,23.78139829,90.42365107,"Comilla para, Ta 125/3, 1212 Badda, Dhaka, Bangladesh",1212,https://foodpanda.com.bd/restaurant/i0bb/flavour-king
g9k5,77239,Chabazi - Gulshan,,Dhaka,Gulshan 1,0.47,Juice Corner|Snacks|Beverage,0.0,0,50.0,0.0,0.0,23.78048313,90.41465504,House-7 South Gulshan Avenue  Gulshan -1 Dhaka-1212,1212,https://foodpanda.com.bd/restaurant/g9k5/chabazi-gulshan
d29u,78098,Burritoz,,Dhaka,Gulshan 1,0.48,Wraps|Beverage|Mexican|Western,4.6,6,50.0,0.0,0.0,23.7763958,90.4204704,"Bha 138/5, South Badda, Dhaka:1212",1212,https://foodpanda.com.bd/restaurant/d29u/burritoz
s2tw,2478,Tabaq Coffee Gulshan Avenue,Tabaq,Dhaka,Gulshan 1,0.49,Beverage|Cafe|Sandwiches|Dessert|Western,5.0,10315,50.0,0.0,35.0,23.77698165,90.41662025,"House No. 22, Crystal Palace, Bir Uttom Mir Shawkat Ali, Dhaka",1212,https://foodpanda.com.bd/restaurant/s2tw/tabaq-coffee-gulshan-avenue
ds3b,71137,Smashed Burgers - Gulshan 1,Smashed Burger,Dhaka,Gulshan 1,0.49,Snacks|Burgers|Western,4.9,5398,50.0,0.0,0.0,23.7768483,90.4167425,"2nd Floor, Crystal Palace, House 22, Road No 140, Gulshan Avenue, Dhaka 1212",1212,https://foodpanda.com.bd/restaurant/ds3b/smashed-burgers-gulshan-1
redk,74787,So Juicy - Chef's Table Gulshan 1,So Juicy,Dhaka,Gulshan 1,0.51,Juice Corner|Beverage|Cafe,4.6,48,50.0,0.0,0.0,23.7769667,90.41629885,"So Juicy Chef's Table Gulshan-1 Floor lift -5 United house, 10 bir uttam mir shawakat,Sharak,Dhaka-1212",1212,https://foodpanda.com.bd/restaurant/redk/so-juicy-chefs-table-gulshan-1
hmcu,77032,Utshob Sweets - Gulshan 1,Utshob Sweets - Centrepoint Airport,Dhaka,Gulshan 1,0.51,Snacks|Dessert|Doi,4.9,17,50.0,0.0,0.0,23.7769036,90.416369,"United House 10 Gulshan Avenue, Rd 05, Dhaka 1212",1212,https://foodpanda.com.bd/restaurant/hmcu/utshob-sweets-gulshan-1
i36o,66981,Utshob - Chef's Table Gulshan 1,UTSHOB,Dhaka,Gulshan 1,0.51,Curry|Rice Dishes|Bangladeshi|Doi|Asian,4.7,307,50.0,0.0,0.0,23.7769372,90.4162475,"United House 10, Gulshan Avenue, Gulshan 1, Dhaka-1212",1212,https://foodpanda.com.bd/restaurant/i36o/utshob-chefs-table-gulshan-1
xckb,67230,Route 66 - Chef's Table Gulshan 1,Route 66,Dhaka,Gulshan 1,0.51,Snacks|Burgers|Western,4.7,24,50.0,0.0,0.0,23.7769531,90.4162061,"United House 10, Gulshan Avenue, Gulshan 1, Dhaka-1212",1212,https://foodpanda.com.bd/restaurant/xckb/route-66-chefs-table-gulshan-1
afqs,66961,Kebabs N Curries - Chef's Table Gulshan 1,Kebabs N Curries,Dhaka,Gulshan 1,0.52,Turkish|Kebab|Curry|Middle Eastern,4.2,84,50.0,0.0,0.0,23.7769126,90.4161719,"United House 10, Gulshan Avenue, Gulshan 1, Dhaka-1212",1212,https://foodpanda.com.bd/restaurant/afqs/kebabs-n-curries-chefs-table-gulshan-1
nd3e,77830,Tokyodango - Gulshan 1,Tokyodango,Dhaka,Gulshan 1,0.52,Japanese|Asian,4.9,21,50.0,0.0,0.0,23.77701049,90.41600045,"chef's table gulshan 1, 1212",1212,https://foodpanda.com.bd/restaurant/nd3e/tokyodango-gulshan-1
tzdo,78245,Bangla Ranna Ghor,,Dhaka,Link Road,0.29,Curry|Rice Dishes|Bangladeshi|Asian,0.0,0,50.0,0.0,0.0,23.7840549,90.4229044,"Badda Girls High School, Gulshan
বাড্ডা বালিকা উচ্চ বিদ্যালয়, গুলশান.uttar badda. House number ja 32.Dhaka 1212",1212,https://foodpanda.com.bd/restaurant/tzdo/bangla-ranna-ghor
f7a6,72069,Curry Kraft,,Dhaka,Gulshan 1,0.53,Turkish|Kebab|Curry|Middle Eastern,0.0,0,50.0,0.0,0.0,23.776872,90.4160234,"Chef's Table - Gulshan 1, United House, Dhaka 1212",1212,https://foodpanda.com.bd/restaurant/f7a6/curry-kraft
grrt,77675,Brewnique - Badda,,Dhaka,Gulshan 1,0.55,Beverage,0.0,0,50.0,0.0,0.0,23.78400445,90.41544025,"House 36, Road 25, Gulshan-1, road-25, house no.-38B, apertment B2",1212,https://foodpanda.com.bd/restaurant/grrt/brewnique-badda
ousx,43617,Tehari On the Go - Gulshan,Tehari On the Go - Gulshan,Dhaka,Gulshan 1,0.56,Rice Dishes|Indian|Biryani|Asian,4.2,3019,50.0,0.0,0.0,23.7813523,90.413854,"16/A, House #02 ,Hotel Bengal canary park (opposite side) . Gulshan-1 . Dhaka",1212,https://foodpanda.com.bd/restaurant/ousx/tehari-on-the-go-gulshan
ejhq,43647,Kung Pao - Gulshan,Kung Pao - Gulshan,Dhaka,Gulshan 1,0.56,Curry|Chinese|Asian,4.7,2411,50.0,0.0,0.0,23.7813608,90.4138452,"16/A, House #02 ,Hotel Bengal canary park (opposite side) . Gulshan-1 . Dhaka",1212,https://foodpanda.com.bd/restaurant/ejhq/kung-pao-gulshan
adzq,43651,Dine A Chaap - Gulshan,Dine A Chaap - Gulshan,Dhaka,Gulshan 1,0.56,Turkish|Kebab|Middle Eastern,4.2,336,50.0,0.0,0.0,23.7813578,90.4138425,"16/A, House #02 ,Hotel Bengal canary park (opposite side) . Gulshan-1 . Dhaka",1212,https://foodpanda.com.bd/restaurant/adzq/dine-a-chaap-gulshan
ffeq,43721,Delhi 6 - Gulshan,Delhi 6 - Gulshan,Dhaka,Gulshan 1,0.56,Curry|Middle Eastern|Indian|Asian,4.2,1145,50.0,0.0,0.0,23.7813482,90.4138409,"16/A, House #02 ,Hotel Bengal canary park (opposite side) . Gulshan-1 . Dhaka",1212,https://foodpanda.com.bd/restaurant/ffeq/delhi-6-gulshan
nlge,43650,Baburchi Express - Gulshan,Baburchi Express,Dhaka,Gulshan 1,0.56,Curry|Rice Dishes,4.1,1802,50.0,0.0,0.0,23.78136,90.4138332,"Gulshan 1
1212
16/A, House #02 ,Hotel Bengal canary park (opposite side) . Gulshan-1 . Dhaka",1212,https://foodpanda.com.bd/restaurant/nlge/baburchi-express-gulshan
szp0,60756,Lunch Mafia - Gulshan,Lunch Mafia - Gulshan,Dhaka,Gulshan 1,0.57,Snacks|Rice Dishes,4.3,3427,50.0,0.0,0.0,23.7813596,90.4137975,"16/A, House #02 ,Hotel Bengal canary park (opposite side) . Gulshan-1 . Dhaka Global City",1212,https://foodpanda.com.bd/restaurant/szp0/lunch-mafia-gulshan
hhbd,78074,Burger Buzz,,Dhaka,Link Road,0.14,Chicken|Snacks|Rice Dishes|Meat|Burgers|Western,4.7,266,50.0,0.0,0.0,23.7812953,90.4248162,"গ  - 109 , Middle badda - Gulshan badda link road",1212,https://foodpanda.com.bd/restaurant/hhbd/burger-buzz-hhbd
xelr,73597,Ghoroa Khichuri,,Dhaka,Gulshan 1,0.57,Curry|Rice Dishes,4.1,327,50.0,0.0,0.0,23.78135414,90.41379113,"Gulshan 1 1212 16/A, House #02 ,Hotel Bengal canary park (opposite side) . Gulshan-1 . Dhaka",1212,https://foodpanda.com.bd/restaurant/xelr/ghoroa-khichuri
xf94,81269,Chicken Expert -Gulshan,,Dhaka,Link Road,0.13,Chicken|Snacks|Meat|Fried Chicken,4.7,121,50.0,0.0,0.0,23.7813735,90.424807,"গ - 109 , Middle badda - Gulshan badda link road",1212,https://foodpanda.com.bd/restaurant/xf94/chicken-expert-gulshan
t8xg,10194,Bene Bistro,,Dhaka,Gulshan 1,0.57,Chicken|Seafood|Meat|Fast Food,4.3,380,50.0,0.0,0.0,23.78570035,90.4185872,"House-36, Road-117, Gulshan-1, Century Park Hotel, Level-1",1212,https://foodpanda.com.bd/restaurant/t8xg/bene-bistro
j8ui,77166,Royal Bangla Leaf - Gulshan,,Dhaka,Gulshan 1,0.58,Curry|Rice Dishes|Bangladeshi|Asian,2.8,363,50.0,0.0,35.0,23.775442,90.420116,"Syed Villa B-126, Mostafa lake castle er pasher road, Flat no- J2 south Badda 1212 , Gulshan, Dhaka, Bangladesh",1212,https://foodpanda.com.bd/restaurant/j8ui/royal-bangla-leaf-gulshan
q3xn,95021,Khichuri Magic - Gulshan,,Dhaka,Gulshan 1,0.58,Rice Dishes|Dessert,1.9,34,50.0,0.0,35.0,23.775442,90.420116,"Syed Villa B-126, Mostafa lake castle er pasher road, Flat no- J2 south Badda 1212 , Gulshan, Dhaka, Bangladesh",1212,https://foodpanda.com.bd/restaurant/q3xn/khichuri-magic-gulshan
bc3n,96422,VVIP Jhalmuri - Gulshan,,Dhaka,Gulshan 1,0.58,Asian,0.0,0,50.0,0.0,35.0,23.775442,90.420116,"soiyyed villa, B-126, south badda , Gulshan 1212. Road number : 123 (beside mostofa cafe lake)",1212,https://foodpanda.com.bd/restaurant/bc3n/vvip-jhalmuri-gulshan
xtkc,120464,Just ilish,,Dhaka,Gulshan 1,0.58,Curry|Rice Dishes|Bangladeshi|Asian,1.1,9,50.0,0.0,35.0,23.775442,90.420116,"Syed Villa B-126, Mostafa lake castle er pasher road, Flat no- J2 south Badda 1212 , Gulshan, Dhaka, Bangladesh",1212,https://foodpanda.com.bd/restaurant/xtkc/just-ilish
bncm,99949,Urban leaf- Gulshan,,Dhaka,Gulshan 1,0.58,Curry|Rice Dishes|Bangladeshi|Asian,3.6,46,50.0,0.0,35.0,23.775442,90.420116,"Syed Villa B-126, Mostafa lake castle er pasher road, Flat no- J2 south Badda 1212 , Gulshan, Dhaka, Bangladesh",1212,https://foodpanda.com.bd/restaurant/bncm/urban-leaf-gulshan
kpam,77154,Shaahi Kitchen,,Dhaka,Link Road,0.23,Curry|Rice Dishes|Bangladeshi|Asian,4.9,40,50.0,0.0,0.0,23.783388,90.4243381,"CCha-61, Kuyeti Mosjid goli, Bojlur Rahman Atimkhana, Dhaka-1212",1212,https://foodpanda.com.bd/restaurant/kpam/shaahi-kitchen
b2e9,67522,Aandaaz,,Dhaka,Gulshan 1,0.61,Middle Eastern|Indian|Asian,4.8,83,50.0,0.0,0.0,23.7858286,90.4174017,"Plot - 53, Cityscape Tower, Gulshan Avenue, Gulshan 1, Dhaka - 1212",1212,https://foodpanda.com.bd/restaurant/b2e9/aandaaz
beq5,77534,Gulshan Biriyani House,,Dhaka,Badda,0.37,Bangladeshi|Asian,4.3,24,50.0,0.0,0.0,23.7768266,90.4238597,"Middle Badda, Alatunnessa School Road, Khan dental clinic , 1212 Badda, Dhaka, Bangladesh",1212,https://foodpanda.com.bd/restaurant/beq5/gulshan-biriyani-house
to0y,125810,Manzile,,Dhaka,Badda,0.41,Fast Food,4.8,10,50.0,0.0,35.0,23.77646914,90.42378346,"1212 Badda, Dhaka, Bangladesh",1212,https://foodpanda.com.bd/restaurant/to0y/manzile
ap0c,78752,Al Amin Hotel & Restaurant,,Dhaka,Link Road,0.25,Curry|Bangladeshi|Asian,4.0,16,50.0,0.0,0.0,23.7833657,90.4249357,"Cho, 63/6, uttar badda, opposite of hossen market, behind of ibne sina hospital",1212,https://foodpanda.com.bd/restaurant/ap0c/al-amin-hotel-and-restaurant-ap0c
xkml,75296,Al Amar Lebanese Cuisine - Gulshan,Al Amar Lebanese Cuisine,Dhaka,Gulshan 1,0.66,Rice Dishes|Middle Eastern|Lebanese|Meat,4.8,190,50.0,0.0,0.0,23.7860603,90.4167539,"Level 12, Rangs FC Enclave, Plot No. 6/A, Road No. 32, Gulshan 1, Dhaka 1212",1212,https://foodpanda.com.bd/restaurant/xkml/al-amar-lebanese-cuisine-gulshan
u1zq,16115,Mithai - Middle Badda,Mithai - Dhaka,Dhaka,Middle Badda,0.16,Cakes|Dessert|Doi|Fast Food,4.4,1115,50.0,0.0,0.0,23.7813418,90.42578535,"103/2 Progoti Sharoni, Middle Badda",1212,https://foodpanda.com.bd/restaurant/u1zq/mithai-middle-badda
s4ax,1755,Bella Italia - Gulshan,Bella Italia,Dhaka,Gulshan 1,0.68,Italian|Mediterranean|Pizza|Western|Fast Food,4.9,7223,50.0,0.0,0.0,23.7862139,90.41666845,"Rangs FC Enclave (2nd floor), Plot No. 6/A, Road No. 32, Gulshan 1, Dhaka",1212,https://foodpanda.com.bd/restaurant/s4ax/bella-italia-gulshan
hgyk,87687,Being Pizza,,Dhaka,Badda,0.55,Bangladeshi|Asian,0.0,0,50.0,0.0,0.0,23.7753969,90.4229387,"Jagoroni Club, Badda/pa-32/2, 1212 Badda, Dhaka, Bangladesh",1212,https://foodpanda.com.bd/restaurant/hgyk/being-pizza
kacq,82779,Tehari Box,,Dhaka,Badda,0.32,Curry|Rice Dishes|Bangladeshi|Asian,4.6,293,50.0,0.0,35.0,23.7771617,90.4249662,"মধ্য বাড্ডা, স্কুল রোড 
খ - ১৭৫  ফার্স্ট ফ্লোর",1212,https://foodpanda.com.bd/restaurant/kacq/tehari-box-kacq
qjmn,77861,Sporsho Cafe & Restaurant,,Dhaka,Link Road,0.27,Snacks|Rice Dishes,4.9,9,50.0,0.0,0.0,23.7828361,90.4257367,"Holland Center Shopping Complex ,Cha- 72/1 B, Bir Uttam Rafikul Islam Sarak, Dhaka 1212",1212,https://foodpanda.com.bd/restaurant/qjmn/sporsho-cafe-and-restaurant
a945,84344,LFC - Lokman Chotpoti And Fuchka,,Dhaka,Gulshan 1,0.71,Asian,0.0,0,50.0,0.0,0.0,23.7742204,90.4191248,Ba-73/1 paradise lake view South badda,1212,https://foodpanda.com.bd/restaurant/a945/lfc-lokman-chotpoti-and-fuchka
e9nr,77636,Maha's kitchen,,Dhaka,Badda,0.51,Snacks|Curry|Rice Dishes|Dessert|Bangladeshi|Asian,3.7,8,50.0,0.0,0.0,23.77556737,90.42364797,"Alatunnesa School Rd 139 opposite of sabuj sena school, 1212 Badda, Dhaka, Bangladesh",1212,https://foodpanda.com.bd/restaurant/e9nr/mahas-kitchen-e9nr
cz19,78023,Dadir Choya Rannaghor,,Dhaka,Middle Badda,0.11,Snacks|Rice Dishes|Bangladeshi|Asian,3.2,19,50.0,0.0,0.0,23.7797145,90.4263494,"Molla Para Baitul Gofur Jaame Masjid, Rustom Mollah Road, Mollahpara, Middle Badda Avargeren escol mollapara, 1212 Badda, Dhaka, Bangladesh",1212,https://foodpanda.com.bd/restaurant/cz19/dadir-choya-rannaghor
i7em,78131,Rice Republic - Gulshan (Special offer available),,Dhaka,Badda,0.65,Curry|Bangladeshi|Asian,3.7,6,50.0,0.0,35.0,23.774667,90.422379,"House: kha-48/kha, Near South Badda Jame Masjid, Dhaka-1212",1212,https://foodpanda.com.bd/restaurant/i7em/rice-republic-gulshan-special-offer-available
nda6,65199,Herfy - Gulshan,Herfy,Dhaka,Gulshan 1,0.75,Chicken|Meat|Burgers|Western|Fast Food,4.9,7622,50.0,0.0,0.0,23.7744883,90.41610995,"Ground Floor, 1st Floor, 1 Gulshan Avenue, Road-1, House-1, GL Bhaban, Dhaka 1212",1212,https://foodpanda.com.bd/restaurant/nda6/herfy-gulshan
g2pt,23133,The Cinnamon Tree Restaurant,The Cinnamon Tree Restaurant,Dhaka,Gulshan 1,0.76,Snacks|Curry|Rice Dishes|Chinese|Asian,4.5,711,50.0,0.0,0.0,23.7741059,90.4170597,"Road #143, House #8/C, Gulshan-1, Near Libya Embassy Dhaka",1212,https://foodpanda.com.bd/restaurant/g2pt/the-cinnamon-tree-restaurant
i2as,77738,Tanima's Food And Products,,Dhaka,Link Road,0.49,Rice Dishes|Dessert|Bangladeshi|Asian,0.0,0,50.0,0.0,0.0,23.7858157,90.4246131,"Cha- 100/2/2, Badda Girls School Road, Dhaka 1212, 1212 Badda, Dhaka, Bangladesh",1212,https://foodpanda.com.bd/restaurant/i2as/tanimas-food-and-products
ntei,87692,Bashonti,,Dhaka,Gulshan 1,0.82,Bangladeshi|Asian,0.0,0,50.0,0.0,0.0,23.7868463,90.4150366,"Lake, Rd 33 House 6, 1212 Gulshan 1, Dhaka, Bangladesh",1212,https://foodpanda.com.bd/restaurant/ntei/bashonti-ntei
igkm,115816,Turkish Donerzzz,,Dhaka,Gulshan 1,0.82,Snacks,0.0,0,50.0,0.0,35.0,23.7743325,90.4149854,"DDC Building, Road-01 Old brac University, 1212 গুলশান ১, ঢাকা, Bangladesh",1212,https://foodpanda.com.bd/restaurant/igkm/turkish-donerzzz
s4ld,4753,Food Palace - Gulshan,,Dhaka,Gulshan 1,0.83,Rice Dishes|Beverage|Soups|Fast Food,4.6,685,50.0,0.0,0.0,23.774447,90.414669,"House No. SWF 4/A, Road No. 1, Gulshan 1 (Northern Gate of Dr. Fazle Rabbi Park & Near to Niketon Gate 1), Dhaka",1212,https://foodpanda.com.bd/restaurant/s4ld/food-palace-gulshan
ffm1,95190,Cloudine Kitchen,,Dhaka,Badda,0.65,Bangladeshi|Asian,0.0,0,50.0,0.0,0.0,23.7741855,90.42399127,"West Merul,Badda, MA 61 (6th Floor), 1212 Badda, Dhaka, Bangladesh",1212,https://foodpanda.com.bd/restaurant/ffm1/cloudine-kitchen
o8wp,73382,Midnight Baker,,Dhaka,Gulshan 1,0.86,Snacks|Dessert,4.4,26,50.0,0.0,0.0,23.78790005,90.41637719,"Ground floor, Ventura avenue (Opposite of Shwapno)
CWN(C)-8/B, Gulshan Ave, Dhaka 1212",1212,https://foodpanda.com.bd/restaurant/o8wp/midnight-baker
hf06,79002,Urban Blend,,Dhaka,Gulshan 1,0.87,Snacks|Curry|Rice Dishes,0.0,0,50.0,0.0,0.0,23.78837721,90.41844709,"House - 11A, Road - 113, Same Near The Coffee Bean & Tea Leaf, Gulshan - 1, Dhaka - 1212",1212,https://foodpanda.com.bd/restaurant/hf06/urban-blend
wzck,77714,Fravings,,Dhaka,Gulshan 1,0.87,Burgers|Western|Fast Food,0.0,0,50.0,0.0,0.0,23.7727676,90.419138,"Sahaba pir jame masjid opposite, South Badda, Near at Hatirjheel",1212,https://foodpanda.com.bd/restaurant/wzck/fravings
v84y,77315,Hakka Gulshan,Platinum Park,Dhaka,Gulshan 1,0.88,Snacks|Italian|Beverage|Mediterranean|Pizza|Western,3.6,33,50.0,0.0,35.0,23.77277747,90.41824054,Behind the Police plaza Close to South Badda Park  Gulshan Dhaka-1212,1212,https://foodpanda.com.bd/restaurant/v84y/hakka-gulshan
rhz0,77957,Moveon Coffee - Dhaka,Major,Dhaka,Gulshan 1,0.89,Beverage|Sandwiches|Western,0.0,0,50.0,0.0,0.0,23.7885625,90.4185625,"JCI club Limited ,
Gulshan 2
House# 11/A,
Rd 113,
 Dhaka 1212",1212,https://foodpanda.com.bd/restaurant/rhz0/moveon-coffee-dhaka
s1py,6081,Halda Valley Tea Lounge,,Dhaka,Gulshan 1,0.89,Curry,4.7,40,50.0,0.0,0.0,23.7884422,90.4174221,"YN Center, House 6/A,Road 113,Gulshan Avenue, Dhaka 1212",1212,https://foodpanda.com.bd/restaurant/s1py/halda-valley-tea-lounge
ombs,77014,Friends Food and Juice Corner,,Dhaka,Link Road,0.51,Juice Corner|Snacks|Beverage|Fast Food,0.0,0,50.0,0.0,0.0,23.7852432,90.4264701,"Tatultola Road, Tatultola Rd Near Uttar Badda kacha bazar, 1212 Badda, Dhaka, Bangladesh",1212,https://foodpanda.com.bd/restaurant/ombs/friends-food-and-juice-corner
k473,77324,Cha Bazi,,Dhaka,Gulshan 1,0.9,Juice Corner|Beverage,3.0,9,50.0,0.0,35.0,23.77258053,90.41826418,"Bir Uttam AK Khandakar Road, KHO 33 B ,Titash road, Dhokkhin Badda New Road, Dhaka 1212",1212,https://foodpanda.com.bd/restaurant/k473/cha-bazi
m0gy,77798,Da One Cafe,,Dhaka,Gulshan 1,0.9,Turkish|Kebab|Curry|Rice Dishes|Middle Eastern|Soups|Noodles,4.8,21,50.0,0.0,35.0,23.7885042,90.4172055,"Road 113, Rd 113 Road 113, House 1/B, Gulshan-2,Dhaka 1212, 1212 Gulshan 2, Dhaka, Bangladesh",1212,https://foodpanda.com.bd/restaurant/m0gy/da-one-cafe
zc8i,76510,Tokyo Food,,Dhaka,Gulshan 1,0.93,Turkish|Kebab|Snacks|Rice Dishes|Middle Eastern|Chinese|Asian|Fast Food,0.0,0,50.0,0.0,0.0,23.7727401,90.4162903,"Shop-559, Level-5, Gulshan Police Plaza, Gulshan, Dhaka",1212,https://foodpanda.com.bd/restaurant/zc8i/tokyo-food
rgl3,79333,House of Niribiri,,Dhaka,Gulshan 2,0.85,Curry|Rice Dishes|Bangladeshi|Asian,0.0,0,50.0,0.0,0.0,23.78746735,90.41414782,"34 Road No. 01, Road No. 01 34, 1212 Gulshan 1, Dhaka, Bangladesh",1212,https://foodpanda.com.bd/restaurant/rgl3/house-of-niribiri
kxb4,81233,Zishan Food Corner,,Dhaka,Middle Badda,0.27,Curry|Rice Dishes|Bangladeshi|Asian,0.0,0,50.0,0.0,0.0,23.7784315,90.42846074,"moddo Badda Bazar goli,Eleven soroni",1212,https://foodpanda.com.bd/restaurant/kxb4/zishan-food-corner
biq9,44519,Delifrance - Gulshan 2,Delifrance Gulshan Avenue,Dhaka,Gulshan 2,0.96,Cakes|Snacks|Beverage|Dessert|Western,4.9,2767,50.0,0.0,0.0,23.78918155,90.4165545,"Gulshan Avenue,  Plot#114 ,1st Floor Casablanca , Gulshan Avenue, Gulshan-2",1212,https://foodpanda.com.bd/restaurant/biq9/delifrance-gulshan-2
m0cd,75494,Aaznabiz - Badda,Aaznabiz,Dhaka,Middle Badda,0.44,Snacks|Rice Dishes|Fast Food,3.9,33,50.0,0.0,0.0,23.7842709,90.4282593,"House - 170, Shadhinata Sharani Road, Back Side of AMZ Hospital Ltd. Uttar Badda, Dhaka - 1212",1212,https://foodpanda.com.bd/restaurant/m0cd/aaznabiz-badda
eb6r,65935,Rice & Beyond,Rice & Beyond,Dhaka,Link Road,1.01,Rice Dishes,4.8,1836,50.0,0.0,0.0,23.7897723,90.41937935,"House 08, Road 113/A, 9th Floor, ABM Tower, Gulshan-02, Dhaka 1212",1212,https://foodpanda.com.bd/restaurant/eb6r/rice-and-beyond
gnh3,65932,Fatz,Fatz - Gulshan,Dhaka,Link Road,1.01,Burgers|Western|Fast Food,4.6,574,50.0,0.0,0.0,23.78977775,90.41934725,"House 08, Road 113/A, 9th Floor, ABM Tower, Gulshan-02, Dhaka 1212",1212,https://foodpanda.com.bd/restaurant/gnh3/fatz
f6a4,115906,Dal Bhaat,,Dhaka,Link Road,1.02,Rice Dishes|Bangladeshi|Asian,4.7,20,50.0,0.0,35.0,23.78979365,90.4193292,"House 08, Road 113/A, 9th Floor, ABM Tower, Gulshan-02, Dhaka 1212",1212,https://foodpanda.com.bd/restaurant/f6a4/dal-bhaat-f6a4
yckz,67759,Doner Dude - Gulshan,Doner Dude - Gulshan,Dhaka,Link Road,1.01,Fast Food,4.6,365,50.0,0.0,0.0,23.7897967,90.4194426,"House 08, Road 113/A, 9th Floor, ABM Tower, Gulshan-02, Dhaka 1212",1212,https://foodpanda.com.bd/restaurant/yckz/doner-dude-gulshan
dj8p,69468,SpiceL,,Dhaka,Link Road,1.01,Snacks|Rice Dishes,4.9,336,50.0,0.0,0.0,23.7898004,90.4193659,"House 08, Road 113/A, 9th Floor, ABM Tower, Gulshan-02, Dhaka 1212",1212,https://foodpanda.com.bd/restaurant/dj8p/spicel
v0zm,67712,Xtra Mayo - Gulshan,Xtra Mayo - Gulshan,Dhaka,Link Road,1.02,Snacks|Western,4.8,494,50.0,0.0,0.0,23.7898237,90.4193915,"House 08, Road 113/A, 9th Floor, ABM Tower, Gulshan-02, Dhaka 1212",1212,https://foodpanda.com.bd/restaurant/v0zm/xtra-mayo-gulshan
crjq,67692,Grills & Grains Pizzeria,,Dhaka,Link Road,1.02,Italian|Mediterranean|Pizza|Western,4.3,67,50.0,0.0,0.0,23.7898338,90.4193918,"House 08, Road 113/A, 9th Floor, ABM Tower, Gulshan-02, Dhaka 1212",1212,https://foodpanda.com.bd/restaurant/crjq/grills-and-grains-pizzeria
ejx2,65937,Doner Korner,Doner Korner,Dhaka,Link Road,1.02,Meat|Fast Food,4.7,264,50.0,0.0,0.0,23.7898515,90.419442,"House 08, Road 113/A, 9th Floor, ABM Tower, Gulshan-02, Dhaka 1212",1212,https://foodpanda.com.bd/restaurant/ejx2/doner-korner
eg0l,120847,The Dream Kitchen,,Dhaka,Middle Badda,0.57,Curry|Bangladeshi|Asian,3.8,26,50.0,0.0,35.0,23.78554735,90.42784905,"Uttar badda, tetul tola rood.  
178 number house.  
Apartment name membar bari",1212,https://foodpanda.com.bd/restaurant/eg0l/the-dream-kitchen
t37j,67713,Rice & More,,Dhaka,Link Road,1.02,Rice Dishes,4.8,620,50.0,0.0,0.0,23.7898606,90.4193628,"House 08, Road 113/A, 9th Floor, ABM Tower, Gulshan-02, Dhaka 1212",1212,https://foodpanda.com.bd/restaurant/t37j/rice-and-more
s3cs,4089,Chicken King - Badda,Chicken King,Dhaka,Link Road,0.74,Fast Food,3.6,176,50.0,0.0,0.0,23.7878412,90.4257137,"HAF Genarel Hospital, Hossain uddin road,Uttar badda,Dhaka 1212",1212,https://foodpanda.com.bd/restaurant/s3cs/chicken-king-badda
w3iq,98984,Chatime - Gulshan 2,Chatime,Dhaka,Gulshan 2,0.95,Beverage,4.8,256,50.0,0.0,0.0,23.7895973,90.41654505,"2nd Floor, Rangs Z Square, Chatime Gulshan, Dhaka-1212",1212,https://foodpanda.com.bd/restaurant/w3iq/chatime-gulshan-2-w3iq
wrkz,92898,Bee's Kitchen,,Dhaka,Link Road,1.02,Snacks,4.5,52,50.0,0.0,0.0,23.78998889,90.41962177,"House -19/20, Road -113/A, Gulshan 2, Dhaka 1212",1212,https://foodpanda.com.bd/restaurant/wrkz/bees-kitchen-wrkz
dccz,75174,Ledor- Gulshan-2,Ledor,Dhaka,Gulshan 2,0.94,Dessert|Fast Food,4.9,351,50.0,0.0,0.0,23.78964953,90.41648996,"Rangs Z Squre, Plot-118,Gulshan Avenue Road, Gulshan Dhaka 1212",1212,https://foodpanda.com.bd/restaurant/dccz/ledor-gulshan-2
o993,72294,Halim & Pitha Ghor,,Dhaka,Chairman Bari,0.66,Snacks,3.6,141,50.0,0.0,0.0,23.78535484,90.41032588,"Korail TNT,  korail jamai bajar, 1213 Banani, Dhaka, Bangladesh",1213,https://foodpanda.com.bd/restaurant/o993/halim-and-pitha-ghor
vypb,77329,Icon Restaurant,,Dhaka,Merul Badda,0.75,Burgers|Western|Fast Food,3.7,5,50.0,0.0,0.0,23.77235265,90.4244387,"BRAC University Pocket Gate/2nd Gate, Ma-78/A MeruBadda, 1212 Badda, Dhaka, Bangladesh",1212,https://foodpanda.com.bd/restaurant/vypb/icon-restaurant
vei4,76800,Masuda's Kitchen,,Dhaka,Middle Badda,0.31,Curry|Rice Dishes|Bangladeshi|Asian,0.0,0,50.0,0.0,0.0,23.7794105,90.4297615,"Choddho sarani gate Jakir mollah house, 1212 Badda, Dhaka, Bangladesh",1212,https://foodpanda.com.bd/restaurant/vei4/masudas-kitchen-vei4
bmah,76331,Copper Cravings,,Dhaka,Merul Badda,0.83,Snacks|Rice Dishes|Beverage,0.0,0,50.0,0.0,0.0,23.7718797,90.423835,"BRAC University, Bir Uttam Rafiqul Islam Ave brac university",1212,https://foodpanda.com.bd/restaurant/bmah/copper-cravings
w3tb,54377,ZAFRA BY GLITZ,,Dhaka,Gulshan 2,0.99,Dessert,0.0,0,50.0,0.0,35.0,23.790212,90.4171708,"Road 111, house 30, Apt A5, Gulshan 2",1212,https://foodpanda.com.bd/restaurant/w3tb/zafra-by-glitz
r4jo,79110,Azkaban,,Dhaka,Merul Badda,0.69,Snacks|Rice Dishes|Fast Food,4.6,16,50.0,0.0,0.0,23.7721058,90.4252679,"F12/5, Merul Badda, Dhaka,",1212,https://foodpanda.com.bd/restaurant/r4jo/azkaban
zlhp,39036,Dragon Eye,,Dhaka,Link Road,0.91,Snacks|Asian,4.3,300,50.0,0.0,0.0,23.78965375,90.42430675,"G p-ka, 32/1, South shahjadpur,Dakkhinpara, Gulshan, Dhaka-1212",1212,https://foodpanda.com.bd/restaurant/zlhp/dragon-eye
jmvv,48167,Samurai Sushi Kitchen - Baridhara,Samurai Sushi Kitchen - Baridhara,Dhaka,Link Road,0.91,Sushi|Seafood|Japanese|Asian,4.6,178,50.0,0.0,0.0,23.7896742,90.4242857,"G p-ka, 32/1, South shahjadpur,Dakkhinpara, Gulshan, Dhaka-1212",1212,https://foodpanda.com.bd/restaurant/jmvv/samurai-sushi-kitchen-baridhara
csw6,39044,Sushi House,Sushi House,Dhaka,Link Road,0.91,Sushi|Japanese|Asian,4.5,234,50.0,0.0,0.0,23.78967535,90.4243425,"G p-ka, 32/1, South shahjadpur,Dakkhinpara, Gulshan, Dhaka-1212",1212,https://foodpanda.com.bd/restaurant/csw6/sushi-house
ps12,79391,Shimu's Home Kitchen,,Dhaka,Middle Badda,0.4,Curry|Rice Dishes|Bangladeshi|Asian,0.0,0,50.0,0.0,0.0,23.7826477,90.4302082,"House No. 3,
Road No. 6A
Moynarbagh Bou Bazar North Badda, Dhaka 1212",1212,https://foodpanda.com.bd/restaurant/ps12/shimus-home-kitchen
f6py,21707,Oshisushis,Oshisushis,Dhaka,Link Road,0.92,Sushi|Japanese|Asian,4.4,387,50.0,0.0,0.0,23.7897091,90.4243055,"G p-ka, 32/1, South shahjadpur,Dakkhinpara, Gulshan, Dhaka-1212",1212,https://foodpanda.com.bd/restaurant/f6py/oshisushis
xbj9,48144,Royal Korean Cuisine,Royal Korean Cuisine,Dhaka,Link Road,0.92,Korean|Asian,4.2,182,50.0,0.0,0.0,23.78968376,90.42443978,"G p-ka, 32/1, South shahjadpur,Dakkhinpara, Gulshan, Dhaka-1212",1212,https://foodpanda.com.bd/restaurant/xbj9/royal-korean-cuisine
h3ec,117816,Pagla Baburchi Iftar Mela Gulshan,Pagla Baburchi - Iftar Mela ,Dhaka,Gulshan 2,1.0,Bangladeshi|Asian|Fast Food,4.8,65,50.0,0.0,35.0,23.790975,90.4175098,"House #10, Heritage, Road#109, Gulshan-2, Dhaka",1212,https://foodpanda.com.bd/restaurant/h3ec/pagla-baburchi-iftar-mela-gulshan
snro,99523,Siam Restaurant,,Dhaka,Middle Badda,0.69,Bangladeshi|Asian,0.0,0,50.0,0.0,0.0,23.7864142,90.4291541,"Noakhali Doctor Bari, Satarkul Road,Munshibari Lane, In Front Of Mastan House., 1212 বাড্ডা, ঢাকা, Bangladesh",1212,https://foodpanda.com.bd/restaurant/snro/siam-restaurant
vjt3,103802,Mitsuha's Kitchen,,Dhaka,Link Road,0.95,Snacks|Rice Dishes|Beverage,0.0,0,50.0,0.0,35.0,23.7898433,90.4253051,"Uttor badda,  suvastu najar vali, Suvastu najar vali, t-6_15C2, 1212 বাড্ডা, ঢাকা, Bangladesh",1212,https://foodpanda.com.bd/restaurant/vjt3/mitsuhas-kitchen
zjqq,77308,Ruti Ghor,,Dhaka,Merul Badda,0.67,Curry|Rice Dishes,0.0,0,50.0,0.0,0.0,23.7715302,90.4260087,"LA 29, Merul Badda, Thana Road, merul badda, 1217",1217,https://foodpanda.com.bd/restaurant/zjqq/ruti-ghor
chwo,72617,Love Triangle,Love Triangle,Dhaka,Mohakhali,0.46,Snacks,4.8,864,50.0,0.0,35.0,23.7819442,90.4073988,"House, G P Ja 70/3, ( inside car garage) Gognobi road 
behind square centre
Mohakhali",1212,https://foodpanda.com.bd/restaurant/chwo/love-triangle-chwo
q3jm,25791,Butter - The Bakery (CENTRAL),Butter The Bakery,Dhaka,Mohakhali,0.46,Cakes|Dessert,4.8,841,50.0,0.0,35.0,23.78192,90.4073745,"48, Bir Uttam AK Khandakar Road, House, G P Ja 70/3, Gognobi road behind square centre Mohakhali (inside car garage )",1212,https://foodpanda.com.bd/restaurant/q3jm/butter-the-bakery-central
e36r,49176,BhojBangla,Bhorta Lover,Dhaka,Mohakhali,0.47,Curry|Rice Dishes|Bangladeshi|Asian,4.5,594,50.0,0.0,0.0,23.7820921,90.40730835,"জি,পি জ,৭০/৩, গজনবী রোড পুকুরপাড় গ্যারেজ (স্কায়ার সেন্টারের পিছনে ),মহাখালী ওয়্যারলেস গেট!!",1212,https://foodpanda.com.bd/restaurant/e36r/bhojbangla
n0zu,72044,Special Bhai Bhai Biriyani House,Special Bhai Bhai Biriyani House,Dhaka,Link Road,1.02,Rice Dishes|Indian|Biryani|Doi|Asian,4.2,1402,50.0,0.0,0.0,23.7905906,90.4248667,"GP Ka - 53, Shahjadpur, Pragati Sharani, Gulshan, Dhaka 1212 (Opposite of Suvastu Shopping Mall - Beside Singer showroom)",1212,https://foodpanda.com.bd/restaurant/n0zu/special-bhai-bhai-biriyani-house
hdyj,76717,Furryghor Cafe,,Dhaka,Nabisco,0.77,Snacks|Beverage|Cafe,4.6,6,50.0,0.0,0.0,23.7714177,90.4117208,"205, 1 Bir Uttam Mir Shawkat Sarak, Dhaka 1208",1208,https://foodpanda.com.bd/restaurant/hdyj/furryghor-cafe
qsqk,117098,Matubber Briyani,,Dhaka,Link Road,1.07,Rice Dishes|Indian|Biryani|Dessert|Asian,4.3,56,50.0,0.0,35.0,23.791028,90.424693,"গ ১১/২, প্রগিত স্বরিন শাহজাদপুর সুভাস্ত 
নজর ভ্যালী মােকেটর ১০০ গজ উওর পােশ, 
হাজী চাঁনিবিব   রাড",1212,https://foodpanda.com.bd/restaurant/qsqk/matubber-briyani
d3fm,70710,Waffle Bro's,,Dhaka,Link Road,1.15,Beverage|Dessert,4.6,17,50.0,0.0,0.0,23.79183194,90.42243086,"Bayzied Road, Ground Floor, Jhilpar, Shajadpur, Near Popeyes Coffee & Food, Gulshan Lake Drive, Gulshan, Dhaka - 1212",1212,https://foodpanda.com.bd/restaurant/d3fm/waffle-bros
ihl7,74368,Takeout Express,,Dhaka,Mohakhali,0.22,Italian|Mediterranean|Soups|Pizza|Burgers|Western,3.8,84,50.0,0.0,0.0,23.77991015,90.40648205,"G.p.cha-81/2,mohakhali,wairless gate,dhaka 1213",1212,https://foodpanda.com.bd/restaurant/ihl7/takeout-express
qmef,73930,Rannaghor,,Dhaka,Mohakhali,0.22,Snacks|Rice Dishes|Soups,4.2,60,50.0,0.0,0.0,23.77993375,90.40647095,"Mohakhali, wireless gate, 1212 Banani, Dhaka, Bangladesh",1212,https://foodpanda.com.bd/restaurant/qmef/rannaghor-qmef
dh21,76879,The Cook's Corner,,Dhaka,Mohakhali,0.22,Snacks|Curry|Rice Dishes|Soups,4.2,42,50.0,0.0,0.0,23.77993375,90.40647095,"Gp ca 81/2 , Mohakhali, wireless gate, 1212 Banani, Dhaka, Bangladesh",1212,https://foodpanda.com.bd/restaurant/dh21/the-cooks-corner
jhn6,73643,AM 2 PM,,Dhaka,Mohakhali,0.23,Curry|Rice Dishes|Dessert|Fast Food,4.4,208,50.0,0.0,0.0,23.7800171,90.4064156,"Mohakhali, wirelessgate, 1212 Banani, Dhaka, Bangladesh",1212,https://foodpanda.com.bd/restaurant/jhn6/am-2-pm-jhn6
byia,77800,Foodie Bhai,,Dhaka,Gulshan 2,0.86,Snacks|Sandwiches|Burgers|Western,3.0,7,50.0,0.0,0.0,23.7921108,90.4162819,"গুলশান পিংক সিটি শপিং কমপ্লেক্স, গুলশান এভিনিউ 15 pink city shopping complex, 1229 গুলশান ২, ঢাকা, Bangladesh",1229,https://foodpanda.com.bd/restaurant/byia/foodie-bhai-byia
t4qm,8174,Pani Puri - Gulshan 2,,Dhaka,Gulshan 2,0.88,Beverage|Chotpoti & Fuchka|Bangladeshi|Asian,1.0,1,50.0,0.0,0.0,23.792168,90.416489,Pinkcity shoping moll ahead side/pinkcity road.,1212,https://foodpanda.com.bd/restaurant/t4qm/pani-puri-gulshan-2
o092,54101,Kona Cafe,Kona Cafe,Dhaka,Gulshan 2,0.52,Beverage|Cafe|Fast Food,4.8,995,50.0,0.0,0.0,23.7906942,90.4125123,"House No 46, Rd No 41, Gulshan 2",1212,https://foodpanda.com.bd/restaurant/o092/kona-cafe
f7qi,73946,Food Platter,,Dhaka,Link Road,1.19,Snacks|Rice Dishes|Burgers|Western,4.6,6,50.0,0.0,0.0,23.79215708,90.42231626,"Kha-1/6, Road- 106, Lake side, Shajadpur, Gulshan, Dhaka",1212,https://foodpanda.com.bd/restaurant/f7qi/food-platter-f7qi
fvc8,68920,Bhorta Bari - Gulshan,Bhorta Bari - Gulshan,Dhaka,Mohakhali,0.2,Bangladeshi|Asian,3.8,127,50.0,0.0,0.0,23.7797889,90.4063252,"G.P. Cha-47, Mohakhali Wireless Gate, Banani, Dhaka",1212,https://foodpanda.com.bd/restaurant/fvc8/bhorta-bari-gulshan
m5na,31344,Pizza Lover,Pizza Lover,Dhaka,Mohakhali,0.25,Italian|Mediterranean|Pizza|Western|Fast Food,4.1,498,50.0,0.0,0.0,23.7802757,90.4062229,"43/6 Gazi Sikandar Vila, Wireless Gate, Mohakhali, Dhaka 1212",1212,https://foodpanda.com.bd/restaurant/m5na/pizza-lover-m5na
lnad,80606,Yummy Kitchen,,Dhaka,Merul Badda,0.28,Curry|Bangladeshi|Asian,0.0,0,50.0,0.0,0.0,23.77777515,90.43209865,"City: Dhaka
Area: Badda
Moddhyo Badda 5 tala
Bazar , Badda , Dhaka.",1212,https://foodpanda.com.bd/restaurant/lnad/yummy-kitchen-lnad
pxom,125021,Crust & Cheese,,Dhaka,Link Road,1.19,Italian|Pasta|Mediterranean|Pizza|Western,4.8,42,50.0,0.0,35.0,23.79219954,90.42316678,"Momotaj Villa, Gulshan 2, Road-7 , House- 3, Level-6A We are located at shahjadpur gulshan 2. 5 minutes walking distance from Manarat School., 1212 Gulshan 2, Dhaka, Bangladesh",1212,https://foodpanda.com.bd/restaurant/pxom/crust-and-cheese
a6ej,78014,The Cake Service,,Dhaka,Merul Badda,0.33,Cakes|Snacks,0.0,0,50.0,0.0,0.0,23.7727987,90.4296602,"House no.66  , Rd.no.12
DIT project merun badda dhaka",1212,https://foodpanda.com.bd/restaurant/a6ej/the-cake-service
xkh3,100109,FryLab,,Dhaka,Mohakhali,0.13,Chinese|Asian,0.0,0,50.0,0.0,0.0,23.77914126,90.40587911,"Ruki Bhaban, Mohakhali Wireless Gate Gp cha 27/1, 1212 Gulshan 1, Dhaka, Bangladesh",1212,https://foodpanda.com.bd/restaurant/xkh3
eqjc,124339,Fuchka Club - Gulshan 2,,Dhaka,Gulshan 2,0.68,Chotpoti & Fuchka|Bangladeshi|Asian,0.0,0,50.0,0.0,35.0,23.7920497,90.4144368,House-05 Rd 36 Gulshan2 Dhaka-1212,1212,https://foodpanda.com.bd/restaurant/eqjc/fuchka-club-gulshan-2
oxgq,48297,Smokie Patty Burger - Gulshan,Smokie Patty - Gulshan,Dhaka,Link Road,1.25,Chicken|Italian|Mediterranean|Pizza|Meat|Burgers|Western|Fast Food,4.7,1087,50.0,0.0,0.0,23.7927147,90.4222002,"Kha 66/8, Lakeside, Shahjadpur, Gulsjhan-2, Dhaka-1212
close to 
Embassy of India",1212,https://foodpanda.com.bd/restaurant/oxgq/smokie-patty-burger-gulshan
km6c,77578,Turn Tables,,Dhaka,Link Road,1.26,Rice Dishes|Noodles|Chinese|Asian,1.8,7,50.0,0.0,0.0,23.7927805,90.42219,"8 Marium Road , Shahjadpur ,gulshan 2 , 1212",1212,https://foodpanda.com.bd/restaurant/km6c/turn-tables
juo6,111424,Bangali Bhojon,,Dhaka,Merul Badda,0.6,Curry|Bangladeshi|Asian,0.0,0,50.0,0.0,25.0,23.78063122,90.43293866,"Kamrul er bari ' hazi billa, Bangladesh, 8531 Badda, Dhaka, Bangladesh",8531,https://foodpanda.com.bd/restaurant/juo6/bangali-bhojon-juo6
mvmw,76890,DIET - Did I Eat That,,Dhaka,Link Road,1.27,Snacks|Fast Food,4.8,491,50.0,0.0,0.0,23.79282163,90.42214762,"House - Kha-66/8, Gulshan Lake Drive Road, Shahjadpur, Gulshan 2",1212,https://foodpanda.com.bd/restaurant/mvmw/diet-did-i-eat-that
tmpf,78390,Frost and Flame,,Dhaka,Wireless Gate,0.31,Snacks|Italian|Mediterranean|Pizza|Western|Fast Food,4.6,64,50.0,0.0,0.0,23.7816116,90.4055313,JA-141 Wireless Gate Rd,1212,https://foodpanda.com.bd/restaurant/tmpf/frost-and-flame-tmpf
die6,77461,Cheesy Dreams,,Dhaka,Hatirjheel,0.81,Italian|Mediterranean|Pizza|Western|Fast Food,0.0,0,50.0,0.0,0.0,23.7697075,90.4120245,"Harijheel, 1st Floor, GMG Mor, 5 Bir Uttam Mir Shawkat Sarak, 1208",1208,https://foodpanda.com.bd/restaurant/die6/cheesy-dreams
ni9m,76900,The Tehari Ghor - Mohakhali,The Tehari Ghor,Dhaka,Wireless Gate,0.24,Rice Dishes|Bangladeshi|Asian,4.8,187,50.0,0.0,0.0,23.78062532,90.40529999,"House - 75/1, Rahman Mansion, Wireless Gate, Mohakhali, Gulshan",1212,https://foodpanda.com.bd/restaurant/ni9m/the-tehari-ghor-mohakhali
nh4g,76290,Bismillah Fuchka,,Dhaka,Merul Badda,0.28,Chotpoti & Fuchka|Bangladeshi|Asian|Fast Food,0.0,0,50.0,0.0,0.0,23.7772383,90.4329518,"East badda,  5tala bazar sahabuddin mor er majhamajhi, 1212 Badda, Dhaka, Bangladesh",1212,https://foodpanda.com.bd/restaurant/nh4g/bismillah-fuchka
lhid,119817,Tahmeeds Kitchen,,Dhaka,Wireless Gate,0.21,Curry|Bangladeshi|Asian,3.6,24,50.0,0.0,35.0,23.780242,90.405003,"Wireless, School Road, 1212 Banani, Dhaka, Bangladesh",1212,https://foodpanda.com.bd/restaurant/lhid/tahmeeds-kitchen
bk89,123210,Tawfees  Kitchen,,Dhaka,Wireless Gate,0.2,Curry|Bangladeshi|Asian,1.8,7,50.0,0.0,35.0,23.7802489,90.404986,"Arif pharmacy , ga, 188/3 miabari, wireless mohakhali Dhaka 1212",1212,https://foodpanda.com.bd/restaurant/bk89/tawfees-kitchen
qs8v,77601,Deshi Dine Hub,,Dhaka,Middle Badda,0.71,Curry|Bangladeshi|Asian,0.0,0,50.0,0.0,0.0,23.7824099,90.4336592,"লবিক টাওয়ার,  429 Happy House, badda, 1212 বাড্ডা, ঢাকা, Bangladesh",1212,https://foodpanda.com.bd/restaurant/qs8v/deshi-dine-hub
gml3,103743,Korean Grill,,Dhaka,Link Road,1.34,Snacks|Rice Dishes|Soups|Noodles|Korean|Asian,4.0,18,50.0,0.0,35.0,23.7935487,90.4226625,"Kh/68,Santi Society, Shajadpur, Gulshan 2,Dhaka 1212.",1212,https://foodpanda.com.bd/restaurant/gml3/korean-grill
s4jh,3404,Thai Express,Food Village,Dhaka,Link Road,1.34,Rice Dishes|Beverage|Indian|Asian|Fast Food,4.1,2806,50.0,0.0,0.0,23.7935487,90.4226625,"KH/67, Shanti Society, bashtola Shahjadpur Gulshan - 2, 1212",1212,https://foodpanda.com.bd/restaurant/s4jh/thai-express-s4jh
od8l,103748,Chinese Delight,,Dhaka,Link Road,1.34,Rice Dishes|Fast Food,4.2,18,50.0,0.0,35.0,23.7935487,90.4226625,"Kh/68,Santi Society, Shajadpur, Gulshan 2,Dhaka 1212.",1212,https://foodpanda.com.bd/restaurant/od8l/chinese-delight
q24v,79014,Chattgaiya Cuisine,,Dhaka,Link Road,1.32,Curry|Rice Dishes,0.0,0,50.0,0.0,0.0,23.79332954,90.42363237,"House - Kha-39, Shahjadpur Jame Masjid Road, Shahjadpur, Gulshan",1212,https://foodpanda.com.bd/restaurant/q24v/chattgaiya-cuisine
e45a,77690,Ranna Ghor Express,,Dhaka,Mohakhali,0.16,Curry|Rice Dishes|Fish|Seafood|Bangladeshi|Asian,2.7,113,50.0,0.0,35.0,23.77667204,90.40535534,7 tala i p h school road Beside I P H school,1213,https://foodpanda.com.bd/restaurant/e45a/ranna-ghor-express
s7vk,4598,Cheez - Banani,Cheez,Dhaka,Gulshan 2,0.29,Italian|Mediterranean|Pizza|Western,4.9,9263,50.0,0.0,0.0,23.79012075,90.4090568,"Navana Rowshan Sayed plaza
House -47,
Lift- 2 
Road-11
Block - H 
Banani - 1213",1213,https://foodpanda.com.bd/restaurant/s7vk/cheez-banani
pr6c,58548,King of Korea,King of Korea,Dhaka,Link Road,1.35,Rice Dishes|Korean|Asian,3.2,163,50.0,0.0,0.0,23.7935947,90.4228098,"Gulshan 2,  House- 67/kha, Shahjadpur (Santi Society), Gulshan-2, Dhaka-1212.",1212,https://foodpanda.com.bd/restaurant/pr6c/king-of-korea
hlup,45988,Seoul Street,Korean Bulgogi Bar,Dhaka,Link Road,1.35,Korean|Asian,4.1,168,50.0,0.0,0.0,23.7936269,90.4227081,"Kha-66 Shanti Society ( Beside of Indian Embassy & Body Shave Zone Goli, Gulshan-2 Dhaka-1212",1212,https://foodpanda.com.bd/restaurant/hlup/seoul-street
awgw,75980,Azuki,,Dhaka,Gulshan 2,0.29,Sushi|Rice Dishes|Japanese|Asian,3.0,8,50.0,0.0,0.0,23.7901025,90.4089721,"1st Floor, House 47, Road 11, Banani 1213 Dhaka",1213,https://foodpanda.com.bd/restaurant/awgw/azuki
t7sq,9070,Cilantro Pizzeria,,Dhaka,Gulshan 2,0.35,Italian|Beverage|Mediterranean|Pizza|Western,4.0,8,50.0,0.0,0.0,23.7893696,90.4082087,"House - 52, Road - 12/A, Block - H, Banani",1213,https://foodpanda.com.bd/restaurant/t7sq/cilantro-pizzeria
a50n,78160,La Pino'S,,Dhaka,Middle Badda,0.87,Healthy,0.0,0,50.0,0.0,0.0,23.78652612,90.43246105,"House#11, Lane#7, 1212 Badda, Dhaka, Bangladesh",1212,https://foodpanda.com.bd/restaurant/a50n/la-pinos
idsk,36224,Sushi Season,Sushi Season,Dhaka,Baridhara,1.35,Snacks|Rice Dishes,4.2,319,50.0,0.0,0.0,23.7936705,90.42268345,"House: Kha/67, Santi Society, Gulshan- 2, Dhaka- 1212.",1212,https://foodpanda.com.bd/restaurant/idsk/sushi-season
bgat,68768,New Cafe Bismillah Biryani House,New Cafe Bismillah Biryani House,Dhaka,Mohakhali,0.17,Rice Dishes|Indian|Biryani|Asian,2.4,940,50.0,0.0,0.0,23.7765824,90.4052932,"IPH School Road, Mohakhali , Dhaka",1212,https://foodpanda.com.bd/restaurant/bgat/new-cafe-bismillah-biryani-house
dt7j,41594,Thai Times,Thai Times,Dhaka,Baridhara,1.35,Rice Dishes|Noodles|Asian|Thai,4.0,454,50.0,0.0,0.0,23.79367895,90.42270495,"House no# 69 (Opposite of Mobarak Telecom), Body Shape Zone Gali, Gulshan 2",1212,https://foodpanda.com.bd/restaurant/dt7j/thai-times
ijdn,36220,Kimchi Season,ijdn	Kimchi Season,Dhaka,Baridhara,1.35,Korean|Asian,4.4,290,50.0,0.0,0.0,23.7936852,90.4226947,"House: Kha/67, Santi Society, Gulshan- 2, Dhaka- 1212.",1212,https://foodpanda.com.bd/restaurant/ijdn/kimchi-season
nz09,68301,Bowls Spot,,Dhaka,Baridhara,1.35,Rice Dishes,3.8,127,50.0,0.0,0.0,23.7936866,90.42272535,"kh14,Shajadpur, Santi Society Near Moabak Telecom,Gulshan 2
1212",1212,https://foodpanda.com.bd/restaurant/nz09/bowls-spot
ffx6,64131,Al Nur Biryani House,Al Nur Biryani House,Dhaka,Mohakhali,0.17,Rice Dishes|Indian|Biryani|Bangladeshi|Asian,3.3,2434,50.0,0.0,0.0,23.77661,90.405251,"mohakhali 7tola iph schoole road, banani , dhaka
beaside of bmrc",1213,https://foodpanda.com.bd/restaurant/ffx6/al-nur-biryani-house-ffx6
h69y,37659,Chinese Foodie,Chinese Foodie,Dhaka,Baridhara,1.34,Curry|Rice Dishes|Noodles|Chinese|Asian|Fast Food,3.6,291,50.0,0.0,0.0,23.7937167,90.42268615,"67/Kha, Santi Society (Beside Indian Embassy), bady shape zone er goli, Gulshan-2, Dhaka 1212",1212,https://foodpanda.com.bd/restaurant/h69y/chinese-foodie
pb2x,71396,Thai Town,,Dhaka,Baridhara,1.35,Curry|Rice Dishes|Chinese|Asian,3.8,66,50.0,0.0,0.0,23.7936967,90.4227778,"kh/67,shanti society,bustola gulashan-2",1212,https://foodpanda.com.bd/restaurant/pb2x/thai-town-pb2x
d12c,67243,Korean B.B.Q House,,Dhaka,Baridhara,1.34,Rice Dishes|Korean|Asian,3.9,165,50.0,0.0,0.0,23.7937315,90.42273305,"kha,67 Shanti society(beside Indian high commission),Bashtala ,Gulshan2",1212,https://foodpanda.com.bd/restaurant/d12c/korean-b-b-q-house
s0wg,59,Tastebud Banani,Tastebud,Dhaka,Gulshan 2,0.33,Cakes|Dessert|Doi|Fast Food,4.9,6344,50.0,0.0,45.0,23.7895055,90.4081581,"House No # 52,Road No # 12/a , Block -H",1213,https://foodpanda.com.bd/restaurant/s0wg/tastebud-banani
vjj5,46460,Roosters Peri Peri-Banani,Roosters Peri Peri,Dhaka,Gulshan 2,0.26,Snacks,4.9,1983,50.0,0.0,0.0,23.7903093,90.40864975,"house 39, road 11,  block H, Subastu Jahanara Square 2nd Floor",1213,https://foodpanda.com.bd/restaurant/vjj5/roosters-peri-peri-banani
wjxg,78815,Biriyanir Boithok,,Dhaka,Link Road,1.34,Rice Dishes|Indian|Biryani|Asian,3.8,16,50.0,0.0,0.0,23.7934049,90.42547811,"Shahjadpur, G P Ga 27/1 baitun nur jame mosjid 30 akor mosjid er pashe, 1212 Vatara, Dhaka, Bangladesh",1212,https://foodpanda.com.bd/restaurant/wjxg/biriyanir-boithok
crwf,124364,Momo Mela,,Dhaka,Baridhara,1.3,Snacks|Chinese|Bangladeshi|Asian|Dumpling,0.0,0,50.0,0.0,35.0,23.7942909,90.4231781,bashtola road,1212,https://foodpanda.com.bd/restaurant/crwf
sntl,108188,Maa Er Hath Er Ranna,,Dhaka,Jagannathpur,1.34,Curry|Rice Dishes,0.0,0,50.0,0.0,35.0,23.79369836,90.42521801,"বায়তুল নূর স্বামী মসজিদ এর পাশের গেট, শাহজাদপুর, বাড্ডা, 2nd Floor. Baitoonnur jame Moshjid er pasher Gate, 1212 গুলশান ২, ঢাকা, Bangladesh",1212,https://foodpanda.com.bd/restaurant/sntl/maa-er-hath-er-ranna
dxml,105805,Momo Wala,,Dhaka,Baridhara,1.32,Snacks|Chinese|Bangladeshi|Asian|Dumpling,0.0,0,50.0,0.0,35.0,23.7942317,90.423549,"Sahazadpur Bashtola, Beside of Indian High Commission Emmabsy, Gulshan-2",1212,https://foodpanda.com.bd/restaurant/dxml
sn0w,80923,Imran Food Valley,,Dhaka,Merul Badda,0.44,Snacks|Curry|Rice Dishes,0.0,0,50.0,0.0,0.0,23.777765,90.434547,"Bakul Nessa (B.N.) High School opposite side, Hazi Jawab Ali Nawab Ali Road, Purba Badda, Dhaka 1212",1212,https://foodpanda.com.bd/restaurant/sn0w/imran-food-valley
jkk8,81682,Naval Point - Gulshan,Naval Point,Dhaka,Gulshan 2,0.69,Seafood,4.8,322,50.0,0.0,0.0,23.79412324,90.41431336,"Plot - 33, Road - 46, (Opposite of American Burger), Gulshan-2, Dhaka - 1212",1212,https://foodpanda.com.bd/restaurant/jkk8/naval-point-gulshan
oewu,75985,Thai Momo,,Dhaka,Baridhara,1.28,Asian|Fast Food|Thai,4.9,58,50.0,0.0,35.0,23.7944609,90.4231517,"Sahazadpur Bashtola, Beside of Indian High Commission Embassy, Gulshan-2",1212,https://foodpanda.com.bd/restaurant/oewu/thai-momo
ylmb,109095,My Home kitchen,,Dhaka,Wireless Gate,0.1,Snacks|Curry|Rice Dishes|Dessert|Bangladeshi|Asian,4.3,17,50.0,0.0,35.0,23.7793639,90.4036859,"মহাখালী হাজারি বাড়ি পশু হসপিটালের ছোট মসজিদ, জি. পি.গ ১২১ নং বাসা Mohakhali hajari bari choto mosjid er samne জি.পি.গ ১২১নং বাসা, 1213 Banani, Dhaka, Bangladesh",1213,https://foodpanda.com.bd/restaurant/ylmb
fe5s,98911,Momo House,,Dhaka,Baridhara,1.29,Snacks|Chinese|Asian|Dumpling,3.0,5,50.0,0.0,35.0,23.79448,90.4232564,"Shahzadpur, Bashtola 
High Commission of Indian Embassy beside",1212,https://foodpanda.com.bd/restaurant/fe5s
k6tx,93039,Mother's bhorta kitchen,,Dhaka,Mohakhali,0.23,Bangladeshi|Asian,0.0,0,50.0,0.0,0.0,23.77673322,90.40417751,"7 IPH Mosque Rd, IPH Mosque Rd 7, 1212 Gulshan 1, Dhaka, Bangladesh",1212,https://foodpanda.com.bd/restaurant/k6tx/mothers-bhorta-kitchen
os2g,77096,Karaachi Dastarkhwan,,Dhaka,Gulshan 2,0.21,Turkish|Kebab|Middle Eastern,4.4,92,50.0,0.0,35.0,23.7905967,90.4078082,"Plot #67/D (6th Floor, Green Deluxe, Road No. 11, Dhaka 1213",1213,https://foodpanda.com.bd/restaurant/os2g/karaachi-dastarkhwan
qr7f,75910,New King Kitchen,,Dhaka,Gulshan 2,0.81,Snacks|Burgers|Western,3.8,29,50.0,0.0,0.0,23.7947172,90.4153636,"shop no-101, shop -101 dncc gulshan 2 kacha bazar",1212,https://foodpanda.com.bd/restaurant/qr7f/new-king-kitchen
rw6v,76125,Cp Five Star - Happy Food Corner - Shahjadpur,CP Five Star,Dhaka,Jagannathpur,1.28,Chicken|Meat|Fast Food|Fried Chicken,4.7,133,50.0,0.0,0.0,23.7941073,90.4254946,"Kabarsthan, 963, Khilbarirtek, Shahjadpur, Rd - 8/C, Dhaka 1212",1212,https://foodpanda.com.bd/restaurant/rw6v/cp-five-star-happy-food-corner-shahjadpur
r8jh,28139,Hungry Rooster,Hungry Rooster,Dhaka,Gulshan 2,0.16,Chicken|Snacks|Meat|Fried Chicken,4.7,1464,50.0,0.0,0.0,23.79201204,90.40922884,"House #90, Road # 17A, Block E, Banani, Dhaka -1213,",1213,https://foodpanda.com.bd/restaurant/r8jh/hungry-rooster
fylf,70768,Clean Cravings - Banani,Clean Cravings,Dhaka,Gulshan 2,0.15,Chicken|Rice Dishes|Meat,4.8,624,50.0,0.0,0.0,23.7920464,90.4092342,"House-90 Road No. 17A,  Banani ,Dhaka 1213",1211,https://foodpanda.com.bd/restaurant/fylf/clean-cravings-banani
ohts,76302,Ghorer Khabar,,Dhaka,Wireless Gate,0.07,Curry|Bangladeshi|Asian,4.2,7,50.0,0.0,0.0,23.7794161,90.4032805,mohakhali wireless gate 120 number House,1212,https://foodpanda.com.bd/restaurant/ohts/ghorer-khabar-ohts
v624,79037,Suruchi Khabar Ghor - Gulshan 2,,Dhaka,Gulshan 2,0.64,Curry|Rice Dishes|Bangladeshi|Asian,4.7,376,50.0,0.0,0.0,23.79454235,90.41370035,House-15 Borun Bhaban Market Gulshan-2 Circle Dhaka-1212,1212,https://foodpanda.com.bd/restaurant/v624/suruchi-khabar-ghor-gulshan-2
oniu,79353,Aroth Kitchen,,Dhaka,Gulshan 2,0.71,Curry|Rice Dishes,0.0,0,50.0,0.0,0.0,23.7947536,90.4143085,Gulshan 2,1212,https://foodpanda.com.bd/restaurant/oniu/aroth-kitchen
cbka,78773,Healthy And Tasty Food,,Dhaka,Gulshan 2,0.71,Snacks|Rice Dishes|Bangladeshi|Asian,0.0,0,50.0,0.0,0.0,23.7947536,90.4143085,"53/ 1 gha dinnath sen road gendaria, near sahdona oushodaloy.",1212,https://foodpanda.com.bd/restaurant/cbka/healthy-and-tasty-food-cbka
fa88,77371,Doner's,,Dhaka,Gulshan 2,0.13,Wraps|Middle Eastern,4.7,130,50.0,0.0,0.0,23.79137579,90.40789633,"House - 134, Road - 13E, Block - E, Same Building of Shawarma N Kathiroll, Near Waffle Up - Banani, Banani, Dhaka - 1213",1213,https://foodpanda.com.bd/restaurant/fa88/doners
krv8,71903,Shawarma N Katiroll,,Dhaka,Gulshan 2,0.13,Middle Eastern|Shawarma|Fast Food,4.8,669,50.0,0.0,0.0,23.7913392,90.4077514,"House:134, Road-12, Block-E Banani Model town",1211,https://foodpanda.com.bd/restaurant/krv8/shawarma-n-katiroll
nb6o,76329,Premium Bakers,,Dhaka,Middle Badda,1.22,Bakery,0.0,0,50.0,0.0,0.0,23.7905055,90.4318578,"28/5, Road-3, Beside of Jann Garments-2, Abdullah bag, Uttar Badda, Dhaka-1212",1212,https://foodpanda.com.bd/restaurant/nb6o/premium-bakers
kqpz,92201,Tiffin Time,,Dhaka,Mohakhali,0.31,Bangladeshi|Asian,0.0,0,50.0,0.0,0.0,23.7771031,90.4031632,"আইপিএইচ মসজিদ রোড, আইপিএইচ মসজীদ রোড, আইপিএইচ মন্দিরের ঠিক অপজিটে, বাসা নংঃ ৪৩/২ QCG3+V6P, IPH Mosque Rd, Dhaka 1212, 1212 বনানী, ঢাকা, Bangladesh",1212,https://foodpanda.com.bd/restaurant/kqpz/tiffin-time-kqpz
duf4,70032,Fruitsicles - Banani,Fruitsicles - Banani,Dhaka,Gulshan 2,0.16,Dessert,4.9,263,50.0,0.0,0.0,23.79286714,90.40931117,"Jatra Bangladesh Ltd. Ground Floor, Road - 19/A Ground Floor, Back Side of Prime Bank Ltd. Banani, Dhaka - 1213",1213,https://foodpanda.com.bd/restaurant/duf4/fruitsicles-banani
u81j,119843,Doner Lounge,,Dhaka,Gulshan 2,0.63,Wraps|Chicken|Meat|Fast Food,4.8,32,50.0,0.0,35.0,23.79492095,90.4133941,"Rangpur goli, Elegant tower, Gulshan 2.",1212,https://foodpanda.com.bd/restaurant/u81j/doner-lounge
sled,77289,Jatra Biroti,,Dhaka,Gulshan 2,0.17,Juice Corner|Snacks|Rice Dishes|Beverage|Dessert|Bangladeshi|Asian,4.9,53,50.0,0.0,0.0,23.7929628,90.4093668,"Jatra Biroti, Road No. 17/A 63 House No. 63, Road No. 17/A, Block E, Banani, Dhaka, Bangladesh., 1212 Banani, Dhaka, Bangladesh",1212,https://foodpanda.com.bd/restaurant/sled/jatra-biroti-sled
qrac,70509,Sizzlin' Steak,,Dhaka,Gulshan 2,0.16,Snacks|Rice Dishes|Western,4.0,66,50.0,0.0,35.0,23.7912192,90.4071818,"House No-57, Road-13, Block-E, Banani, Dhaka-1213",1212,https://foodpanda.com.bd/restaurant/qrac/sizzlin-steak
lpyg,104011,Happy Potato Bangladesh - Gulshan 2,,Dhaka,Gulshan 2,0.61,Chicken|Snacks|Meat,4.5,215,50.0,0.0,35.0,23.7949338,90.4132265,"Ground Floor, Elegant Tower,53 Gulshan Ave, Dhaka 1212",1212,https://foodpanda.com.bd/restaurant/lpyg/happy-potato-bangladesh-gulshan-2
fo8z,78070,Chino Bakery & Pastry,,Dhaka,Gulshan 2,0.05,Cakes|Snacks|Sandwiches|Dessert|Western,3.7,5,50.0,0.0,0.0,23.7920848,90.4080467,"Rd 12 House 42 1st Floor,  House-42, Road-12, Block-E, Banani, Dhaka 1213, 1213 Banani, Dhaka, Bangladesh",1213,https://foodpanda.com.bd/restaurant/fo8z/chino-bakery-and-pastry
j4w2,74014,Coffee And,,Dhaka,Gulshan 2,0.05,Snacks|Beverage,4.6,155,50.0,0.0,0.0,23.79208221,90.40804174,"House - 42, Road - 12, Block - E, Banani",1213,https://foodpanda.com.bd/restaurant/j4w2/coffee-and
cmw0,78223,GreenBean - Tejgaon,,Dhaka,Nabisco,0.31,Snacks,0.0,0,50.0,0.0,0.0,23.7710902,90.4059871,"The Garage Food Court, 222, Bir Uttam Mir Shawkat Sarak, Gulshan - Tejagon Link Road, Tejgaon",1208,https://foodpanda.com.bd/restaurant/cmw0/greenbean-tejgaon
c376,77429,Pizzolo Caffe,,Dhaka,Gulshan 2,0.59,Italian|Mediterranean|Pizza|Western,4.5,160,50.0,0.0,35.0,23.7949395,90.4129205,"Block–NW, Road–52 & 46, Circle, Elegant Tower, Plot No, 42 Gulshan North Ave, Dhaka 1212",1212,https://foodpanda.com.bd/restaurant/c376/pizzolo-caffe
n5sf,70526,Teriyaki Boy,,Dhaka,Gulshan 2,0.15,Japanese|Asian,4.8,386,50.0,0.0,35.0,23.7913235,90.4070209,"House No-57, Road-13, Block-E, Banani, Dhaka-1213",1213,https://foodpanda.com.bd/restaurant/n5sf/teriyaki-boy
oo3u,69436,BACHELOR'S EXPRESS,,Dhaka,Gulshan 2,0.6,Snacks|Italian|Mediterranean|Pizza|Western,4.8,411,50.0,0.0,0.0,23.79501665,90.4129736,"Road-52, Gulshan-2,(ADJACENT TO DIPLOMATIC POLICE ZONE OFFICE), Dhaka 1212",1212,https://foodpanda.com.bd/restaurant/oo3u/bachelors-express
xrw0,124493,Sadeeq Agro,,Dhaka,Gulshan 2,0.6,Snacks|Rice Dishes|Middle Eastern|Shawarma|Dessert,1.4,27,50.0,0.0,35.0,23.7950453,90.4129723,"Sadeeq Agro Gulshan - 2,  Sadeeq Agro, R#52, H#48, Opposite building of Lavender,  Gulshan 2, Dhaka - 1212, Bangladesh",1212,https://foodpanda.com.bd/restaurant/xrw0/sadeeq-agro
jzmv,75358,Fuchka Mama,,Dhaka,Gulshan 2,0.66,Chotpoti & Fuchka|Bangladeshi|Asian,4.6,78,50.0,0.0,0.0,23.79528775,90.4135305,"Gulshan Tower, Rd 53 Gulshan 2 Gulshan tower, 1212 Gulshan 2, Dhaka, Bangladesh",1212,https://foodpanda.com.bd/restaurant/jzmv/fuchka-mama-jzmv
qovf,76242,Almajlis Arabian Restaurant,,Dhaka,Gulshan 2,0.62,Rice Dishes|Middle Eastern|Meat,4.9,334,50.0,0.0,0.0,23.79521092,90.41307597,"House - 27, Faisal Tower, 2nd floor, North C/A, Road - 52, Gulshan - 2",1212,https://foodpanda.com.bd/restaurant/qovf/almajlis-arabian-restaurant
astx,41208,Indulge - Unimart Gulshan 2,Indulge,Dhaka,Gulshan 2,0.84,Beverage|Cafe,4.9,517,50.0,0.0,0.0,23.7958802,90.4151423,"Gulshan Central Point, House#23-26, Road#90-91, Gulshan 2, Dhaka 1212",1212,https://foodpanda.com.bd/restaurant/astx/indulge-unimart-gulshan-2
o2js,78097,Pizza Town Gulshan,,Dhaka,Gulshan 2,0.67,Snacks|Italian|Mediterranean|Pizza|Western,0.0,0,50.0,0.0,0.0,23.79545747,90.41350908,"In Front of Gulshan Centre Point, Plot 31 Gulshan North Ave, Dhaka 1212",1212,https://foodpanda.com.bd/restaurant/o2js/pizza-town-gulshan
zmik,41204,Greens & Seeds -  Chef's Table Gulshan 2,Greens & Seeds,Dhaka,Gulshan 2,0.82,Healthy,4.7,1424,50.0,0.0,35.0,23.79592185,90.41497645,"Gulshan Central Point, House#23-26, Road#90-91, Gulshan 2, Dhaka 1212",1212,https://foodpanda.com.bd/restaurant/zmik/greens-and-seeds-chefs-table-gulshan-2
olau,77816,Alfredough - Chef's Table Gulshan 2,Alfredough ,Dhaka,Gulshan 2,0.83,Italian|Mediterranean|Pizza|Western,4.9,62,50.0,0.0,0.0,23.79593365,90.4150077,"Gulshan Centre Point, House - 23-26, Road - 90-91, Gulshan 2",1212,https://foodpanda.com.bd/restaurant/olau/alfredough-chefs-table-gulshan-2
ged9,77042,H&N Juice Shack,,Dhaka,Gulshan 2,0.91,Juice Corner|Beverage,0.0,0,50.0,0.0,0.0,23.7962431,90.4157266,"Rd 90 2 House 2 Road 90 Gulshan 2 Dhaka-1212, Dhaka-1212 Gulshan 2, Dhaka, Bangladesh",Dhaka-1212,https://foodpanda.com.bd/restaurant/ged9/handn-juice-shack
s2yv,3355,Istanbul Restaurant Dhaka,,Dhaka,Gulshan 2,0.69,Turkish|Kebab|Rice Dishes|Italian|Middle Eastern|Mediterranean|Pizza|Western,4.9,140,50.0,0.0,0.0,23.79581158,90.41355565,"House - 10, Road - 53, Gulshan 2",1212,https://foodpanda.com.bd/restaurant/s2yv/istanbul-restaurant-dhaka
vyi8,49896,Burger Xpress - Banani,Burger xpress,Dhaka,Gulshan 2,0.04,Burgers|Western|Fast Food,4.8,27587,50.0,0.0,0.0,23.79286059,90.40787773,"House-33, Road-17, Block-E, Abdul Alim Nakib Road, Banani kacha bazar er pichone.",1213,https://foodpanda.com.bd/restaurant/vyi8/burger-xpress-banani
s8tz,3141,Indian Kitchen - Gulshan 2,,Dhaka,Gulshan 2,0.12,Indian|Asian,4.4,393,50.0,0.0,0.0,23.79198519,90.40681954,"House 22, road 13/c, Block E, Banani",1212,https://foodpanda.com.bd/restaurant/s8tz/indian-kitchen-gulshan-2
hpuz,30209,Hungry Pizza Lovers - Banani,,Dhaka,Gulshan 2,0.08,Snacks|Italian|Mediterranean|Pizza|Western|Fast Food,3.5,52,50.0,0.0,0.0,23.7922664,90.4070687,"house 22, read 13c , block e, Banani, near by Turkish bazaar restaurant and pinewood café.",1205,https://foodpanda.com.bd/restaurant/hpuz/hungry-pizza-lovers-banani
s6vq,2208,Hungry Pizza Lovers,,Dhaka,Gulshan 2,0.08,Snacks|Italian|Mediterranean|Pizza|Western|Fast Food,3.5,177,50.0,0.0,0.0,23.7922933,90.4070817,"house 22, read 13c , block E, Banani, near by Turkish bazaar restaurant and pinewood Café.",1212,https://foodpanda.com.bd/restaurant/s6vq/hungry-pizza-lovers
s9nr,1720,Cafe Mario's,Cafe Mario's,Dhaka,Gulshan 2,0.08,Mexican|Western|Fast Food,4.2,446,50.0,0.0,0.0,23.7922731,90.40704955,"House- 22, Road 13/c, Block-E, Turkish bazaar restaurant, Banani.",1213,https://foodpanda.com.bd/restaurant/s9nr/cafe-marios
q8jt,30210,Indian Kitchen -Banani,Indian Kitchen -Banani,Dhaka,Gulshan 2,0.08,Curry|Indian|Asian,4.6,633,50.0,0.0,0.0,23.79226165,90.4070363,"Banani Model Town, House#22, Road#13-c, Block E, Beside Tea Garage",1205,https://foodpanda.com.bd/restaurant/q8jt/indian-kitchen-banani
rfaa,30213,Thai Bistro - Banani,Thai Bistro - Banani,Dhaka,Gulshan 2,0.08,Rice Dishes|Asian|Thai,4.7,347,50.0,0.0,0.0,23.79224995,90.4070224,"Banani Model Town, House#22, Road#13-c , Block E, Beside Turkish Restaurant",1205,https://foodpanda.com.bd/restaurant/rfaa/thai-bistro-banani
s3lj,4869,Thai Bistro - Gulshan 2,Thai Bistro - Gulshan 2,Dhaka,Gulshan 2,0.08,Chicken|Snacks|Meat|Chinese|Asian|Fast Food,4.5,785,50.0,0.0,0.0,23.7922728,90.4070419,"house 22, road 13/c , block E, near by Turkish bazaar restaurant, Banani",1212,https://foodpanda.com.bd/restaurant/s3lj/thai-bistro-gulshan-2
tqou,30208,Cafe Mario's - Banani,Cafe Mario's - Banani,Dhaka,Gulshan 2,0.08,Mexican|Western|Fast Food,4.6,119,50.0,0.0,0.0,23.7922877,90.407033,"House- 22, Road 13/c,  Block-E, Near Prescription Point and Turkish Bazaar, Banani.",1205,https://foodpanda.com.bd/restaurant/tqou/cafe-marios-banani
bneh,73546,Japanese Sushi House,,Dhaka,Gulshan 2,0.08,Snacks|Japanese|Asian,4.3,8,50.0,0.0,0.0,23.7922747,90.40701295,"House 22, Road13/c, Block E, Banani",1213,https://foodpanda.com.bd/restaurant/bneh/japanese-sushi-house
s4vo,1531,Holey Bakery,Holey Bakery,Dhaka,Gulshan 2,0.7,Dessert|Fast Food|Bakery,5.0,12140,50.0,0.0,0.0,23.79600005,90.4135142,"153/a rangs arcade,Gulshan North Avenue,Gulshan 2",1212,https://foodpanda.com.bd/restaurant/s4vo/holey-bakery
ovjz,77854,Rice & Salad Bowls,,Dhaka,Gulshan 2,0.1,Snacks,3.7,35,50.0,0.0,0.0,23.79226845,90.40687795,"House -22, Road-13/C, Block -E, BANANI",1213,https://foodpanda.com.bd/restaurant/ovjz/rice-and-salad-bowls
xq4t,65821,Couch Potato,,Dhaka,Chairman Bari,0.19,Snacks|Burgers|Western|Fast Food,4.6,324,50.0,0.0,0.0,23.78572511,90.40236208,"House - 68, Road - 1, Block - I, Opposite Road of Banani Club, Same Building of BUET Graduates Club Ltd. Banani, Dhaka - 1213",1213,https://foodpanda.com.bd/restaurant/xq4t/couch-potato
yyac,93003,Nastaai,,Dhaka,Chairman Bari,0.33,Snacks,0.0,0,50.0,0.0,0.0,23.7842274,90.40188079,"Casa De Sabina, Road 1/C, House 5,  Flat A7, 1213 Banani, Dhaka, Bangladesh",1213,https://foodpanda.com.bd/restaurant/yyac/nastaai
vwn5,77853,Chawkbazaar,,Dhaka,Gulshan 2,0.1,Rice Dishes,0.0,0,50.0,0.0,0.0,23.79265236,90.40687403,"House -22, Road-13/C, Block -E, BANANI",1213,https://foodpanda.com.bd/restaurant/vwn5/chawkbazaar
hyku,77855,Blink,,Dhaka,Gulshan 2,0.14,Dessert,4.9,408,50.0,0.0,35.0,23.79229,90.4064567,"House -23, Road-10, Block -E, BANANI",1213,https://foodpanda.com.bd/restaurant/hyku/blink
su0r,77753,Pakka Radhuni,,Dhaka,Jagannathpur,1.06,Curry|Rice Dishes|Bangladeshi|Asian,1.4,7,50.0,0.0,0.0,23.7960927,90.426104,"“khanika”  28/a house and 1/a road  block j , baridhara 1212 Dhaka",1212,https://foodpanda.com.bd/restaurant/su0r/pakka-radhuni-su0r
mewc,75122,Uncle Bobo's,Uncle Bobo's,Dhaka,Banani,0.21,Fast Food,4.9,1407,50.0,0.0,0.0,23.7920074,90.4057971,"House-37, Road No. 15, Dhaka 1212",1213,https://foodpanda.com.bd/restaurant/mewc/uncle-bobos
cd4o,71691,Minis Dutch Pancakes,Minis Dutch Pancakes,Dhaka,Banani,0.2,Dessert,4.9,784,50.0,0.0,0.0,23.7920248,90.4057907,"House 37, Rd 15, Blk - D, Banani.",1213,https://foodpanda.com.bd/restaurant/cd4o/minis-dutch-pancakes
h99m,47327,Macher Jhol,,Dhaka,Chairman Bari,0.35,Curry|Fish|Seafood|Bangladeshi|Asian,4.0,31,50.0,0.0,0.0,23.78454944,90.40126581,"Banani road 2, at taqwa mosque  quarter, gandharaj building, 3rd floor",1213,https://foodpanda.com.bd/restaurant/h99m/macher-jhol
ficv,121442,Patuk Catering,,Dhaka,Jagannathpur,1.15,Bangladeshi|Asian,0.0,0,50.0,0.0,25.0,23.7941993,90.430805,"Mamun Villa, Akota Sorok একতা সড়ক,মারিয়া ডিপার্টমেন্ট এর ৪ তলা, নুরেরচালা মেইন রোড ,, 1212 ভাটারা, ঢাকা, Bangladesh",1212,https://foodpanda.com.bd/restaurant/ficv/patuk-catering
eexu,76849,Impetus Lounge,,Dhaka,Nabisco,0.33,Fish|Seafood|Burgers|Western|Fast Food,4.1,8,50.0,0.0,35.0,23.77057195,90.40384015,"Impetus Center, 242/B, Tejgaon - Gulshan Link Road, Tejgaon I/A",1212,https://foodpanda.com.bd/restaurant/eexu/impetus-lounge
hcbr,128402,Super Kitchen,,Dhaka,Jagannathpur,1.14,Bangladeshi|Asian,0.0,0,50.0,0.0,25.0,23.7942398,90.4312362,"Boat Ghat, Gerej Guli",1212,https://foodpanda.com.bd/restaurant/hcbr/super-kitchen-hcbr
l478,72930,MP Cafe,,Dhaka,Wireless Gate,0.41,Beverage|Cafe,0.0,0,50.0,0.0,0.0,23.782775,90.4003057,"Rd Number 2 14D House 14D. 2nd Floor. Block L. Road 2. Banani Dhaka, 1213 Banani, Dhaka, Bangladesh",1213,https://foodpanda.com.bd/restaurant/l478/mp-cafe
ei7o,78031,Dora's Kitchen,,Dhaka,Chairman Bari,0.28,Turkish|Kebab|Snacks|Middle Eastern,0.0,0,50.0,0.0,0.0,23.7883302,90.4020631,"The Precious, Road No. 3 111/A, 1213 Banani, Dhaka, Bangladesh",1213,https://foodpanda.com.bd/restaurant/ei7o/doras-kitchen
zspx,78129,Jusshh!,,Dhaka,Banani,0.07,Beverage|Cafe,0.0,0,50.0,0.0,0.0,23.7934011,90.4059966,Banani DNCC market Gate 02,1213,https://foodpanda.com.bd/restaurant/zspx/jusshh
dca0,77405,Cranky’s,,Dhaka,Banani DOHS,0.31,Chicken|Meat|Burgers|Western|Fried Chicken,4.7,371,50.0,0.0,0.0,23.7870791,90.400927,"House-298, Road no. 2, Banani, Chairman bari, Dhaka-1213",1213,https://foodpanda.com.bd/restaurant/dca0/crankys
w8ja,87326,Habanero,,Dhaka,Banani DOHS,0.3,Chicken|Meat|Fast Food,4.4,87,50.0,0.0,0.0,23.7871334,90.4009449,"House-298, Road no. 2, Banani, Chairman bari, Dhaka-1213",1213,https://foodpanda.com.bd/restaurant/w8ja/habanero-w8ja
nuhb,75707,Trippy - Banani,Trippy,Dhaka,Banani DOHS,0.3,Burgers|Western|Fast Food,3.5,35,50.0,0.0,0.0,23.7871099,90.4009163,"House-298, Road no. 2, Banani, Chairman bari, Dhaka-1213",1213,https://foodpanda.com.bd/restaurant/nuhb/trippy-banani
vk8f,76384,Rice Lover,,Dhaka,Chairman Bari,0.47,Snacks|Rice Dishes|Khichuri,4.0,107,50.0,0.0,0.0,23.7843934,90.4000049,"House- 36, Road- 02,  Lilly Valley 3rd Floor,  Amtoli Banani",1212,https://foodpanda.com.bd/restaurant/vk8f/rice-lover
x1rc,99824,HANDI TEHARI,,Dhaka,Chairman Bari,0.47,Curry|Rice Dishes|Khichuri,3.0,93,50.0,0.0,0.0,23.7843934,90.4000049,"House- 36, Road- 02, Lilly Valley 3rd Floor, Amtoli Banani, Dhaka, Bangladesh",1213,https://foodpanda.com.bd/restaurant/x1rc/handi-tehari
d4bd,71757,Dumpling Express by 6ix9,,Dhaka,Chairman Bari,0.47,Chinese|Asian,4.1,125,50.0,0.0,0.0,23.7843934,90.4000049,"House- 36, Road- 02,  Lilly Valley 3rd Floor,  Amtoli Banani",1212,https://foodpanda.com.bd/restaurant/d4bd/dumpling-express-by-6ix9
a7e9,71758,Hot n Fast by 6ix9,,Dhaka,Chairman Bari,0.47,Fast Food,4.6,70,50.0,0.0,0.0,23.7843934,90.4000049,"House- 36, Road- 02,  Lilly Valley 3rd Floor,  Amtoli Banani",1212,https://foodpanda.com.bd/restaurant/a7e9/hot-n-fast-by-6ix9
hmki,76232,Juice and More,,Dhaka,Chairman Bari,0.47,Juice Corner|Snacks|Beverage,3.5,89,50.0,0.0,0.0,23.7843934,90.4000049,"House- 36, Road- 02,  Lilly Valley 3rd Floor,  Amtoli Banani",1212,https://foodpanda.com.bd/restaurant/hmki/juice-and-more
at2g,71741,Sassy Slice by 6ix9,,Dhaka,Chairman Bari,0.47,Italian|Mediterranean|Pizza|Western,4.2,221,50.0,0.0,0.0,23.7843934,90.4000049,"House- 36, Road- 02,  Lilly Valley 3rd Floor,  Amtoli Banani",1212,https://foodpanda.com.bd/restaurant/at2g/sassy-slice-by-6ix9
sgj1,68886,Toasties,Toasties,Dhaka,Chairman Bari,0.47,Snacks|Sandwiches|Western,4.8,273,50.0,0.0,0.0,23.784408,90.4000018,"House# 36, Road# 2, Ground Floor, Amtoli, Banani,Dhaka-1213",1213,https://foodpanda.com.bd/restaurant/sgj1/toasties
d39q,127101,Brownie Hut - Banani,,Dhaka,Banani DOHS,0.3,Cakes|Dessert,4.2,9,50.0,0.0,35.0,23.7870965,90.4008733,"House 298 Road 2, Banani, Chairman Bari, Banani",1213,https://foodpanda.com.bd/restaurant/d39q/brownie-hut-banani
bmlt,74741,Pizza & Dumpling,,Dhaka,Chairman Bari,0.47,Snacks|Italian|Mediterranean|Pizza|Western,3.9,107,50.0,0.0,0.0,23.78445125,90.39999718,"House- 36, Road- 02,  Lilly Valley 3rd Floor,  Amtoli Banani",1212,https://foodpanda.com.bd/restaurant/bmlt/pizza-and-dumpling
i4pg,73433,WRAP HOBE?,,Dhaka,Chairman Bari,0.47,Snacks|Fast Food,4.7,60,50.0,0.0,0.0,23.78438,90.3999709,"House-36, Road-2, Amtoli, Banani-1213",1213,https://foodpanda.com.bd/restaurant/i4pg/wrap-hobe
av23,72792,The Dumpling Hut- Banani,The Dumpling Hut - Baily Road,Dhaka,Banani DOHS,0.3,Snacks|Chinese|Asian|Dumpling,4.5,427,50.0,0.0,0.0,23.787051,90.4007805,"House 298 Road 2, Banani, Chairman Bari,
Banani",1213,https://foodpanda.com.bd/restaurant/av23/the-dumpling-hut-banani
jrbf,77027,Seyam Biryani House - Mohakhali,,Dhaka,Wireless Gate,0.37,Bangladeshi|Asian,3.0,25,50.0,0.0,0.0,23.7805974,90.3994525,"Bir Uttam A K Khandakar Road, Back Side of Jol Khabar Restaurant, Aaamtoli, Mohakhali, Dhaka - 1212",1212,https://foodpanda.com.bd/restaurant/jrbf/seyam-biryani-house-mohakhali
cgzk,80392,The Crustfather,,Dhaka,Chairman Bari,0.48,Italian|Mediterranean|Pizza|Western,4.8,52,50.0,0.0,0.0,23.7843849,90.3998372,"Lily Vabon, Road no-2, Banani, Dhaka-1213.",1213,https://foodpanda.com.bd/restaurant/cgzk/the-crustfather
ki33,78222,GreenBean - Banani,,Dhaka,Banani,0.15,Snacks,2.7,17,50.0,0.0,0.0,23.7934729,90.4051384,"House - 31, Road - 17, Bir Uttam Aminul Haque Sarak, Banani",1213,https://foodpanda.com.bd/restaurant/ki33/greenbean-banani
mgt1,64360,Donerci - Flaming Doner,Donerci - Flaming Doner,Dhaka,Banani,0.28,Wraps,4.5,1624,50.0,0.0,0.0,23.7958413,90.4080213,"Block-k, House-8, road-27, banani, Dhaka-1213",1213,https://foodpanda.com.bd/restaurant/mgt1/donerci-flaming-doner
tc8d,75339,ParkView,,Dhaka,Banani,0.39,Snacks|Curry|Rice Dishes|Italian|Pasta|Mediterranean|Soups|Western,4.2,10,50.0,0.0,0.0,23.7918117,90.4033329,"West Park Inn, Rd No 13A Block C Building 90, West Park Inn hotel, 1213 Banani, Dhaka, Bangladesh",1213,https://foodpanda.com.bd/restaurant/tc8d/parkview
slbo,63356,Wrap & Roll,Wrap & Roll,Dhaka,Banani,0.21,Wraps|Snacks,4.6,1882,50.0,0.0,0.0,23.79321625,90.40460375,"Plot 27, Road 17, Banani C/A, Hotel Sarina",1213,https://foodpanda.com.bd/restaurant/slbo/wrap-and-roll
z2ix,78037,Sara's Kitchen,,Dhaka,Wireless Gate,0.48,Snacks|Chotpoti & Fuchka|Bangladeshi|Asian,0.0,0,50.0,0.0,0.0,23.77719891,90.39945,"Khonika loy, Rode.2/floor 5.B/home F28, 1216 Mirpur, Dhaka, Bangladesh",1216,https://foodpanda.com.bd/restaurant/z2ix/saras-kitchen-z2ix
nhwq,108190,Baked by Sadiah,,Dhaka,Wireless Gate,0.48,Dessert,0.0,0,50.0,0.0,35.0,23.777176,90.39945,"Zeal view, Dhanmondi 14 house no6/a, 1209 Dhanmondi, Dhaka, Bangladesh",1209,https://foodpanda.com.bd/restaurant/nhwq/baked-by-sadiah
yj29,104962,Lucky Kitchen,,Chittagong,Wireless Gate,0.48,Rice Dishes|Bangladeshi|Asian,0.0,0,50.0,0.0,35.0,23.777176,90.39945,"Mukut Building, Barrister College Road Jhimi Bhat Ghor, 4223 EPZ, Chittagong, Bangladesh",4223,https://foodpanda.com.bd/restaurant/yj29
pzds,50471,The Chocolate Room- Gulshan 2,The Chocolate Room,Dhaka,Banani,0.78,Beverage|Dessert|Fast Food,3.9,197,50.0,0.0,0.0,23.7981095,90.4125738,"1st Floor, Plot-2A, Block NW (H), Nasrin Casabella, Gulshan North Avenue, Gulshan-2",1212,https://foodpanda.com.bd/restaurant/pzds/the-chocolate-room-gulshan-2
aiup,76494,Nissin Ramen Bar,,Dhaka,Banani,0.13,Noodles|Japanese|Asian,3.0,17,50.0,0.0,0.0,23.7945926,90.405842,"Rd No # 21 58/B 58/B Road No # 21, Dhaka, 1213 Banani, Dhaka, Bangladesh",1213,https://foodpanda.com.bd/restaurant/aiup/nissin-ramen-bar
i0m6,68507,Ice Cream Lab - Gulshan 2,Ice Cream Lab,Dhaka,Banani,0.79,Ice Cream|Snacks|Beverage|Dessert,4.6,120,50.0,0.0,0.0,23.7982319,90.4125961,"Nasrin Casabella, Plot -2A, Block - NW(H), 1st Floor, Gulshan North Avenue, Gulshan-2, Dhaka-1212",1212,https://foodpanda.com.bd/restaurant/i0m6/ice-cream-lab-gulshan-2
eka1,76351,Oven,,Dhaka,Banani DOHS,0.4,Italian|Mediterranean|Pizza|Western|Fast Food,4.6,12,50.0,0.0,0.0,23.7915655,90.4027523,"House No-93, Road No-6, Block C, Banani., Dhaka",1213,https://foodpanda.com.bd/restaurant/eka1/oven-eka1
hj5c,76352,Chokka,,Dhaka,Banani DOHS,0.4,Beverage|Cafe,0.0,0,50.0,0.0,0.0,23.7915655,90.4027523,"House No-93, Road No-6, Block C, Banani., Dhaka",1213,https://foodpanda.com.bd/restaurant/hj5c/chokka
idn7,75918,Savoury,,Dhaka,Banani DOHS,0.2,Snacks|Curry|Rice Dishes|Soups,5.0,19,50.0,0.0,0.0,23.7898477,90.4014502,"House - 19, Road - 07, Block - F, Same Building of CLUB 9294, Near Banani Police Station, Banani, Dhaka - 1213",1213,https://foodpanda.com.bd/restaurant/idn7/savoury
lrmc,94289,Hot & Fresh Khichuri,,Dhaka,Middle Badda,1.47,Bangladeshi|Asian,0.0,0,50.0,0.0,0.0,23.78944034,90.43762427,"Monpura School and College , Satarkul Road , Uttar Badda, Dhaka-1212",1212,https://foodpanda.com.bd/restaurant/lrmc/hot-and-fresh-khichuri-lrmc
rar1,76735,Welkin Pastry,,Dhaka,Banani DOHS,0.32,Cakes|Beverage,3.2,8,50.0,0.0,0.0,23.7912529,90.4020376,Banani 11 beside of herfy,1213,https://foodpanda.com.bd/restaurant/rar1/welkin-pastry
lfxp,77484,Turkey Bliss,,Dhaka,Banani DOHS,0.28,Turkish|Kebab|Rice Dishes|Middle Eastern|Beverage,4.7,53,50.0,0.0,0.0,23.7910583,90.4016566,"Lift -2, H1, R11, Block-F, Banani",1211,https://foodpanda.com.bd/restaurant/lfxp/turkey-bliss
jnle,72437,Cocojoy,,Dhaka,Banani,0.29,Beverage,4.9,279,50.0,0.0,0.0,23.79363735,90.40377735,"House - 13, Tower A, Road - 17/C, Banani",1213,https://foodpanda.com.bd/restaurant/jnle/cocojoy
a3w2,79257,Cake Storys - Banani,Cake Story's,Dhaka,Banani DOHS,0.29,Cakes|Snacks|Dessert,4.8,201,50.0,0.0,0.0,23.79128888,90.4016333,"Plot-48, Block-C, Road-11, Banani",1340,https://foodpanda.com.bd/restaurant/a3w2/cake-storys-banani
ppt9,77560,Hazi Kacchi Dine Madani Avenue 100 feet,Hazi Kacchi Dine,Dhaka,Jagannathpur,0.76,Rice Dishes|Indian|Biryani|Asian,4.6,14,50.0,0.0,0.0,23.7980647,90.42852035,"Madani Avenue, 100 Feet Road, Notunbazar, Dhaka-1212",1212,https://foodpanda.com.bd/restaurant/ppt9/hazi-kacchi-dine-madani-avenue-100-feet
ivil,80792,Magix Bear,,Dhaka,Banani,0.37,Beverage|Cafe,4.6,53,50.0,0.0,0.0,23.79324485,90.40302568,"House - 72, Road - 6, Block - C, Banani",1213,https://foodpanda.com.bd/restaurant/ivil/magix-bear
s2ei,3422,Rosemary Restaurant,,Dhaka,Jagannathpur,0.74,Curry|Rice Dishes|Beverage,4.3,21,50.0,0.0,25.0,23.79845725,90.4280288,"Amin Uddin Khandoker Super Market, Madani Avenue, 100 Feet Road, Natun Bazar, Vatara, Dhaka 1212",1212,https://foodpanda.com.bd/restaurant/s2ei/rosemary-restaurant
ysnv,78246,Fuchkawala,,Chittagong,Nabisco,0.65,Chotpoti & Fuchka|Bangladeshi|Asian,0.0,0,50.0,0.0,0.0,23.7754003,90.39850754,"Ibrahim mention, Grand floor, 4203 Chawkbazar, Chittagong, Bangladesh",4203,https://foodpanda.com.bd/restaurant/ysnv/fuchkawala-ysnv
qnqp,78676,The Bakehouse - Cake & Pastry,,Dhaka,Banani,0.47,Snacks|Dessert,0.0,0,50.0,0.0,0.0,23.79332921,90.40201056,"House - 05, Lift - 02, Road - 17, Block - C, Near Prava Health, Banani, Dhaka - 1213",1213,https://foodpanda.com.bd/restaurant/qnqp/the-bakehouse-cake-and-pastry
dedh,79032,The Bakehouse,,Dhaka,Banani,0.46,Beverage|Cafe|Bakery,4.3,8,50.0,0.0,0.0,23.7934789,90.40207965,"House - 05, Lift - 02, Road - 17, Block - C, Near Prava Health, Banani, Dhaka - 1213",1213,https://foodpanda.com.bd/restaurant/dedh/the-bakehouse
n55o,78689,Bangkok Bites,,Dhaka,Banani,0.46,Chinese|Asian|Thai,4.9,44,50.0,0.0,35.0,23.79350985,90.4020888,"House - 05, Lift - 02, Road - 17, Block - C, Same Building of The Bakehouse, Banani, Dhaka - 1213",1213,https://foodpanda.com.bd/restaurant/n55o/bangkok-bites
jgl7,77577,Fish N Grill,,Dhaka,Baridhara,0.82,Turkish|Kebab|Curry|Middle Eastern|Beverage|Soups|Seafood,4.0,11,50.0,0.0,0.0,23.8001977,90.4118299,"Floor-2nd, House-175A, Road-61, Gulshan Avenue, Gulshan-2, Dhaka, Bangladesh",1212,https://foodpanda.com.bd/restaurant/jgl7/fish-n-grill
jsb6,76555,SammBakes,,Dhaka,Banani,0.62,Cakes|Dessert,5.0,11,50.0,0.0,35.0,23.7989364,90.4086047,"Road 58, House 3/A, Apt 5/A, Gulshan 2",1212,https://foodpanda.com.bd/restaurant/jsb6/sammbakes
xljj,82570,Baby's Kitchen,,Dhaka,Jagannathpur,0.65,Curry|Rice Dishes|Bangladeshi|Asian,0.0,0,50.0,0.0,0.0,23.8006614,90.4261523,"Notun Bazar,  Notunbazar, Sayednogor mandirgoli",1212,https://foodpanda.com.bd/restaurant/xljj/babys-kitchen
tk8o,77486,Relish and Savour,,Dhaka,Banani,0.65,Wraps|Dessert,0.0,0,50.0,0.0,0.0,23.7992791,90.4083609,"Primrose Garden,  House 4 Road 59 Appartment c1, 1212 Gulshan 2, Dhaka, Bangladesh",1212,https://foodpanda.com.bd/restaurant/tk8o/relish-and-savour
zgdc,96436,Brew-tea-ful,,Dhaka,Baridhara,0.35,Beverage|Cafe,0.0,0,50.0,0.0,0.0,23.80217745,90.41961396,"baridhara diplomatic zone, Road 4 / house 22/Block K-Baridhara Diplomatic zone, 1212 Gulshan 2, Dhaka, Bangladesh",1212,https://foodpanda.com.bd/restaurant/zgdc/brew-tea-ful
lq01,78350,BD Five Star (Right Choice Food) Nayanagar,,Dhaka,Jagannathpur,0.59,Chicken|Snacks|Meat|Fried Chicken,0.0,0,50.0,0.0,0.0,23.80127507,90.42641484,"Opposite Of UITS University, Nayanagar, Baridhara J Block< Dhaka",1212,https://foodpanda.com.bd/restaurant/lq01/bd-five-star-right-choice-food-nayanagar
niz4,82670,Chatni Restaurant,,Dhaka,Banani DOHS,0.53,Curry|Rice Dishes,1.7,6,50.0,0.0,0.0,23.7941165,90.400674,"102 New Airport Road, New Airport Road 102 West side of foot over bridge in Bananni Kakoli",1213,https://foodpanda.com.bd/restaurant/niz4/chatni-restaurant
d3jh,78528,Meetup Cafe and Restaurant,,Dhaka,Vatara,0.71,Snacks|Rice Dishes,1.9,8,50.0,0.0,0.0,23.797198,90.4363641,"Sayed nagar boro Masjid madrasa road., Sayed nagar, House 52 Sayed nagar society office samna, 1212 Vatara, Dhaka, Bangladesh",1212,https://foodpanda.com.bd/restaurant/d3jh/meetup-cafe-and-restaurant
s3ap,5934,Royal Treat - By Ascott Palace,,Dhaka,Baridhara,0.25,Chicken|Curry|Rice Dishes|Dessert|Meat|Asian,5.0,588,50.0,0.0,0.0,23.8035889,90.41996055,"Baridhara Diplomatic Zone, Road No. 6, House No. 14, Block K, Dhaka",1212,https://foodpanda.com.bd/restaurant/s3ap/royal-treat-by-ascott-palace
h2xb,78820,Maa Er Doya Restaurant,,Dhaka,Vatara,0.59,Snacks|Curry|Bangladeshi|Asian,4.5,59,50.0,0.0,0.0,23.7984375,90.4357817,"House # 87,Road#1, block A,Sayednogor, Vatara Notun Bazar Dhaka 1212",1212,https://foodpanda.com.bd/restaurant/h2xb/maa-er-doya-restaurant
bexx,81127,Thakumar Rannaghor,,Dhaka,Baridhara,0.3,Curry|Bangladeshi|Asian,0.0,0,50.0,0.0,0.0,23.804093,90.4152376,"Kaderabaad Housing , Rd no - 3 , House no- 4",,https://foodpanda.com.bd/restaurant/bexx/thakumar-rannaghor
pecb,78247,Suhaiba's Home Kitchen,,Dhaka,Baridhara,0.3,Curry|Rice Dishes,0.0,0,50.0,0.0,0.0,23.804093,90.4152376,"MUGDA modinabag, Mugda modinaba /58/31/3/B flat 112-w Mugda, 1214 Mugda, Dhaka, Bangladesh",1214,https://foodpanda.com.bd/restaurant/pecb/suhaibas-home-kitchen
fmfa,78208,Lahab,,Dhaka,Baridhara,0.31,Turkish|Kebab|Curry|Rice Dishes|Italian|Middle Eastern|Mediterranean|Pizza|Western,3.3,11,50.0,0.0,0.0,23.80424,90.415068,"Revive,road 71,house 9/D(Beside United Hospital)gulshan,dhaka",1212,https://foodpanda.com.bd/restaurant/fmfa/lahab
aaii,74523,East Bengal Coffee Roasters - Gulshan 2,East Bengal Coffee Roasters,Dhaka,Baridhara,0.57,Beverage|Cafe,4.6,27,50.0,0.0,0.0,23.80460215,90.4124212,House-4/D Neb Gulshan -2 Road-73 Gulshan - 2 Dhaka-1212,1212,https://foodpanda.com.bd/restaurant/aaii/east-bengal-coffee-roasters-gulshan-2
yccn,77558,Prime Patty,,Dhaka,Jagannathpur,0.36,Burgers|Western|Fast Food,4.9,6,50.0,0.0,0.0,23.8019791,90.4331595,"Taslima rashid villa-2, holding -515, Khondokar barir mor, vatara, notunbazar",1212,https://foodpanda.com.bd/restaurant/yccn/prime-patty
zc10,91588,King's Kacchi,,Dhaka,Baridhara,0.45,Bangladeshi|Asian,5.0,5,50.0,0.0,35.0,23.80892467,90.41700878,"Ka 43/3, Kalachandpur School Rd, Gulshan 2, Dhaka, Ka 43/3, Kalachandpur School Rd, 1212 Kalachadpur, Dhaka, Bangladesh",1212,https://foodpanda.com.bd/restaurant/zc10/kings-kacchi
n78u,77546,Taste Of Village,,Dhaka,Baridhara,0.55,Bangladeshi|Asian,0.0,0,50.0,0.0,0.0,23.8090473,90.4149297,"Road 96 1/A , House no 98 ,Kalachadpur, Poshchim para, Gulshan - 2, Dhaka",1212,https://foodpanda.com.bd/restaurant/n78u/taste-of-village
npox,77746,Salma Bhorta House,,Dhaka,Bashundhara R/A,0.48,Curry|Rice Dishes|Vegetarian,0.0,0,50.0,0.0,0.0,23.8094175,90.4207915,"Baridhara General Hospital Ltd,Kalachandpur Main Road, Dhaka 1212",1212,https://foodpanda.com.bd/restaurant/npox/salma-bhorta-house
rh7g,77469,Dreamy Creamy,,Dhaka,Baridhara,0.64,Chotpoti & Fuchka|Bangladeshi|Asian,0.0,0,50.0,0.0,0.0,23.8090371,90.4135796,1206 DOHS Bypass,1206,https://foodpanda.com.bd/restaurant/rh7g/dreamy-creamy
mjes,77232,Bharta Click & More,,Dhaka,Bashundhara R/A,0.54,Curry|Bangladeshi|Asian,0.0,0,50.0,0.0,0.0,23.8095352,90.4201678,"Kalachandpur Main Road nodda healthy world building /4th floor /Room 402, 1212 Gulshan 1, Dhaka, Bangladesh",1212,https://foodpanda.com.bd/restaurant/mjes/bharta-click-and-more
jgiz,77387,Food Express,,Dhaka,Vatara,1.38,Snacks|Rice Dishes|Beverage|Fast Food,0.0,0,50.0,0.0,0.0,23.7946386,90.4469973,"Dhaka International University, Satarkul Rd Dhaka International university",1212,https://foodpanda.com.bd/restaurant/jgiz/food-express-jgiz
a9ia,77719,Bhorta class & more,,Dhaka,Bashundhara R/A,0.54,Curry|Rice Dishes|Bangladeshi|Asian,4.8,10,50.0,0.0,0.0,23.8096395,90.4201432,"Kalachandpur Main Road Nadda kacha bazar road, 1212 Gulshan 2, Dhaka, Bangladesh",1212,https://foodpanda.com.bd/restaurant/a9ia/bhorta-class-and-more
a7m5,78075,Hazrat Shahjalal Chotpoti And Restaurant,,Dhaka,Bashundhara R/A,0.53,Beverage|Fast Food|Faluda,0.0,0,50.0,0.0,0.0,23.8098376,90.4202028,"K 7, Shahid Fazlul Haque Road, In front of Nabya Central Jame Mosque",1212,https://foodpanda.com.bd/restaurant/a7m5/hazrat-shahjalal-chotpoti-and-restaurant
boet,78065,Rumaisa's Kitchen,,Dhaka,Jamuna Future Park,0.48,Rice Dishes|Dessert,4.3,22,50.0,0.0,0.0,23.8103826,90.4200735,"Morol Bazar, Nadda, Shahid Fazlul Haq Rd, 1212 Gulshan 2, Dhaka, Bangladesh",1212,https://foodpanda.com.bd/restaurant/boet/rumaisas-kitchen
nxcv,111327,Healthy & Fresh Kitchen,,Dhaka,Jamuna Future Park,0.46,Curry,0.0,0,50.0,0.0,35.0,23.810684,90.4198822,"Nadda, Ka 7/3, 1212 Gulshan 1, Dhaka, Bangladesh",1212,https://foodpanda.com.bd/restaurant/nxcv/healthy-and-fresh-kitchen
lutm,88963,Fry Up,,Dhaka,Jamuna Future Park,0.49,Fast Food,0.0,0,50.0,0.0,0.0,23.8115484,90.4179687,"Mir Abdus Salam Villa, Flat B2 Besides Nadda Sarkarbari Water Pump -1, 1212 Gulshan 2, Dhaka, Bangladesh",1212,https://foodpanda.com.bd/restaurant/lutm/fry-up
ngid,76534,Lahore Express,,Dhaka,Vatara,1.57,Curry|Rice Dishes|Asian|Fast Food,0.0,0,50.0,0.0,0.0,23.795146,90.4499848,UIU university near,1212,https://foodpanda.com.bd/restaurant/ngid/lahore-express
wzdz,123262,TaAnas Culinary,,Dhaka,Jamuna Future Park,0.22,Snacks,0.0,0,50.0,0.0,35.0,23.8140318,90.41943917,"বারাকাহ নিবাস, 8th flour বারাকাহ নিবাস, জোয়ার সাহারা, হিমবাড়ি (হিমবাড়ি মসজিদের পর ২য় গলি), 1212 Vatara, Dhaka, Bangladesh",1212,https://foodpanda.com.bd/restaurant/wzdz/taanas-culinary
vloi,77889,Tiffin Hall,,Dhaka,Jamuna Future Park,0.55,Snacks|Chinese|Burgers|Western|Asian|Fast Food|Dumpling,3.2,30,50.0,0.0,0.0,23.8144214,90.4161363,"Lichu Bagan Rd 4 Ka 58, 4 , Lichu lichu bagan , Gulshan Degree College , Dhaka",1229,https://foodpanda.com.bd/restaurant/vloi/tiffin-hall
vgkh,102773,Rizq Catering,,Dhaka,Jamuna Future Park,0.53,Rice Dishes|Bangladeshi|Asian,0.0,0,50.0,0.0,0.0,23.8152807,90.4163525,"জোয়া সাহারা বাজার রোড, মেম্বার বাড়ির গেট, faruk molla কুরিল চৌরাস্তা থেকে জোয়া সাহারা বাজার রোড, 1229 ভাটারা, ঢাকা, Bangladesh",1229,https://foodpanda.com.bd/restaurant/vgkh/rizq-catering
jah4,75272,Wok Way - Chef's Table Courtside,Wok Way,Dhaka,Vatara,1.81,Snacks|Noodles|Chinese|Asian,4.4,8,50.0,0.0,25.0,23.7998938,90.454855,"Chef's Table Court Side, United City, Madani Avenue, Vatara",1212,https://foodpanda.com.bd/restaurant/jah4/wok-way-chefs-table-courtside
b4q9,76884,Al Zaatar Bd,,Dhaka,Vatara,1.8,Middle Eastern,0.0,0,50.0,0.0,0.0,23.80014764,90.45483964,"Chef's Table Courtside, United City, Madani Avenue, Vatara",1212,https://foodpanda.com.bd/restaurant/b4q9/al-zaatar-bd
rm3z,126576,Zain’s Homecook,,Dhaka,Mohakhali,0.07,,0.0,0,50.0,0.0,35.0,23.7782484,90.4065863,Mohakhali wireless gate GP Cha 85/2,1213,https://foodpanda.com.bd/restaurant/rm3z/zains-homecook
nwgx,129618,Zenith Bites,,Dhaka,Link Road,1.09,,0.0,0,50.0,0.0,35.0,23.79132933,90.42319106,"Bhola Jame Masjid, Gulshan-2, Bayzid Rd",1212,https://foodpanda.com.bd/restaurant/nwgx/zenith-bites
m7m7,128222,HIGH ON CHA,,Dhaka,Baridhara,1.3,,0.0,0,50.0,0.0,35.0,23.7938783,90.42189,Shajadpur Bastola G P kha-79,1212,https://foodpanda.com.bd/restaurant/m7m7/high-on-cha
sg8w,82249,Nazira Bazar Reloaded - Gulshan,Nazira Bazar Reloaded,Dhaka,Gulshan 1,0.29,,4.7,32,50.0,0.0,0.0,23.7810525,90.4164762,"Lee Tsai Hsiang House, 51, South Gulshan Avenue, Gulshan-1,Dhaka -1212",1212,https://foodpanda.com.bd/restaurant/sg8w/nazira-bazar-reloaded-gulshan-sg8w
d7m7,76405,Cafe Sao Paulo - Gulshan,Cafe Sao Paulo - Gulshan,Dhaka,Baridhara,0.8,,4.9,249,50.0,0.0,0.0,23.8004656,90.4118414,Gulshan North Ave 175 175 gulshan2 north Avenue beside gallitos,1206,https://foodpanda.com.bd/restaurant/d7m7/cafe-sao-paulo-gulshan
xb5r,76402,Test litaz Mama,,Dhaka,Gulshan 1,0.37,Bangladeshi|Asian,0.0,0,50.0,0.0,0.0,23.7820624,90.4160527,"Gulshan 1,  house-12,block-k,gulshan-1,, 1219 Gulshan 1, Dhaka, Bangladesh",1219,https://foodpanda.com.bd/restaurant/xb5r/test-litaz-mama
q55x,97171,Tehari Nation - Gulshan,,Dhaka,Gulshan 1,0.58,,1.2,27,50.0,0.0,35.0,23.775442,90.420116,"Syed Villa B-126, Mostafa lake castle er pasher road, Flat no- J2 south Badda 1212 , Gulshan, Dhaka, Bangladesh",1212,https://foodpanda.com.bd/restaurant/q55x/tehari-nation-gulshan
ccej,65628,Delifrance - Casablanca,Delifrance Gulshan Avenue,Dhaka,Gulshan 2,0.96,Cakes|Beverage|Fast Food,4.9,1283,50.0,0.0,25.0,23.7892033,90.4165361,"114 Casablanca (1st floor),  Gulshan Ave, Dhaka 1212",1212,https://foodpanda.com.bd/restaurant/ccej/delifrance-casablanca
vy7z,41332,Arabika Coffee - Gulshan 2,Arabika Coffee,Dhaka,Banani,0.8,Snacks|Beverage|Cafe|Dessert,4.7,375,50.0,0.0,15.0,23.79822225,90.4127286,"Navana Nasrin Casabella, North Avenue Road, House 2A, Gulshan 2, Dhaka - 1212",1212,https://foodpanda.com.bd/restaurant/vy7z/arabika-coffee-gulshan-2
fjsq,51655,Waffle Up,Waffle Up,Dhaka,Gulshan 2,0.13,Dessert,5.0,6893,50.0,0.0,20.0,23.7913101,90.4077672,"house 135 Rd No-13, Dhaka 1213near to Banani Central Jame Mosjid",1213,https://foodpanda.com.bd/restaurant/fjsq/waffle-up
s9lo,1850,Chatime - Banani,Chatime,Dhaka,Banani,0.11,Beverage,4.9,7359,50.0,0.0,25.0,23.79365845,90.40554695,"House No. 40, Kamal Ataturk Avenue, Banani, Dhaka",1213,https://foodpanda.com.bd/restaurant/s9lo/chatime-banani
fqbl,77223,Ledor  Banani,Ledor,Dhaka,Gulshan 2,0.26,Dessert|Fast Food,4.8,158,50.0,0.0,20.0,23.7905374,90.4064558,"plot 2 Rd No. 11, Banani",1213,https://foodpanda.com.bd/restaurant/fqbl/ledor-banani
ne0t,74297,Puro Pastry & Bakery Banani-WBC,Puro Pastry & Bakery - Dhaka,Dhaka,Gulshan 2,0.36,Cakes|Dessert|Fast Food,4.8,114,50.0,0.0,0.0,23.7902017,90.4102907,"Building Name: World Business Center (WBC),House : 76/A,Road : 11,Block : M,Ground Floor.1st shop of Building  (Right Side)Banani,  Dhaka 1213",1213,https://foodpanda.com.bd/restaurant/ne0t/puro-pastry-and-bakery-banani-wbc
v7oh,73992,Mithai- Baridhara,Mithai - Dhaka,Dhaka,Baridhara,0.61,Cakes|Dessert|Doi|Fast Food,4.7,234,50.0,0.0,0.0,23.80177585,90.42282865,"Plot 40,Road-09, Block-J, Pragati Sarani, Baridhara, Dhaka",1212,https://foodpanda.com.bd/restaurant/v7oh/mithai-baridhara
f13h,41181,Indulge - Banani,Indulge,Dhaka,Banani,0.36,Beverage|Dessert|Fast Food,4.8,269,50.0,0.0,0.0,23.79336005,90.40307355,"Road no..17 c/a House no.5.Banani  ,Dhaka 1213",1213,https://foodpanda.com.bd/restaurant/f13h/indulge-banani
mvlg,68805,Shumi's Hot Cake - Banani,Shumi's Hot Cake,Dhaka,Banani,0.43,Cakes|Dessert|Fast Food,4.9,1480,50.0,0.0,0.0,23.7909008,90.4036795,"House-50, Rd-11, Block-F, Banani, Dhaka.",1213,https://foodpanda.com.bd/restaurant/mvlg/shumis-hot-cake-banani-mvlg
oc63,45529,Utshob - Chef's Table Gulshan 2,UTSHOB,Dhaka,Gulshan 2,0.82,Snacks|Curry|Rice Dishes|Beverage|Dessert|Bangladeshi|Doi|Asian,4.8,774,50.0,0.0,0.0,23.7956002,90.4150828,"Gulshan Central Point, House#23-26, Road#90-91, Gulshan 2, Dhaka 1212",1212,https://foodpanda.com.bd/restaurant/oc63/utshob-chefs-table-gulshan-2
o1cp,77033,Utshob Sweets - Gulshan 2,Utshob Sweets - Centrepoint Airport,Dhaka,Gulshan 2,0.81,Snacks|Sweets|Dessert|Doi,3.3,19,50.0,0.0,0.0,23.79575473,90.41494676,"Gulshan Centre point 26,R-90,H-23,Dhaka- 1212",1212,https://foodpanda.com.bd/restaurant/o1cp/utshob-sweets-gulshan-2
vzdv,73080,CP Five Star -Tabassum Food- Kalachadpur,CP Five Star,Dhaka,Baridhara,0.26,Chicken|Snacks|Meat|Fast Food,4.9,144,50.0,0.0,35.0,23.80715415,90.41711865,"k1/2 kalachadpur, Gulsan-2 Dhaka- 1212",1212,https://foodpanda.com.bd/restaurant/vzdv/cp-five-star-tabassum-food-kalachadpur
np8o,77048,Mithai- Niketon,Mithai - Dhaka,Dhaka,Nabisco,0.25,Cakes|Sweets|Dessert|Doi,4.7,248,50.0,0.0,0.0,23.7728877,90.4068461,"Road N-08,House No12 ,Block-G,Niketon,Dhaka-1212",1212,https://foodpanda.com.bd/restaurant/np8o/mithai-niketon
ckct,75283,Indulge - United Hospital,Indulge,Dhaka,Baridhara,0.23,Fast Food,4.1,22,50.0,0.0,0.0,23.8050506,90.4157726,"United Hospital Limited, Road No. 71, Dhaka-1212",1212,https://foodpanda.com.bd/restaurant/ckct/indulge-united-hospital
s4dr,2484,Tabaq Coffee DOHS Baridhara,Tabaq,Dhaka,Baridhara,0.64,Beverage|Cafe|Sandwiches|Dessert|Western,4.9,3376,50.0,0.0,0.0,23.8089831,90.4134761,"Shop No. 104, Ground Floor, Anannya Shopping Complex, DOHS Baridhara, Dhaka",1212,https://foodpanda.com.bd/restaurant/s4dr/tabaq-coffee-dohs-baridhara
rgvd,69867,Puro Pastry & Bakery Gulshan-2,Puro Pastry & Bakery - Dhaka,Dhaka,Gulshan 2,0.69,Cakes|Dessert|Fast Food,4.9,310,50.0,0.0,0.0,23.7951934,90.4138976,"Landmark Tower, Ground Floor,DIT II Cir,Gulshan-2, Dhaka 1212",1212,https://foodpanda.com.bd/restaurant/rgvd/puro-pastry-and-bakery-gulshan-2-rgvd
rk1y,70033,Fruitsicles - Gulshan 2,Fruitsicles - Banani,Dhaka,Gulshan 2,0.64,Dessert,5.0,111,50.0,0.0,0.0,23.7951947,90.4133597,"Lavender Convenience Store Ltd., 27 North C/A Faisal Tower, Dhaka 1212",1212,https://foodpanda.com.bd/restaurant/rk1y/fruitsicles-gulshan-2
r0ci,68810,Shumi's Hot Cake - Gulshan 2,Shumi's Hot Cake,Dhaka,Gulshan 2,0.58,Cakes|Dessert|Fast Food,4.9,1325,50.0,0.0,35.0,23.7938717,90.4132768,"House # 38/A, Road 35, Shumis Hot Cake Ltd, SANMAR TOWER -2, Road 35 House 38/A, Gulshan 2, Dhaka 1212 Bangladesh",1212,https://foodpanda.com.bd/restaurant/r0ci/shumis-hot-cake-gulshan-2
s1lv,4429,Tabaq Coffee GP House,Tabaq,Dhaka,Bashundhara R/A,0.26,Beverage|Cafe|Sandwiches|Dessert|Western,5.0,2784,50.0,0.0,35.0,23.8125995,90.4257713,Grameenphone Head Office,1229,https://foodpanda.com.bd/restaurant/s1lv/tabaq-coffee-gp-house
hkg6,81980,CP Five Star (MR Food) 100 Feet,CP Five Star,Dhaka,Vatara,0.66,Chicken|Snacks|Meat,4.6,29,50.0,0.0,0.0,23.79956678,90.44235185,"Sayed Nagar Super Market, Madani Avenue, 100 Feet, Bashundhara Link Road, Vatara",1212,https://foodpanda.com.bd/restaurant/hkg6/cp-five-star-mr-food-100-feet
w76u,75270,So Juicy - Chef's Table Courtside,So Juicy,Dhaka,Vatara,1.79,Juice Corner|Beverage,0.0,0,50.0,0.0,0.0,23.8004317,90.4547253,"Chef's Table Court Side, United City, Madani Avenue, Vatara",1212,https://foodpanda.com.bd/restaurant/w76u/so-juicy-chefs-table-courtside
st8b,75273,Route 66 - Chef's Table Courtside,Route 66,Dhaka,Vatara,1.8,Snacks|Burgers|Western,4.5,11,50.0,0.0,0.0,23.8003593,90.4548242,"Chef's Table Court Side, United City, Madani Avenue, Vatara",1212,https://foodpanda.com.bd/restaurant/st8b/route-66-chefs-table-courtside
c4k6,75271,Kebabs 'n Curries ️- Chef's Table Courtside,Kebabs N Curries,Dhaka,Vatara,1.8,Turkish|Kebab|Curry|Middle Eastern,0.0,0,50.0,0.0,0.0,23.7999877,90.4547635,"Chef's Table Court Side, United City, Madani Avenue, Vatara",1212,https://foodpanda.com.bd/restaurant/c4k6/kebabs-n-curries-chefs-table-courtside
m4p4,75251,Indulge - UIU,Indulge,Dhaka,Vatara,1.36,Dessert,4.7,15,50.0,0.0,0.0,23.7974602,90.4491253,"Madani Avenue(Beside United International University),Dhaka-1212",1212,https://foodpanda.com.bd/restaurant/m4p4/indulge-uiu
fes5,75268,Greens & Seeds - Chef's Table Courtside,Greens & Seeds,Dhaka,Vatara,1.79,Snacks|Chinese|Asian,2.4,14,50.0,0.0,25.0,23.80033365,90.45472885,"Chef's Table Court Side, United City, Madani Avenue, Vatara",1212,https://foodpanda.com.bd/restaurant/fes5/greens-and-seeds-chefs-table-courtside
uhzz,75269,Utshob - Chef's Table Courtside,UTSHOB,Dhaka,Vatara,1.81,Curry|Rice Dishes|Bangladeshi|Asian,3.7,5,50.0,0.0,0.0,23.7999032,90.4548394,"Chef's Table Court Side, United City, Madani Avenue, Vatara",1212,https://foodpanda.com.bd/restaurant/uhzz/utshob-chefs-table-courtside
lhnf,78677,Afrin Home Made Food,,Dhaka,Mirpur 7,0.58,Rice Dishes|Bangladeshi|Asian,3.1,5,50.0,0.0,0.0,23.8153528,90.37753227,"Madhobi Niloy, road -24/5, house -10, Block - C, Modina Nagor ,Mirpur.",1212,https://foodpanda.com.bd/restaurant/lhnf/afrin-home-made-food
ape0,79084,Gallery Mart,,Dhaka,Kafrul,1.05,Snacks|Bangladeshi|Asian,3.0,5,50.0,0.0,0.0,23.808316,90.380132,"Road Number 1, Mirpur 13, Block C, Road 1, House 29 Dhaka",,https://foodpanda.com.bd/restaurant/ape0/gallery-mart
m1ij,35112,Premium cake - Mirpur 13,Cake Gallery,Dhaka,Mirpur 13,0.28,Cakes,3.5,112,50.0,0.0,0.0,23.8267389,90.3711613,Block D House 20 road 19 mirpur 12 dhaka1216 (Besides of Angel hot cake),1216,https://foodpanda.com.bd/restaurant/m1ij/premium-cake-mirpur-13
mopo,76776,Sokher Ranna Ghor,,Dhaka,Paikpara,0.46,Dessert|Fast Food,0.0,0,50.0,0.0,0.0,23.78637957,90.36345333,"f#d-4,h#344/ka,b#b, section #1, south Jhilpar er agge",1216,https://foodpanda.com.bd/restaurant/mopo/sokher-ranna-ghor-mopo
sxyb,128713,Jafa Bites,,Dhaka,Staff Road,0.47,Bangladeshi|Asian,0.0,0,50.0,0.0,35.0,23.81630502,90.39502221,"Assurance City, Bagan Bari",1206,https://foodpanda.com.bd/restaurant/sxyb/jafa-bites
ai3e,68872,Shumi's Hot Cake - ECB Chattar,Shumi's Hot Cake,Dhaka,Dhaka Cantonment,0.53,Cakes|Dessert|Fast Food,4.9,388,50.0,0.0,0.0,23.8222505,90.3934459,"Shop-101, Kunja-02, 572 Manikdi, Dhaka Cantonment.(ECB Chattar)",1206,https://foodpanda.com.bd/restaurant/ai3e/shumis-hot-cake-ecb-chattar
vgjy,77547,Shahiban Restaurant,,Dhaka,Dhaka Cantonment,0.55,Curry|Rice Dishes,4.8,188,50.0,0.0,0.0,23.8233176,90.3939336,House-3 ECB Chattar Army market Dhaka-1206,1206,https://foodpanda.com.bd/restaurant/vgjy/shahiban-restaurant
xpud,78153,Foodbees,,Dhaka,Dhaka Cantonment,0.57,Chinese|Asian,4.2,6,50.0,0.0,0.0,23.8231382,90.3935381,"Foodbees, ECB Chattar Shop #27, Groud Floor, ASW Mega Food Park, ECB Chattar, 1206 Dhaka Cantonment, Dhaka, Bangladesh",1206,https://foodpanda.com.bd/restaurant/xpud/foodbees
hshe,77941,Cheese Blast,,Dhaka,Dhaka Cantonment,0.57,Snacks|Beverage|Chinese|Burgers|Western|Asian|Dumpling,3.2,11,50.0,0.0,0.0,23.823693,90.3940589,"Shop no-03, Ecb Chattar, new army markt ,  Manikdi Road, Dhaka Cantonment, dhaka-1206",1206,https://foodpanda.com.bd/restaurant/hshe/cheese-blast-hshe
d8mi,76535,Live Kebab,,Dhaka,Dhaka Cantonment,0.57,Turkish|Kebab|Snacks|Rice Dishes|Middle Eastern,3.3,11,50.0,0.0,0.0,23.8236437,90.3940043,"ECB Chottor, Manikdhi Road, Cantonment 1206",1216,https://foodpanda.com.bd/restaurant/d8mi/live-kebab
eyjr,83254,Momo's point,,Dhaka,Dhaka Cantonment,0.58,Snacks|Chinese|Asian|Dumpling,0.0,0,50.0,0.0,0.0,23.8237417,90.3940814,"598/8, South Manikdi Main Road, ECB Chottor Mor, Dhaka Cantonment, ঢাকা, 1230, ঢাকা, BD",1230,https://foodpanda.com.bd/restaurant/eyjr/momos-point
elit,129600,Black Chef,,Dhaka,Kochukhet,0.52,Bangladeshi|Asian,0.0,0,50.0,0.0,35.0,23.816646,90.39130701,13,1206,https://foodpanda.com.bd/restaurant/elit/black-chef
cj9f,80688,Ahmed Kitchen,,Dhaka,Dhaka Cantonment,1.06,Snacks,4.6,32,50.0,0.0,35.0,23.823752,90.388425,"1, Manikdi - Teen Rastar more, 233/1/A, Poshchim manikdi, Dhaka cantonment., Dhaka, Bangladesh",1216,https://foodpanda.com.bd/restaurant/cj9f/ahmed-kitchen-cj9f
n3s0,77552,Dastarkhana,,Dhaka,ECB Chattar,1.15,Snacks|Curry|Rice Dishes|Bangladeshi|Asian,4.0,81,50.0,0.0,0.0,23.8292627,90.39138615,"Balughat Bazar, Balughat Bazar Rd Bangladesh Air force Gate, 1206 Dhaka Cantonment, Dhaka, Bangladesh",1206,https://foodpanda.com.bd/restaurant/n3s0/dastarkhana-n3s0
nix5,78148,Fuchka Sohor,,Dhaka,Kochukhet,0.72,Bangladeshi|Asian,0.0,0,50.0,0.0,0.0,23.8140158,90.3852369,"R97P+J39, Vashantek Rd West, 1206 Dhaka Cantonment, Dhaka, Bangladesh",1206,https://foodpanda.com.bd/restaurant/nix5/fuchka-sohor
difz,78250,Bangali Khabar,,Naogaon,Mirpur 7,1.15,Curry|Rice Dishes|Bangladeshi|Asian,0.0,0,50.0,0.0,0.0,23.8219957,90.38154258,"বাঙালি খাবার, 12",1234,https://foodpanda.com.bd/restaurant/difz/bangali-khabar-difz
v0h7,78251,Sumee's Kitchen,,Dhaka,Ibrahimpur,0.92,Curry|Rice Dishes|Bangladeshi|Asian,0.0,0,50.0,0.0,0.0,23.8087599,90.3836028,"Mirpur 13, Notun Bazar Joynagar Officers Apartment. Building 2, Lift 2, Flat #2D.",1216,https://foodpanda.com.bd/restaurant/v0h7/sumees-kitchen
pjhl,79207,Alhamdulillah Kitchen,,Dhaka,Mirpur 7,0.77,Snacks|Noodles|Chinese|Asian|Dumpling,0.0,0,50.0,0.0,0.0,23.81511939,90.37939499,"House 48, House 48, Polash Nogor Mirpur 11, Dhaka, 1216 Mirpur, Dhaka, Bangladesh",1216,https://foodpanda.com.bd/restaurant/pjhl/alhamdulillah-kitchen-pjhl
kr6i,122096,The Porota Story,,Dhaka,Mirpur 7,0.99,Bangladeshi|Asian,0.0,0,50.0,0.0,35.0,23.811435,90.3800401,"mirpur 13,baisteky,ayna bibi mosjid, 33/1 haji ali hossen read, 1216 Mirpur, Dhaka, Bangladesh",1216,https://foodpanda.com.bd/restaurant/kr6i/the-porota-story
hyy7,78243,Chili's Dine,,Dhaka,Kafrul,0.62,Curry|Rice Dishes|Bangladeshi|Asian,0.0,0,50.0,0.0,0.0,23.8055876,90.3846584,"Mirpur Rd 15 Ruposhi
Pro-Active Village, 1216
Mirpur, Dhaka,
Bangladesh",1216,https://foodpanda.com.bd/restaurant/hyy7/chilis-dine
n0gz,82174,Tatka,,Dhaka,Mirpur 7,0.52,Snacks|Italian|Pasta|Mediterranean|Sandwiches|Burgers|Western,0.0,0,50.0,0.0,0.0,23.81601167,90.37712666,"Madina Nagar, H# 07, R# 24/2, B# C, Avenue# 05, Pallabi, Mirpur-11, 1216 Mirpur, Dhaka, Bangladesh",1216,https://foodpanda.com.bd/restaurant/n0gz/tatka-n0gz
r1b5,79175,Ghor Kutum,,Dhaka,Mirpur 7,0.59,Curry|Rice Dishes,2.1,11,50.0,0.0,0.0,23.8202467,90.3760567,"Mirpur 11,  House 52 ,Road 3 Block E Mirpur 11, 1216 Mirpur, Dhaka, Bangladesh",1216,https://foodpanda.com.bd/restaurant/r1b5/ghor-kutum
ywrv,105894,Rice & Burger,,Dhaka,Taltola,1.07,Snacks|Rice Dishes|Burgers|Western|Fast Food,4.7,47,50.0,0.0,35.0,23.808851,90.379744,"House-5, Section-13, Block-c, Road-1, Mirpur-13",1216,https://foodpanda.com.bd/restaurant/ywrv
nsp1,126761,Foodie Adda,,Dhaka,Taltola,1.07,Snacks|Rice Dishes|Burgers|Western,0.0,0,50.0,0.0,35.0,23.808854,90.379733,"House - 3 section - 13, Block - C, Road - 1 , Mirpur - 13 Dhaka 1216",1216,https://foodpanda.com.bd/restaurant/nsp1
jka7,86031,The Food Cabin,,Dhaka,Taltola,1.06,Snacks|Burgers|Western|Bangladeshi|Asian,3.9,87,50.0,0.0,35.0,23.808824,90.379734,"Section 13, block c, house no , line 1, Mirpur, Dhaka, 1216, Bangladesh",1216,https://foodpanda.com.bd/restaurant/jka7/the-food-cabin
fsak,126762,Burger Buzz,,Dhaka,Taltola,1.06,Snacks|Rice Dishes|Middle Eastern|Shawarma|Burgers|Western,0.0,0,50.0,0.0,35.0,23.808854,90.379687,"House - 4 section - 13 Block - C Road - 1 , 1216 Mirpur Dhaka",1216,https://foodpanda.com.bd/restaurant/fsak
m9gw,101212,BURGER & BOWL,,Dhaka,Taltola,1.07,Snacks|Rice Dishes|Burgers|Western|Fast Food,4.4,69,50.0,0.0,35.0,23.8089702,90.3795701,"Road: 1, House: 3, Section: 13, Block: C, Mirpur",1216,https://foodpanda.com.bd/restaurant/m9gw/burger-and-bowl
dhv9,84993,Hungry Hive,,Dhaka,Taltola,1.06,Snacks|Burgers|Western|Bangladeshi|Asian,4.1,59,50.0,0.0,35.0,23.808782,90.379711,"house 2, 2nd floor, block 3, road 1, mirpur 13,  dhaka 1216,",1216,https://foodpanda.com.bd/restaurant/dhv9/hungry-hive-dhv9
qqhd,80655,0709 Food Club,,Dhaka,Mirpur 7,0.83,Snacks|Rice Dishes|Soups,2.7,17,50.0,0.0,0.0,23.82294881,90.3761117,"House - 79, Road - 2, Block - E, Mirpur 12, Pallabi",1216,https://foodpanda.com.bd/restaurant/qqhd/0709-food-club
zjtm,76921,Rijhiq,,Dhaka,Mirpur 7,0.52,Curry|Rice Dishes|Dessert,0.0,0,50.0,0.0,0.0,23.8146126,90.3766432,"H-310, Haque villa (হক ভিলা), Line-18/1 *(End of Line-17 kacha bazar)",1216,https://foodpanda.com.bd/restaurant/zjtm/rijhiq
x4io,114164,Snacks House,,Dhaka,Mirpur 7,0.33,Rice Dishes|Fast Food,3.6,18,50.0,0.0,35.0,23.8163891,90.3752633,"Snacks House, Mirpur-11,Aveneu-5, Block-C, line-25, shop-02 Lane Number 25, Dhaka 1216, R98G+H54 Dhaka, Bangladesh., 1216 Mirpur, Dhaka, Bangladesh",1216,https://foodpanda.com.bd/restaurant/x4io
nibx,77063,Raha's Kitchen,,Dhaka,Mirpur 7,0.53,Snacks|Chotpoti & Fuchka|Dessert|Bangladeshi|Asian,1.5,15,50.0,0.0,0.0,23.82046,90.374925,"Kalshi Rd 11 Home -2/1,Line-8,11/E, ADORSHONOGOR, MIRPUR-1216,PALLABI, DHAKA, 1216 Mirpur, Dhaka, Bangladesh",1216,https://foodpanda.com.bd/restaurant/nibx/rahas-kitchen-nibx
snkq,94318,Bhoj Bilash,,Dhaka,Mirpur 7,0.37,Bangladeshi|Asian,0.0,0,50.0,0.0,0.0,23.8149699,90.3752676,"Bottala, House 05, Road 20, Block C, Avenue 5, Section 11., 1200 Mirpur, Dhaka, Bangladesh",1200,https://foodpanda.com.bd/restaurant/snkq/bhoj-bilash-snkq
el3t,72132,Mithai Mirpur Kalshi,Mithai - Dhaka,Dhaka,Mirpur 7,0.66,Cakes|Dessert|Doi|Fast Food,4.7,326,50.0,0.0,0.0,23.8218828,90.37464225,"19,Block E, Kalshi Road, Mirpur 12",1216,https://foodpanda.com.bd/restaurant/el3t/mithai-mirpur-kalshi
wxi6,78141,Food Rabbit,,Dhaka,Mirpur 13,0.75,Snacks|Rice Dishes,0.0,0,50.0,0.0,0.0,23.8238313,90.3748022,"E block,Kalshi, Rd No.6,House No 53, 1216 Mirpur, Dhaka, Bangladesh",1216,https://foodpanda.com.bd/restaurant/wxi6/food-rabbit
l227,115280,Fresh N Healthy,,Dhaka,Kafrul,0.6,Snacks|Beverage|Chinese|Asian|Dumpling,0.0,0,50.0,0.0,35.0,23.8043145,90.3813817,"Raken city,raken mart, Mirpur 13 namber, 1206 Mirpur, Dhaka, Bangladesh",1206,https://foodpanda.com.bd/restaurant/l227/fresh-n-healthy
jo0o,75795,One Bite Cafe & Juice Bar,,Dhaka,Kafrul,0.71,Juice Corner|Rice Dishes|Beverage|Fast Food,4.8,55,50.0,0.0,0.0,23.8049628,90.3806273,"ONE BITE Cafe & Juice bar, Block:D Road 1, Block D, Mirpur 14, Bijoy Rakeen city Moar,  Dhaka, 1216 Mirpur, Dhaka, Bangladesh",1216,https://foodpanda.com.bd/restaurant/jo0o/one-bite-cafe-and-juice-bar
d4oq,88749,Meghboroni Resto & Party Center,,Dhaka,Mirpur 7,0.5,Bangladeshi|Asian,0.0,0,50.0,0.0,0.0,23.8130301,90.3750825,"Meghboroni (মেঘবরণী), Rd 15 Nilshir Plot- 1/1, 1/2, 1/3, 1/4, 1st Floor, Lane 14#, Section# 11, Avenue-5, Mirpur-11, Dhaka, 1216 Mirpur, Dhaka, Bangladesh",1216,https://foodpanda.com.bd/restaurant/d4oq/meghboroni-resto-and-party-center
usv0,84142,Barakah Biryani & Cafe,,Dhaka,Mirpur 7,0.62,Rice Dishes|Indian|Biryani|Asian,4.8,118,50.0,0.0,0.0,23.8218298,90.3739283,"Kalshi Main Road, opposite side of Sangbadik Abashik Area।, 17, 1216 Mirpur, Dhaka, Bangladesh",1216,https://foodpanda.com.bd/restaurant/usv0/barakah-biryani-and-cafe
ljsw,77367,Home Kitchen,,Dhaka,Mirpur 7,0.49,Snacks|Curry,2.8,5,50.0,0.0,0.0,23.8130518,90.3750058,"Mirpur 11,  Sec 11, avu 5, block C, 14/5, 1216 Mirpur, Dhaka, Bangladesh",1216,https://foodpanda.com.bd/restaurant/ljsw/home-kitchen-ljsw
o8k3,78197,PizzaMon Wood Woven Live Pizza,,Dhaka,Kafrul,0.72,Italian|Mediterranean|Pizza|Western,0.0,0,50.0,0.0,0.0,23.80477933,90.38015553,"mondir er pichone, rakeen city road mirpur 13, 1216 Mirpur, Dhaka, Bangladesh",1216,https://foodpanda.com.bd/restaurant/o8k3/pizzamon-wood-woven-live-pizza
ancv,115531,Tamzid's Kitchen,,Dhaka,Mirpur 13,0.63,Bangladeshi|Asian,2.2,12,50.0,0.0,35.0,23.82469571,90.37405743,"Blue building, HOUSE-38, ROAD-8, BLOCK-E, MIRPUR 12, DHAKA 1216, 1216 Mirpur, Dhaka, Bangladesh",1216,https://foodpanda.com.bd/restaurant/ancv/tamzids-kitchen
j65n,116390,Yummy Flavour 1.0,,Dhaka,Mirpur 13,0.63,Snacks,0.0,0,50.0,0.0,35.0,23.82471281,90.37399777,"Blue building, HOUSE-38, ROAD-8, BLOCK-E, MIRPUR 12, DHAKA 1216, 1216 Mirpur, Dhaka, Bangladesh",1216,https://foodpanda.com.bd/restaurant/j65n
yn3k,77363,Friends Wood Fire Live Pizza and momo,,Dhaka,Kafrul,0.75,Italian|Mediterranean|Pizza|Western,4.0,145,50.0,0.0,0.0,23.80482205,90.37983155,"PSC bike stand mirpur13, PSC Convention Hall Rd 13 Mirpur13 Kafrul, Rakeencity road p.s.c conversation  hall Mondir soglongo, 1216 মিরপুর, ঢাকা, Bangladesh",1216,https://foodpanda.com.bd/restaurant/yn3k/friends-wood-fire-live-pizza-and-momo
n0m0,77643,Alif Chotpoti and Fuchka Ghor,,Dhaka,Kafrul,0.76,Snacks|Chotpoti & Fuchka|Bangladeshi|Asian,2.7,40,50.0,0.0,35.0,23.8048604,90.3797037,Mirpur 13 beside police convention Hall,1216,https://foodpanda.com.bd/restaurant/n0m0/alif-chotpoti-and-fuchka-ghor
a7gz,96932,Mr Rashid Express,,Dhaka,Mirpur 14,0.4,Fast Food,4.9,29,50.0,0.0,0.0,23.828172,90.37493,"পেয়াদা বাড়ি, জননী ভিলা, House - 05, Flat - G1, Road - 05, Block - D, Kalapani, 1216 মিরপুর, ঢাকা, Bangladesh",1216,https://foodpanda.com.bd/restaurant/a7gz/mr-rashid-express
m0ys,91565,Happy Kitchen,,Dhaka,Mirpur 6,0.43,Bangladeshi|Asian,0.0,0,50.0,0.0,0.0,23.81273901,90.37387307,"10 Parise Rd, Parise Rd 10, 1216 Mirpur, Dhaka, Bangladesh",1216,https://foodpanda.com.bd/restaurant/m0ys/happy-kitchen-m0ys
etbn,77585,Cp Five Star - Flavour Express,CP Five Star,Dhaka,Mirpur 7,0.56,Chicken|Snacks|Meat|Fast Food,4.1,104,50.0,0.0,0.0,23.82147505,90.37257235,"3 no Wabdha Building, 11/B, Kalshi Main Road, Dhaka :1216.",1216,https://foodpanda.com.bd/restaurant/etbn/cp-five-star-flavour-express
onte,124881,Tawfiq Homemade Tikka,,Dhaka,Mirpur 13,0.44,Asian,0.0,0,50.0,0.0,35.0,23.8266717,90.3735526,"মিরপুর -১২, ব্লক-ডি,লাল ডেক, রোড নাম্বার -১৬,৭ম তলা, বাড়ি নাম্বার ৬৩ মিরপুর ১২, রোড নাম্বার ১৬, ব্লক ডি, লাল ডেক,পল্লবী, 1216 মিরপুর, ঢাকা, Bangladesh",1216,https://foodpanda.com.bd/restaurant/onte/tawfiq-homemade-tikka
nepw,76899,Flavor Nest,,Dhaka,Mirpur 7,0.59,Snacks|Rice Dishes|Noodles,4.7,25,50.0,0.0,0.0,23.8218263,90.3725287,"Zia college er road, block-e house-12 road-2",1216,https://foodpanda.com.bd/restaurant/nepw/flavor-nest
cpk8,99763,Momolicious,,Dhaka,Mirpur 7,0.27,Asian,4.8,54,50.0,0.0,35.0,23.8143139,90.37317,"Parise Road, LIFT HOUSE PARIS ROADParise Road, LIFT HOUSE PARIS ROAD,road 11,House 89/90,Paris Road,kailla bostir math,block C,mirpur 11,Dhaka 1216, Dhaka ,Bangladesh, 1216 Dhaka, Bangladesh",1216,https://foodpanda.com.bd/restaurant/cpk8/momolicious
tsgu,77198,Fry&Bite,,Dhaka,Mirpur 13,0.42,Snacks|Chinese|Burgers|Western|Asian|Fast Food|Dumpling,3.6,49,50.0,0.0,0.0,23.8269456,90.373407,"D-Block Eidgah Maidan, Mirpur Ceramic Rd Mirpur 12 D Block eidgah math road no.20 (Eid gah mathe konay krishnochura gas er niche), 1216 Mirpur, Dhaka, Bangladesh",1216,https://foodpanda.com.bd/restaurant/tsgu/fryandbite
rffs,76975,Bilashi  Food Mart,,Dhaka,Pallabi,0.59,Curry|Rice Dishes,0.0,0,50.0,0.0,0.0,23.8230216,90.3723526,"Pallabi Mohila Degree College, Sahid Zia College Rd Block-E, Road-6, House-16, 1216 Mirpur, Dhaka, Bangladesh",1216,https://foodpanda.com.bd/restaurant/rffs/bilashi-food-mart
gb56,79109,Sufia's Kitchen,,Dhaka,Pallabi,0.59,Snacks|Curry|Rice Dishes,0.0,0,50.0,0.0,0.0,23.8230216,90.3723526,"Pallabi Mohila Degree College, Sahid Zia College Rd Back side of Pallabi mohila collage",1216,https://foodpanda.com.bd/restaurant/gb56/sufias-kitchen-gb56
ne2s,77568,Pizza Bazar- Live Pizza,,Dhaka,Mirpur 13,0.39,Italian|Mediterranean|Pizza|Burgers|Western,2.9,21,50.0,0.0,0.0,23.82710525,90.37327265,"Mirpur 12 D-Block Eid Ghah Math, Road: 20 , Mirpur",1216,https://foodpanda.com.bd/restaurant/ne2s/pizza-bazar-live-pizza
ghvg,78282,Very Good Live Food,,Dhaka,Mirpur 7,0.19,Cakes|Snacks|Bakery,0.0,0,50.0,0.0,0.0,23.81821817,90.37183199,"Section -11,Block - B, Road -12,Lane -4,House -2, Pollobi , Mirpur 1216",1216,https://foodpanda.com.bd/restaurant/ghvg/very-good-live-food
fsud,103985,Food Crush,,Dhaka,Taltola,0.59,Bangladeshi|Asian,0.0,0,50.0,0.0,35.0,23.805557,90.3766821,"Scholastica, Plot-2/B-2, 2/C, Line - 1 Section - 13, 1216 Mirpur, Dhaka, Bangladesh",1216,https://foodpanda.com.bd/restaurant/fsud/food-crush-fsud
w6n6,78500,The Food Land,,Dhaka,Kafrul,0.18,Snacks|Chinese|Asian|Dumpling,0.0,0,50.0,0.0,0.0,23.7993434,90.3833725,"East Side Of Jameul-Ulum Madrasa,Mirpur -14 Staff quarter ohb-16",1206,https://foodpanda.com.bd/restaurant/w6n6/the-food-land-w6n6
f6i8,67753,Iyana's Live Kitchen,,Dhaka,Mirpur 10,0.69,Snacks|Curry|Rice Dishes|Italian|Beverage|Mediterranean|Pizza|Burgers|Western,3.7,25,50.0,0.0,0.0,23.8086694,90.3741133,"House-2,Lane-10,Block-C,Mirpur-10",1216,https://foodpanda.com.bd/restaurant/f6i8/iyanas-live-kitchen
dluc,77873,Oven Pizza & Turkish Food,,Dhaka,Taltola,0.59,Italian|Mediterranean|Pizza|Western|Fast Food,2.8,27,50.0,0.0,0.0,23.80284275,90.3786371,"LEADS Corporation Limited, ROAD-1 Main 1st Floor,Leads Tower, Mirpur-14, 1206 Mirpur, Dhaka, Bangladesh",1206,https://foodpanda.com.bd/restaurant/dluc/oven-pizza-and-turkish-food
t37g,77520,Foodie Wala,,Dhaka,Kafrul,0.2,Italian|Pasta|Mediterranean|Chinese|Burgers|Western|Asian|Dumpling,4.0,9,50.0,0.0,0.0,23.7993859,90.3831941,"East side of jameul uloom madrasha, mirpur-14",1216,https://foodpanda.com.bd/restaurant/t37g/foodie-wala
cbeq,78890,On The Go Eats,,Dhaka,Mirpur 14,0.7,Snacks,0.0,0,50.0,0.0,0.0,23.8356651,90.3771508,"On The Go Eats, Shagufta New Rd, 1216 Mirpur, Dhaka, Bangladesh",1216,https://foodpanda.com.bd/restaurant/cbeq/on-the-go-eats
rzqw,82524,TAIWAN TWIST,,Dhaka,Mirpur 14,0.72,Juice Corner|Beverage,0.0,0,50.0,0.0,0.0,23.8357765,90.3772141,"Shagufta Food Court, Shagufta New Rd Near by abbas hotel, zeron point food cart, also beside cha & chill, 1216 Mirpur, Dhaka, Bangladesh",1216,https://foodpanda.com.bd/restaurant/rzqw/taiwan-twist
rybi,66987,Ontora's Kitchen,Ontora's Kitchen,Dhaka,Mirpur 13,0.3,Curry|Rice Dishes|Bangladeshi|Asian,4.6,125,50.0,0.0,0.0,23.8269261,90.3718564,"Mirpur Rd, House-42, ROAD-19, BLOCK-D, eid Gah field, SECTION-12, MIRPUR",1216,https://foodpanda.com.bd/restaurant/rybi/ontoras-kitchen-rybi
c3pq,80395,Tasty Table,,Dhaka,Kafrul,0.22,Snacks|Italian|Mediterranean|Pizza|Western,0.0,0,50.0,0.0,35.0,23.79910414,90.38305852,"3/A, Barnomala Road, Battalion Bou Bazar, Mirpur 14 Jameul Uloom Madrasar pashe",1206,https://foodpanda.com.bd/restaurant/c3pq/tasty-table
sqpo,82751,Hard Roc'k Cafe,,Dhaka,Mirpur 10,0.62,Snacks|Beverage|Burgers|Western,0.0,0,50.0,0.0,0.0,23.8085159,90.3734926,"House -08, block -C, road -06, section -10, Mirpur, Dhaka -1216.",1216,https://foodpanda.com.bd/restaurant/sqpo/hard-rock-cafe
dlwf,76366,Kiyoshi Yamada,,Dhaka,Mirpur 14,0.73,Noodles|Japanese|Chinese|Asian|Dumpling,4.7,21,50.0,0.0,0.0,23.8362183,90.37678,"180, DOHS Gate No: 1, Main Road, Pallabi, Dhaka, Bangladesh",1216,https://foodpanda.com.bd/restaurant/dlwf/kiyoshi-yamada
ba3q,105873,TTFC biriyani house,,Dhaka,Mirpur 7,0.18,Bangladeshi|Asian,0.0,0,50.0,0.0,35.0,23.8172565,90.3704486,"Badshah manzil, 1/1/1st floor, 1216 Mirpur, Dhaka, Bangladesh",1216,https://foodpanda.com.bd/restaurant/ba3q/ttfc-biriyani-house
f8kg,33643,Birthday Cake,Birthday Cake,Dhaka,Mirpur 13,0.28,Cakes|Dessert,3.0,73,50.0,0.0,35.0,23.8267386,90.3711584,Mirpur 12 block D house 19 Road 19,Dhaka-1216,https://foodpanda.com.bd/restaurant/f8kg/birthday-cake
vhhg,60554,Taste Harbor,Taste Harbor,Dhaka,Mirpur 14,0.74,Curry|Rice Dishes|Beverage|Fast Food,4.3,124,50.0,0.0,0.0,23.8364292,90.3766518,"Near Gate- 1, Mirpur DOHS, Dhaka- 1216",1216,https://foodpanda.com.bd/restaurant/vhhg/taste-harbor-vhhg
by30,77514,Bloom & Basil,,Dhaka,Mirpur 6,0.4,Rice Dishes|Bangladeshi|Asian,4.9,99,50.0,0.0,0.0,23.8114954,90.3715711,"AROHA Art & Calligraphy,  H-19, Ln-19, B-A, Mirpur 10, Dhaka 1216, 1216 Mirpur, Dhaka, Bangladesh",1216,https://foodpanda.com.bd/restaurant/by30/bloom-and-basil
a6hc,80402,Ibrahimpur Water Garden Restaurant,,Dhaka,Kafrul,0.52,Curry|Rice Dishes|Soups|Noodles,0.0,0,50.0,0.0,0.0,23.7961076,90.3878537,"Bhuiyan Centre, 199/2 Kachukhet-Mirpur 14 Rd, 3rd Fl (KFC Bldg), Dhaka 1206",1206,https://foodpanda.com.bd/restaurant/a6hc/ibrahimpur-water-garden-restaurant
kqxo,58311,Awesome Biryani House,AD Biryani House & Juice Corner,Dhaka,Mirpur 14,0.76,Rice Dishes|Indian|Biryani|Asian,4.3,319,50.0,0.0,0.0,23.8366958,90.3765607,"Mirpur Dohs,jaman trade center, Shagufta, Mirpur",1216,https://foodpanda.com.bd/restaurant/kqxo/awesome-biryani-house
lhhg,81860,Cheese Blast,,Dhaka,Mirpur 10,0.56,Snacks|Fast Food,0.0,0,50.0,0.0,0.0,23.8078986,90.3731251,"House 1/3, Road 19, Block B, Near Hope School, Mirpur 10, Dhaka 1216",1216,https://foodpanda.com.bd/restaurant/lhhg/cheese-blast-lhhg
vlbq,76914,Flavies,,Dhaka,Kafrul,0.57,Chinese|Asian|Fast Food|Dumpling,0.0,0,50.0,0.0,35.0,23.8000672,90.3793961,"497/2D Grand Property Building, North Ibrahimpur",1216,https://foodpanda.com.bd/restaurant/vlbq/flavies
m281,82155,Pizzamine,,Dhaka,Mirpur 10,0.51,Italian|Mediterranean|Pizza|Western,0.0,0,50.0,0.0,0.0,23.8080594,90.3724758,"House 1/3, Road 19, Block B, Near Hope School, Mirpur 10, Dhaka 1216",1216,https://foodpanda.com.bd/restaurant/m281/pizzamine-m281
gm08,75503,Shahana's Kitchen,,Dhaka,Pallabi,0.24,Snacks|Rice Dishes,0.0,0,50.0,0.0,0.0,23.82525925,90.36972527,"House - 30, Road - 20, Block - C, Section - 12, Mirpur",1216,https://foodpanda.com.bd/restaurant/gm08/shahanas-kitchen-gm08
ffpw,76449,Saba Food & Bakery -10,Saba Food & Bakery ,Dhaka,Mirpur 6,0.47,Snacks,0.0,0,50.0,0.0,0.0,23.810751,90.37096,"Jhoot potti Benaroshi polli, Mirpur 10",1216,https://foodpanda.com.bd/restaurant/ffpw/saba-food-and-bakery-10
mzrg,128953,Mayer Doa Kabab Ghor,,Dhaka,Mirpur 7,0.36,Turkish|Kebab|Snacks|Middle Eastern,0.0,0,50.0,0.0,35.0,23.818123,90.368897,"11, Mirpur Road,  House no. 17, Road no. 17, Avenue 3, Block - A , Mirpur 11",1216,https://foodpanda.com.bd/restaurant/mzrg/mayer-doa-kabab-ghor
yc84,77450,Japan Cafe,,Dhaka,Mirpur 11,0.37,Beverage|Japanese|Asian,2.9,19,50.0,0.0,0.0,23.82294266,90.36890097,Rd No 9 Beside Takwa Driving School Mirpur-1216,1216,https://foodpanda.com.bd/restaurant/yc84/japan-cafe
psy8,76558,Burgerii,,Dhaka,Mirpur 10,0.44,Juice Corner|Chicken|Beverage|Meat|Burgers|Western|Fast Food,3.2,130,50.0,0.0,0.0,23.8080959,90.3717019,"Burgerii,  Opposite of Mirpur Girls Ideal school Gate 3., 1216 Mirpur, Dhaka, Bangladesh",1216,https://foodpanda.com.bd/restaurant/psy8/burgerii
p9fq,77346,Pizza Time,,Dhaka,Mirpur 10,0.45,Italian|Pasta|Mediterranean|Pizza|Western,0.0,0,50.0,0.0,0.0,23.8085484,90.3714591,"House-1, Road no.- 10, Block- B, Mirpur 10, Dhaka- 1216",1216,https://foodpanda.com.bd/restaurant/p9fq/pizza-time-p9fq
i0ur,115522,Aka's Kitchen,,Dhaka,Taltola,0.48,Rice Dishes|Bangladeshi|Asian,0.0,0,50.0,0.0,35.0,23.8058034,90.3730674,"Panir tank, block-c, road-5, house-10/1 mirpur 2 panir tank dhaka 1216, 1216 Mirpur, Dhaka, Bangladesh",1216,https://foodpanda.com.bd/restaurant/i0ur/akas-kitchen
kvce,77740,Bangali food by Shairmin,,Dhaka,Mirpur 6,0.18,Curry|Rice Dishes|Bangladeshi|Asian,0.0,0,50.0,0.0,0.0,23.81541545,90.36874355,"Mirpur 11 Bazar,  3/3 Line, House 19, Block A, Mirpur 11, Near Mirpur Bangla High School, 1216 Mirpur, Dhaka, Bangladesh",1216,https://foodpanda.com.bd/restaurant/kvce/bangali-food-by-shairmin
q2su,76341,Mirpur Hotel and Restaurant,,Dhaka,Pallabi,0.16,Snacks|Curry|Bangladeshi|Asian,3.6,173,50.0,0.0,0.0,23.82497679,90.3686501,"Road No 1 21 House 1 road 21 block C mirpur 12, 1216 Mirpur, Dhaka, Bangladesh",1216,https://foodpanda.com.bd/restaurant/q2su/mirpur-hotel-and-restaurant
w8by,78797,Bhojon Rosik,,Dhaka,Mirpur 6,0.36,Italian|Mediterranean|Pizza|Burgers|Western,0.0,0,50.0,0.0,0.0,23.8167508,90.3674679,"Mirpur 11, 09/12/3, 1216 Mirpur, Dhaka, Bangladesh",1216,https://foodpanda.com.bd/restaurant/w8by/bhojon-rosik-w8by
yp0q,78015,Pinch Of Rizq,,Dhaka,Mirpur 6,0.29,Curry|Rice Dishes|Dessert|Bangladeshi|Asian,0.0,0,50.0,0.0,0.0,23.8146852,90.3676836,"Urban Marilia,  House 11, Block A, Avenue 1, Section 11, Mirpur, Dhaka 1216",1216,https://foodpanda.com.bd/restaurant/yp0q/pinch-of-rizq-yp0q
b301,77528,Food Flex,,Dhaka,Mirpur 10,0.28,Snacks|Beverage|Burgers|Western,0.0,0,50.0,0.0,0.0,23.8069229,90.3705215,"Adarsha High School, Mirpur 10 Roundabout house-10, road-05, mirpur-10, shenpara parbata, Dhaka-1216, 1216 Mirpur, Dhaka, Bangladesh",1216,https://foodpanda.com.bd/restaurant/b301/food-flex
lpr8,77121,Kabab Bari,,Dhaka,Kafrul,0.62,Turkish|Kebab|Snacks|Middle Eastern,3.7,16,50.0,0.0,0.0,23.7944974,90.3839294,"Ibrahimpur Rd 14 Mirpur 14 ibrahmpur bazar, 1216 Mirpur, Dhaka, Bangladesh",1216,https://foodpanda.com.bd/restaurant/lpr8/kabab-bari-lpr8
a19x,77745,Yummy Yummy Live Bakery,,Dhaka,Mirpur 11,0.47,Cakes|Bakery,3.3,13,50.0,0.0,0.0,23.8199018,90.366687,Block D Rd Number 9,1216,https://foodpanda.com.bd/restaurant/a19x/yummy-yummy-live-bakery
gsls,77996,Mummy's Hotpot,,Dhaka,Mirpur 6,0.58,Snacks|Rice Dishes|Bangladeshi|Asian,0.0,0,50.0,0.0,0.0,23.81884142,90.36659886,"House - 11 Road - 07, Block - D. Apex Road Near Metro Station, Also Near Baitul Ehteram Jame Masjid, Mirpur 11, Dhaka - 1216",1216,https://foodpanda.com.bd/restaurant/gsls/mummys-hotpot
qpg8,76343,Yummy Yummy Restora,,Dhaka,Mirpur 11,0.46,Snacks|Curry|Rice Dishes|Indian|Biryani|Bangladeshi|Asian,3.9,42,50.0,0.0,0.0,23.8199541,90.36654,"House 14, Road 09, Block D, Mirpur 11, Dhaka 1216",1216,https://foodpanda.com.bd/restaurant/qpg8/yummy-yummy-restora
l4i1,114552,Bangla Bhojon,,Dhaka,Mirpur 10,0.51,Bangladeshi|Asian,4.8,37,50.0,0.0,35.0,23.8105857,90.367995,"Mirpur 10, block A, Road 4, House 4, Flat number 802, 1216 Mirpur, Dhaka, Bangladesh, 1216 Dhaka, Bangladesh",1216,https://foodpanda.com.bd/restaurant/l4i1
k1ou,77579,Q-Express - Mirpur 11.5,,Dhaka,Mirpur 11,0.11,Snacks|Beverage|Burgers|Western,3.0,13,50.0,0.0,0.0,23.824162,90.36656141,"Mirpur 1216 Block -B, Section 12, Pallabi, Mirpur, Dhaka 1216. Near M.D.C Model Institute main gate",1216,https://foodpanda.com.bd/restaurant/k1ou/q-express-mirpur-11-5
mzco,80656,Pizza King & Food Corner - Mirpur 12,,Dhaka,Mirpur DOHS,0.11,Snacks|Italian|Mediterranean|Pizza|Burgers|Western,4.0,32,50.0,0.0,0.0,23.82473027,90.36652214,"House - 1, Block - B, Road - 12, Mirpur  12, Pallabi",1216,https://foodpanda.com.bd/restaurant/mzco/pizza-king-and-food-corner-mirpur-12
dxwc,123447,Food Heaven,,Dhaka,Kafrul,0.76,Fast Food,0.0,0,50.0,0.0,35.0,23.7931842,90.3852639,"Patasha building, Ibrahimpur habbiulla road,1at floor,1075/3, 1206 মিরপুর, ঢাকা, Bangladesh",1206,https://foodpanda.com.bd/restaurant/dxwc
c1yg,72427,Rave Buffet and Rooftop,,Dhaka,Mirpur 6,0.46,Turkish|Kebab|Snacks|Rice Dishes|Middle Eastern,0.0,0,50.0,0.0,0.0,23.8162771,90.3662468,"House 11, Block-A, Section 11, EBL Building,Mirpur Road, Dhaka",1216,https://foodpanda.com.bd/restaurant/c1yg/rave-buffet-and-rooftop
vbk1,78173,Sky Moon Lounge & Rooftop,,Dhaka,Mirpur 6,0.6,Turkish|Kebab|Snacks|Curry|Rice Dishes|Middle Eastern|Beverage,4.6,20,50.0,0.0,0.0,23.818356,90.3658275,"RSH Tower (BATA/Sonali Bank Building), Plot: 23 (Lift- 9), Main Road: 03, Block: A,
Section: 11, Mirpur-11, Dhaka 1216
Metro Station, Gate B, Pillar 207.",1216,https://foodpanda.com.bd/restaurant/vbk1/sky-moon-lounge-and-rooftop
d4g5,77430,Pizza Panda,,Dhaka,Kafrul,0.92,Italian|Mediterranean|Pizza|Western|Fast Food,0.0,0,50.0,0.0,0.0,23.79204565,90.3876223,"Shop 3, Shadhinota Chottor, Kochukhet, Kochukhet Bazar, Dhaka",1230,https://foodpanda.com.bd/restaurant/d4g5/pizza-panda-d4g5
mwnu,77882,Crunch- Mirpur 10,Crunch,Dhaka,Mirpur 10,0.39,Fast Food,4.5,40,50.0,0.0,0.0,23.8094665,90.3677238,"House 2, Road 4, Block A, Section 6, Mirpur , Dhaka 1216",1216,https://foodpanda.com.bd/restaurant/mwnu/crunch-mirpur-10
u3hn,19300,Cheez - Mirpur,Cheez,Dhaka,Mirpur 10,0.37,Italian|Mediterranean|Pizza|Western,4.8,7012,50.0,0.0,0.0,23.80929965,90.3677099,"3rd Floor, Upoma Plaza, House 2/A, Road 4, Block A, Mirpur 6",1212,https://foodpanda.com.bd/restaurant/u3hn/cheez-mirpur
u1k8,77641,Ling Jing Chinese Restaurant - Mirpur,Ling Jing Chinese Restaurant,Dhaka,Mirpur 6,0.5,Curry|Chinese|Asian,4.4,241,50.0,0.0,0.0,23.8162379,90.3657762,"Madhuri Bhabhan, House No-02, Main Road -03, Section -07, Pallabi, Dhaka -1216, Mirpur 11 Bus stand,  Square Hospital first floor, beside Zam Zam Conventional Hall, Opposite of Rave Restaurant",1216,https://foodpanda.com.bd/restaurant/u1k8/ling-jing-chinese-restaurant-mirpur
c4zv,82133,Whatta Bowl - Mirpur,Whatta Bowl,Dhaka,Mirpur 6,0.5,Rice Dishes|Chinese|Asian,4.3,128,50.0,0.0,0.0,23.8162379,90.3657762,"Madhuri Bhabhan, House No-02, Main Road -03, Section -07, Pallabi, Dhaka -1216, Mirpur 11 Bus stand,  Square Hospital first floor, beside Zam Zam Conventional Hall, Opposite of Rave Restaurant",1216,https://foodpanda.com.bd/restaurant/c4zv/whatta-bowl-mirpur-c4zv
wet2,82096,Alfresco - Mirpur,Alfresco,Dhaka,Mirpur 6,0.5,Curry|Italian|Pasta|Mediterranean|Western|Fast Food,4.5,515,50.0,0.0,0.0,23.8162379,90.3657762,"Madhuri Bhabhan, House No-02, Main Road -03, Section -07, Pallabi, Dhaka -1216, Mirpur 11 Bus stand,  Square Hospital first floor, beside Zam Zam Conventional Hall, Opposite of Rave Restaurant",1216,https://foodpanda.com.bd/restaurant/wet2/alfresco-mirpur
fqa5,92923,RS CHINESE FOOD,,Dhaka,Shewrapara,0.68,Chinese|Asian,0.0,0,50.0,0.0,0.0,23.79420592,90.38185446,"Shohag Dreamland, Ibrahimpur Bazar Rd, 840/1, 1206 Mirpur, Dhaka, Bangladesh",1206,https://foodpanda.com.bd/restaurant/fqa5/rs-chinese-food
e5h6,79169,Kabab Lane,,Dhaka,Pallabi,0.16,Turkish|Kebab|Snacks|Curry|Middle Eastern|Beverage,0.0,0,50.0,0.0,0.0,23.8259201,90.3659292,"12/A, Road 4, House 1/5, Pallabi",1216,https://foodpanda.com.bd/restaurant/e5h6/kabab-lane
gla2,77082,Flame's,,Dhaka,Mirpur 10,0.31,Beverage|Burgers|Western|Fast Food,0.0,0,50.0,0.0,0.0,23.8087254,90.3675165,"Santino-BFC- Mirpur 10, Begum Rokeya Avenue, Dhaka, Bangladesh",1216,https://foodpanda.com.bd/restaurant/gla2/flames
i336,77826,Desh Crush,,Dhaka,Shewrapara,0.6,Snacks|Curry|Rice Dishes|Bangladeshi|Asian,0.0,0,50.0,0.0,0.0,23.7945381,90.3803401,"House - 829 Ibrahimpur Bazar Road, Ibrahimpur, Kafrul, Mirpur",1216,https://foodpanda.com.bd/restaurant/i336/desh-crush
oj4f,77812,Spice Symphony,,Dhaka,Mirpur 11,0.03,Turkish|Kebab|Middle Eastern|Beverage,4.3,6,50.0,0.0,0.0,23.8240474,90.365246,"Spice Symphony, Mirpur Share Egaro Bus Stoppage, Beside Anik Plaza",1216,https://foodpanda.com.bd/restaurant/oj4f/spice-symphony
n7z4,76434,Hot & Fry Cafe & Restaurant,,Dhaka,Mirpur 11,0.37,Snacks|Rice Dishes|Fast Food,0.0,0,50.0,0.0,0.0,23.8207289,90.3648642,"h- 68, r- 4, section -12, Mirpur , Block - B , Mirpur",1216,https://foodpanda.com.bd/restaurant/n7z4/hot-and-fry-cafe-and-restaurant
nvlf,127040,Chuijhal Special Khichuri Ghor,,Dhaka,Kafrul,1.02,Curry|Rice Dishes,0.0,0,50.0,0.0,35.0,23.79115846,90.38776463,"1 no dokan, rojoni ghondha super market, cantonment 1206",1206,https://foodpanda.com.bd/restaurant/nvlf/chuijhal-special-khichuri-ghor
ff1f,74025,Crazy Pizza,,Dhaka,Shewrapara,0.56,Italian|Mediterranean|Pizza|Western,0.0,0,50.0,0.0,0.0,23.79446023,90.37990553,"Ibrahimpur Rd 792/1 Ibrahimpur  bazar road ( pakar matha), 1206 Mirpur, Dhaka, Bangladesh",1206,https://foodpanda.com.bd/restaurant/ff1f/crazy-pizza-ff1f
op4n,123887,CoolFizz,,Dhaka,Mirpur 12,0.11,Dessert,0.0,0,50.0,0.0,35.0,23.8270385,90.3655403,"Doctor Food, House#65, Road#6, Block#A, Mirpur-12, Pallabi, Dhaka-1216, Dhaka, Bang, 1216 Mirpur, Dhaka, Bangladesh",1216,https://foodpanda.com.bd/restaurant/op4n
jfbi,123921,Foler Bari,,Dhaka,Mirpur 10,0.51,Juice Corner|Snacks|Beverage|Cafe|Dessert,4.5,25,50.0,0.0,35.0,23.81028265,90.36633185,"House-73, Block-C Avenue 5, Dhaka 1216",1216,https://foodpanda.com.bd/restaurant/jfbi/foler-bari
ugut,77135,Cafe Calculus,,Dhaka,Mirpur 6,0.62,Snacks|Beverage|Cafe|Sandwiches|Burgers|Western,3.9,41,50.0,0.0,0.0,23.8116335,90.3657031,"Math World,  House-19,Lane-07,Block-06,Section-06,Mirpur,Dhaka.(Behind Mirpur Indoor Stadium), 1216 Mirpur, Dhaka, Bangladesh",1216,https://foodpanda.com.bd/restaurant/ugut/cafe-calculus
lxk9,78218,Bismillah Adda Cart,,Dhaka,Mirpur DOHS,0.09,Snacks,0.0,0,50.0,0.0,0.0,23.824326,90.3646405,"Anik Plaza, Mirpur 11.5 Pallabi, Begum Rokeya Ave, Dhaka 1216",1216,https://foodpanda.com.bd/restaurant/lxk9/bismillah-adda-cart
pa8u,79190,Bhagyakul Bakery - Kachukhet,Bhagyakul Bakery,Dhaka,Kafrul,1.08,Cakes|Snacks|Dessert|Bakery,4.7,185,50.0,0.0,0.0,23.7906109,90.3877943,"House - 28, Kachukhet Mor, North Kafrul, Dhaka Cantonment",1206,https://foodpanda.com.bd/restaurant/pa8u/bhagyakul-bakery-kachukhet
pknm,78226,Nomnom Drive,,Dhaka,Mirpur 11,0.1,Rice Dishes,0.0,0,50.0,0.0,0.0,23.8237942,90.3645216,"City Club Market, Begum rokeya sarani, Pallabi, Mirpur, Dhaka",1216,https://foodpanda.com.bd/restaurant/pknm/nomnom-drive
jbl1,77580,Q-Bistro-Pallabi,,Dhaka,Mirpur 11,0.11,Snacks|Beverage|Burgers|Western,1.7,5,50.0,0.0,0.0,23.82413136,90.3644713,"Rongdhonu Shopping Mall, Mirpur 11.5 Bus stopage, Mirpur, Dhaka",1216,https://foodpanda.com.bd/restaurant/jbl1/q-bistro-pallabi
sdjt,54664,Thinking Cup Restaurant,Thinking Cup,Dhaka,Kafrul,1.1,Turkish|Italian|Western|Kebab|Snacks|Rice Dishes|Middle Eastern|Mediterranean|Breakfast|Indian|Soups|Pizza|Chinese|Asian|Fast Food,4.6,263,50.0,0.0,0.0,23.7904168,90.38786185,"1st Floor, 30/1 Uttor Kafrul 1206, Mirpur, Dhaka.",1206,https://foodpanda.com.bd/restaurant/sdjt/thinking-cup-restaurant-sdjt
xapv,77840,Allah Dhan Biriyani House,,Dhaka,Mirpur 11,0.11,Indian|Biryani|Asian,0.0,0,50.0,0.0,0.0,23.824074,90.3643907,"Anik Plaza, Mirpur Shaare Egaro, Pallabi, Mirpur, Dhaka 1216",1216,https://foodpanda.com.bd/restaurant/xapv/allah-dhan-biriyani-house
zp26,76486,Ruma's Kitchen,,Dhaka,Shewrapara,0.58,Curry|Rice Dishes|Bangladeshi|Asian,3.4,126,50.0,0.0,0.0,23.7928549,90.3815601,"642, Ibrahimpur Panir Pump,  North Kafrul,  Dhaka Cantonment",1216,https://foodpanda.com.bd/restaurant/zp26/rumas-kitchen-zp26
iy5l,49291,Puro Pastry & Bakery - Mirpur 11.5,Puro Pastry & Bakery - Dhaka,Dhaka,Mirpur 11,0.15,Cakes|Dessert|Fast Food,4.9,1503,50.0,0.0,0.0,23.8241767,90.3640629,"M.M Complex ,Ground Floor,2/11,Pallabi,Mirpur,Dhaka-1216",1216,https://foodpanda.com.bd/restaurant/iy5l/puro-pastry-and-bakery-mirpur-11-5
j7j2,124243,Brother Sister kitchen,,Dhaka,Senpara Parbata,0.11,Bangladeshi|Asian,0.0,0,50.0,0.0,35.0,23.79936565,90.37204648,"Manik vila, Kajipara / manik vila/ 769/1, 1216 Mirpur, Dhaka, Bangladesh",1216,https://foodpanda.com.bd/restaurant/j7j2/brother-sister-kitchen
h7m4,76821,Posh Lounge Rooftop,,Dhaka,Mirpur 12,0.21,Rice Dishes|Italian|Pasta|Beverage|Mediterranean|Cafe|Pizza|Burgers|Western|Fast Food,4.1,7,50.0,0.0,0.0,23.8272192,90.3644374,"Safura Tower (Beside Pallabi Metro Station,) House 45, Level- 9 Road 7, Mirpur - 12, Dhaka",1216,https://foodpanda.com.bd/restaurant/h7m4/posh-lounge-rooftop
y319,117259,Zannat's Kitchen,,Dhaka,Mirpur 11,0.25,Bangladeshi|Asian,0.0,0,50.0,0.0,35.0,23.8225093,90.3636074,"Block-E, Section-11, Mirpur, Pallabi, Flat-2B, House-71, Road-1/A Adarsha Nagar Main Road, 1216 Mirpur, Dhaka, Bangladesh",1216,https://foodpanda.com.bd/restaurant/y319
ktb2,55661,Shopnar Shopno,Shopnar Shopno,Dhaka,Shewrapara,1.0,Snacks|Curry|Rice Dishes|Beverage|Dessert|Bangladeshi|Asian,4.9,283,50.0,0.0,0.0,23.7903052,90.3862989,"Chowdhury Baree,Ground floor(right side), House no-78,88 N Kafrul Road,In front of Ahammodia Masque",1206,https://foodpanda.com.bd/restaurant/ktb2/shopnar-shopno
pfk6,78149,Taiba's Koyel Ranna Ghor,,Dhaka,Mirpur 10,0.37,Rice Dishes,0.0,0,50.0,0.0,0.0,23.8027726,90.368914,"Middle monipur, House 547 top floor, 1216 Mirpur, Dhaka, Bangladesh",1216,https://foodpanda.com.bd/restaurant/pfk6/taibas-koyel-ranna-ghor
z09z,76464,Morol Barir Rannaghor,,Dhaka,Mirpur 2,0.65,Snacks|Curry|Bangladeshi|Asian,4.7,65,50.0,0.0,35.0,23.8113196,90.3645617,"section 6.block c. house 5. Road 6.Mirpur Dhaka, 1216 Mirpur, Dhaka, Bangladesh",1216,https://foodpanda.com.bd/restaurant/z09z/morol-barir-rannaghor
a560,79174,Booom Fast Food,,Dhaka,Senpara Parbata,0.19,Snacks|Italian|Pasta|Mediterranean|Western,0.0,0,50.0,0.0,0.0,23.7982389,90.3726332,"Shwapno - Kazipara, Begum Rokeya Avenue Shopno er samne, 1216 Mirpur, Dhaka, Bangladesh",1216,https://foodpanda.com.bd/restaurant/a560/booom-fast-food
zfea,77947,Tasty Treat Cafe-Pallabi-Mirpur,Tasty Treat Cafe,Dhaka,Mirpur 12,0.27,Dessert,3.3,79,50.0,0.0,0.0,23.8269055,90.3639363,"Nokir Tower, 14/4 Pollobi, Mirpur-12, Dhaka - 1216",1216,https://foodpanda.com.bd/restaurant/zfea/tasty-treat-cafe-pallabi-mirpur
z54x,77347,Smart Food Corner,,Dhaka,Mirpur 6,0.72,Snacks|Dessert|Bakery,0.0,0,50.0,0.0,0.0,23.8146,90.3634705,"House 32, Opposite of Bangla School Girl Branch, Section 6, Block D, Road 3, Mirpur, Dhaka",1216,https://foodpanda.com.bd/restaurant/z54x/smart-food-corner
eavj,116286,Cht Kitchen,,Dhaka,Mirpur 10,0.15,Bangladeshi|Asian,0.0,0,50.0,0.0,35.0,23.8054131,90.3667225,"H - 5, R - 5, B block, Mirpur- 13, Dhaka, 1216 Mirpur, Dhaka, Bangladesh",1216,https://foodpanda.com.bd/restaurant/eavj/cht-kitchen
y69h,78121,Jhaltong,,Dhaka,Mirpur 12,0.26,Italian|Pasta|Mediterranean|Sandwiches|Burgers|Western,0.0,0,50.0,0.0,0.0,23.8280274,90.3640039,"Mirpur-12 Bus Stand, 17, 1216 Mirpur, Dhaka, Bangladesh",1216,https://foodpanda.com.bd/restaurant/y69h/jhaltong
zvz5,77733,Maya Kitchen,,Dhaka,Mirpur 6,0.73,Curry|Bangladeshi|Asian,0.0,0,50.0,0.0,0.0,23.8138629,90.3634694,"Mirpur 6, 1216 Mirpur, Dhaka, Bangladesh",1216,https://foodpanda.com.bd/restaurant/zvz5/maya-kitchen-zvz5
szqc,77565,Al-Amin Kabab Ghor,,Dhaka,Mirpur 2,0.33,Turkish|Kebab|Middle Eastern,3.2,52,50.0,0.0,0.0,23.80846344,90.36511783,"Section: 06, Block: A, Road: 02, House: 26/1, Mirpur Dhaka",1216,https://foodpanda.com.bd/restaurant/szqc/al-amin-kabab-ghor-szqc
lpke,75923,Shader Adda Juice Bar,,Dhaka,Mirpur 12,0.27,Juice Corner|Snacks|Beverage,4.6,88,50.0,0.0,0.0,23.82817188,90.36392274,"Sujat Mention, Near Bata, Mirpur 12, Bus stand, Dhaka",1216,https://foodpanda.com.bd/restaurant/lpke/shader-adda-juice-bar
a9ah,76413,Clock Dosa Express,,Dhaka,Mirpur 2,0.54,Snacks|Indian|Chinese|Asian|Fast Food|Dumpling,3.2,16,50.0,0.0,0.0,23.81032,90.3643659,"Mirpur-6 Kacha Bazar, Avenue 5 Dhaka mirpur 6",1216,https://foodpanda.com.bd/restaurant/a9ah/clock-dosa-express
ywuh,72445,The Savory,,Dhaka,Mirpur 12,0.3,Chicken|Soups|Meat|Burgers|Western|Fast Food,4.3,7,50.0,0.0,0.0,23.82855524,90.36373911,"Begum Rokeya Ave 3 Signature Food Court (9th Floor Prince Bazar Building ) Holding No. 3 Roof Top, Sultan Mansion Begum Rokeya Ave Dhaka 1216, 1216 Mirpur, Dhaka, Bangladesh",1216,https://foodpanda.com.bd/restaurant/ywuh/the-savory
vyta,76648,Kitchen Session,,Dhaka,Mirpur 12,0.31,Snacks|Rice Dishes|Sandwiches|Burgers|Western,0.0,0,50.0,0.0,35.0,23.8286345,90.363724,"Plot 3, 8th Floor, Signature Food Court, Pallabi, Dhaka 1216",1216,https://foodpanda.com.bd/restaurant/vyta/kitchen-session
xju7,78134,Hungry's Heaven,,Dhaka,Mirpur DOHS,0.28,Chicken|Rice Dishes|Sandwiches|Meat|Chinese|Burgers|Western|Asian|Fast Food|Dumpling,4.0,209,50.0,0.0,0.0,23.8244234,90.3627765,"SHOP NO: 06, MAWTS 1/C,1/A
PALLABI, MIRPUR-12",1216,https://foodpanda.com.bd/restaurant/xju7/hungrys-heaven
m8vd,122568,Taste La La Laa,,Dhaka,Mirpur 11,0.31,Fast Food,0.0,0,50.0,0.0,35.0,23.8231095,90.3625747,"Nova Strawberry, 29A/15, Pallabi, Mirpur, Dhaka, 1216 Mirpur, Dhaka, Bangladesh",1216,https://foodpanda.com.bd/restaurant/m8vd/taste-la-la-laa
ktk0,88037,Ayat's Kitchen,,Dhaka,Mirpur 2,0.35,Bangladeshi|Asian,0.0,0,50.0,0.0,0.0,23.8086184,90.3646043,"13 Road-2, Road-2 13, 1206 Mirpur, Dhaka, Bangladesh",1206,https://foodpanda.com.bd/restaurant/ktk0/ayats-kitchen-ktk0
ntkj,76602,Bubble Bar,Juice Plaza,Dhaka,Mirpur 12,0.35,Juice Corner|Snacks|Beverage,4.8,45,50.0,0.0,35.0,23.8292915,90.3637298,"Hazi Kudrat Ali Molla Super Market, 1/C, Harunabad, Harun Molla Road, Pollobi, Mirpur 12, Dhaka - 1216",1230,https://foodpanda.com.bd/restaurant/ntkj/bubble-bar
eg5m,107449,Roshui Ghor,,Dhaka,Senpara Parbata,0.11,Snacks|Curry|Bangladeshi|Asian,3.2,37,50.0,0.0,35.0,23.7980233,90.3712996,"Kazipara,mirpur house no:702, 1216 Mirpur, Dhaka, Bangladesh",1216,https://foodpanda.com.bd/restaurant/eg5m/roshui-ghor-eg5m
daoe,107987,Home chef,,Dhaka,Senpara Parbata,0.12,Curry|Bangladeshi|Asian,3.3,26,50.0,0.0,35.0,23.797945,90.37137035,"Mirpur kazipara, 702,exim bank goli, kazipara, mirpur dhaka, 1216 মিরপুর, ঢাকা, Bangladesh",1216,https://foodpanda.com.bd/restaurant/daoe
qvua,114073,Deshi Bytes,,Dhaka,Senpara Parbata,0.11,Snacks|Rice Dishes|Bangladeshi|Asian,4.9,17,50.0,0.0,35.0,23.798005,90.3712744,"Nanna Mia road, House No:700, 1216 Mirpur, Dhaka, Bangladesh",1216,https://foodpanda.com.bd/restaurant/qvua/deshi-bytes
g4r8,82309,Afsana's kitchen,,Dhaka,Shewrapara,0.41,Curry|Rice Dishes,0.0,0,50.0,0.0,0.0,23.79120163,90.38048585,"Agargaon, A243, 1207 60 Feet, Dhaka, Bangladesh",1207,https://foodpanda.com.bd/restaurant/g4r8/afsanas-kitchen-g4r8
kduj,81452,Shahana’s Cooking,,Dhaka,Shewrapara,0.28,Curry|Rice Dishes,0.0,0,50.0,0.0,0.0,23.79278393,90.37766718,"East Shewrapara,  Doreen apartment r opposite road, 1216 Mirpur, Dhaka, Bangladesh",1216,https://foodpanda.com.bd/restaurant/kduj/shahanas-cooking
xc89,78830,Nilima's Kitchen,,Dhaka,Senpara Parbata,0.13,Curry|Rice Dishes|Bangladeshi|Asian,0.0,0,50.0,0.0,0.0,23.7993542,90.369815,"947/1/3, East Monipur ,Mirpur dhaka - 1216",1219,https://foodpanda.com.bd/restaurant/xc89/nilimas-kitchen
dzx0,75924,Safe & Fresh food,,Dhaka,Senpara Parbata,0.07,Curry|Rice Dishes|Bangladeshi|Asian,4.3,29,50.0,0.0,0.0,23.7986865,90.3703816,"Bashundhara Ln 1b 721/7west kazipara, Bashundhara lane,  Dhaka-1216, 1216 Mirpur, Dhaka, Bangladesh",1216,https://foodpanda.com.bd/restaurant/dzx0/safe-and-fresh-food
eg9y,83139,Ghorer Khabar,,Dhaka,Mirpur 2,0.28,Curry|Bangladeshi|Asian,3.0,19,50.0,0.0,0.0,23.8032324,90.36620925,"933, East Monipur Road, 1038/4, 7UP Golli",1216,https://foodpanda.com.bd/restaurant/eg9y/ghorer-khabar-eg9y
dy7q,77648,The Hungry Hippo,,Dhaka,Mirpur 11,0.41,Beverage|Sandwiches|Burgers|Western,3.2,26,50.0,0.0,0.0,23.8237789,90.361429,"La Sierra House: 8/10 Road: 08 Word:06 Sector: 11.5 Mirpur, Bangladesh",1216,https://foodpanda.com.bd/restaurant/dy7q/the-hungry-hippo
zcbl,78501,Food Museum,,Dhaka,Mirpur 11,0.7,Snacks,0.0,0,50.0,0.0,0.0,23.8190818,90.3611734,"Infront of Milk Vita office, Milk Vitae Mor, Mirpur, Dhaka",1216,https://foodpanda.com.bd/restaurant/zcbl/food-museum-zcbl
rlw8,107067,Bachelor Rice,,Dhaka,Mirpur 2,0.6,Curry|Bangladeshi|Asian,0.0,0,50.0,0.0,35.0,23.8102945,90.3623868,"House 256, Section 11 Block C Avenue 5 line 20, 1216 Mirpur, Dhaka, Bangladesh",1216,https://foodpanda.com.bd/restaurant/rlw8/bachelor-rice
f25q,81965,Faiza Coffee House,,Dhaka,Mirpur 2,0.08,Juice Corner|Snacks|Beverage|Dessert,4.6,18,50.0,0.0,0.0,23.805707,90.3642833,"Mirpur 2 ,Shere bangla stadium 4 no gate,dhaka",1216,https://foodpanda.com.bd/restaurant/f25q/faiza-coffee-house-f25q
j928,75776,Mama Chotpoti O Fuska House,,Dhaka,Mirpur 2,0.09,Chotpoti & Fuchka|Bangladeshi|Asian,4.8,249,50.0,0.0,0.0,23.805641,90.3641518,"Mirpur-2 sher e bangla national cricket Stadium hasan mama biriyani house er pashe, 1216 Mirpur, Dhaka, Bangladesh",1216,https://foodpanda.com.bd/restaurant/j928/mama-chotpoti-o-fuska-house
lpkw,79485,Abesh Hotel & Biryani House- Mirpur-12 Cantonment,Abesh Hotel & Biryani House,Dhaka,Pallabi DOHS,0.46,Turkish|Kebab|Curry|Rice Dishes|Middle Eastern|Bangladeshi|Doi|Asian|Faluda,4.7,964,50.0,0.0,0.0,23.83360203,90.3636283,"Mirpur 12, Cantonment (Near Metro Rail Pillar No. 153), Dhaka.",1216,https://foodpanda.com.bd/restaurant/lpkw/abesh-hotel-and-biryani-house-mirpur-12-cantonment
w8ku,76015,Ya Habibi Cafe,,Dhaka,Mirpur 2,0.73,Snacks|Beverage,4.2,75,50.0,0.0,0.0,23.81131325,90.3615941,"Road 12, Block D, Mirpur 6, Dhaka 1216, Near Mukul Fouz Maath",1216,https://foodpanda.com.bd/restaurant/w8ku/ya-habibi-cafe
vgv0,66936,Food Rail,,Dhaka,Shewrapara,0.27,Curry|Italian|Pasta|Beverage|Mediterranean|Western,4.6,159,50.0,0.0,0.0,23.7925527,90.3751733,"965,east shewrapara ,Mirpur Dhaka -1216",1216,https://foodpanda.com.bd/restaurant/vgv0/food-rail
y97o,78844,RT Catering service,,Dhaka,Senpara Parbata,0.52,Rice Dishes,0.0,0,50.0,0.0,0.0,23.7944761,90.3723263,"House: 81/2 Wasa 3No Goli,West Shewrapara, Mirpur, Dhaka",1216,https://foodpanda.com.bd/restaurant/y97o/rt-catering-service-y97o
xdgm,76394,Tisha's Food Corner,,Dhaka,Shewrapara,0.17,Fast Food,0.0,0,50.0,0.0,0.0,23.79187507,90.37578408,"W Shewrapara - Ibrahimpur Rd 928 6th floor, 1207 মিরপুর, ঢাকা, Bangladesh",1207,https://foodpanda.com.bd/restaurant/xdgm/tishas-food-corner
jtxe,94376,RJ Food Corner,,Dhaka,Mirpur 2,0.62,Fast Food,0.0,0,50.0,0.0,0.0,23.8100323,90.3614383,"32, Section-6, B-Block Lane-1, 1216 Mirpur, Dhaka, Bangladesh",1216,https://foodpanda.com.bd/restaurant/jtxe/rj-food-corner-jtxe
kil8,98438,Tangail Sweets & Dairy,,Dhaka,Kazipara,0.06,Cakes|Sweets|Dessert|Doi,4.5,46,50.0,0.0,0.0,23.79754753,90.36873684,"534/A, middle monipur, mirpur 2, 
dhaka 1216",1206,https://foodpanda.com.bd/restaurant/kil8/tangail-sweets-and-dairy
y7kb,77939,Hack N Snack,,Dhaka,Mirpur 2,0.66,Chicken|Snacks|Meat|Asian,4.2,35,50.0,0.0,0.0,23.8103881,90.3612682,"4, Avenue 5, Avenue 5, Block - D, House 3/4, Mirpur 6, Dhaka",1216,https://foodpanda.com.bd/restaurant/y7kb/hack-n-snack
ik8t,92506,The Chow,,Dhaka,Mirpur 2,0.66,Rice Dishes|Noodles,4.3,22,50.0,0.0,0.0,23.81038,90.361262,"House:4,avenue-5,block-d,mirpur-6",1216,https://foodpanda.com.bd/restaurant/ik8t/the-chow
wp5f,78244,Home of Dairy,,Dhaka,Kazipara,0.06,Sweets|Dessert|Bangladeshi|Doi|Asian,4.4,13,50.0,0.0,0.0,23.7975236,90.3686667,"Frilled Attire/ Tangail Doi Ghor, 534/A,
Khejurtola masjid, Middle Monipur,
Mirpur 2, dhaka 1215.",1215,https://foodpanda.com.bd/restaurant/wp5f/home-of-dairy
uf7i,81375,Unun,,Dhaka,Shewrapara,0.54,Curry|Bangladeshi|Asian,4.9,130,50.0,0.0,0.0,23.7936986,90.3725613,"West Shewrapara, 229 wasa Road, West Shewrapara, 1216 Mirpur, Dhaka, Bangladesh",1216,https://foodpanda.com.bd/restaurant/uf7i/unun-uf7i
h6fh,89332,Food on the Wheel,,Dhaka,Mirpur 11,0.61,Bangladeshi|Asian,0.0,0,50.0,0.0,0.0,23.8228125,90.3596754,"Extension Pallabi Beside Ayesha Garments, House 7, Block B, flat 4A, 1216 Mirpur, Dhaka, Bangladesh",1216,https://foodpanda.com.bd/restaurant/h6fh/food-on-the-wheel
e66g,113441,Dolly's kitchen,,Dhaka,Kazipara,0.06,Curry|Rice Dishes|Bangladeshi|Asian,5.0,41,50.0,0.0,35.0,23.7977941,90.367935,"669/2, 3rd floor 669/2 middle monipur Khejurtolar mor ashe call dila hobe, baitul falah jaame masjid(khejurtola masjid), 1216 60 Feet, Dhaka, Bangladesh",1216,https://foodpanda.com.bd/restaurant/e66g
eugi,77984,Petuk Kitchen,,Dhaka,Kazipara,0.32,Snacks|Rice Dishes,4.9,275,50.0,0.0,0.0,23.7953891,90.3698391,"Baish Bari Road, Baish Bari Rd,827/5A, 1216 Mirpur, Dhaka, Bangladesh, 1216 Dhaka, Bangladesh, 1216 Dhaka, Bangladesh",1216,https://foodpanda.com.bd/restaurant/eugi/petuk-kitchen-eugi
nc2q,125046,Mehran Catering,,Dhaka,Kazipara,0.16,Bangladeshi|Asian,0.0,0,50.0,0.0,35.0,23.79673057,90.36766947,"Mirpur Adhunik school er pasher goli, 1216 60 Feet, Dhaka, Bangladesh",1216,https://foodpanda.com.bd/restaurant/nc2q/mehran-catering
rjld,64472,Moon's Food,,Dhaka,Kazipara,0.22,Snacks|Curry|Rice Dishes|Bangladeshi|Asian,4.9,400,50.0,0.0,0.0,23.7960603,90.3681775,"479 Nahar Garden, modina road .East Monipur Road, Dhaka 1216.",1216,https://foodpanda.com.bd/restaurant/rjld/moons-food
sdi2,88215,Ki Khaben,,Dhaka,Monipur,0.42,Bangladeshi|Asian,0.0,0,50.0,0.0,0.0,23.8076128,90.3603632,"House# 06 Road-05, Road-05 House# 06, Block-H, 1216 Mirpur, Dhaka, Bangladesh",1216,https://foodpanda.com.bd/restaurant/sdi2/ki-khaben
qo31,77916,Fresh Eatz,,Dhaka,Monipur,0.33,Rice Dishes|Fast Food,4.8,53,50.0,0.0,35.0,23.806828,90.360621,"House- 10, Road- 7, Block -H, Mirpur-2 Dhaka 1216, Bangladesh.",1216,https://foodpanda.com.bd/restaurant/qo31/fresh-eatz
pujl,76897,Pizza Circuit,,Dhaka,Shewrapara,0.19,Italian|Pasta|Mediterranean|Pizza|Burgers|Western,4.4,67,50.0,0.0,0.0,23.7902012,90.3746626,"692, West Shewrapara. Mirpur Dhaka 1216",1216,https://foodpanda.com.bd/restaurant/pujl/pizza-circuit
klqi,80508,Mariya's Kitchen,,Dhaka,Mirpur 11,0.97,Curry,0.0,0,50.0,0.0,0.0,23.8191248,90.3576038,"Rupnagar Abashik Arambag, Mirpur 7, Road No. 8, House No. C19, 1216 Mirpur, Dhaka, Bangladesh",1216,https://foodpanda.com.bd/restaurant/klqi/mariyas-kitchen
nsd3,116037,Tehari Mamma,,Dhaka,Monipur,0.21,Curry|Rice Dishes,0.0,0,50.0,0.0,35.0,23.8022194,90.3620612,"Baganbari, House 362, 60 Feet Road (Olimiar Tech Bazar er pore), Dhaka 1216, Bangladesh",1216,https://foodpanda.com.bd/restaurant/nsd3/tehari-mamma
oj85,76948,Terra Asia Bites,,Dhaka,Paikpara,0.59,Curry|Rice Dishes|Fast Food,3.6,38,50.0,0.0,0.0,23.79261636,90.36926857,"117/1C WEST SHEWRAPARA, MIRPUR, DHAKA, 1216 Mirpur, Dhaka, Bangladesh",1216,https://foodpanda.com.bd/restaurant/oj85/terra-asia-bites
wo12,76340,Kebabistan,,Dhaka,Monipur,0.17,Turkish|Kebab|Middle Eastern,0.0,0,50.0,0.0,0.0,23.8042335,90.3598417,"Love Road ( Opposite of Mirpur Central Mondir), Mirpur 2. Mirpur, Dhaka, Bangladesh",1216,https://foodpanda.com.bd/restaurant/wo12/kebabistan
r2ts,76603,Liza Home Kitchen,,Dhaka,Kazipara,0.39,Curry|Rice Dishes|Bangladeshi|Asian,4.4,51,50.0,0.0,35.0,23.7962134,90.3651603,"60 feet road, floor 5,house 379,Barek Mollar Mor,mollapara, 60 feet road Mirpur,Dhaka,Barek Mollar Mor, 60 Feet Road,",1217,https://foodpanda.com.bd/restaurant/r2ts/liza-home-kitchen
selm,77064,Manha Kitchen,,Dhaka,Mirpur 11,1.29,Curry|Rice Dishes|Bangladeshi|Asian,4.3,47,50.0,0.0,0.0,23.81600647,90.35626618,"Rupnagar Residential Area,  House 59 Road 20 East side, 1216 Mirpur, Dhaka, Bangladesh",1216,https://foodpanda.com.bd/restaurant/selm/manha-kitchen-selm
nqqh,125489,Pizzio,,Dhaka,Monipur,1.23,Bangladeshi|Asian,0.0,0,50.0,0.0,35.0,23.8139957,90.356281,Rupnagar mirpur,1216,https://foodpanda.com.bd/restaurant/nqqh/pizzio
wznu,91561,Aurvo,,Dhaka,Monipur,1.04,Fast Food,0.0,0,50.0,0.0,0.0,23.8122345,90.3566269,"East Kazi Para, 332/2A East Kazi Para, Road no 9, 1216 Mirpur, Dhaka, Bangladesh",1216,https://foodpanda.com.bd/restaurant/wznu/aurvo
q9a9,119457,Ghorer Ahar,,Dhaka,Shewrapara,0.57,Bangladeshi|Asian,0.0,0,50.0,0.0,35.0,23.7901483,90.3709551,"West Shewrapara, Ali Mia Tek, 159/21, 8B BayTul Falah Mosque er sthe, Leguna Garage er pashe, 1216 60 Feet, Dhaka, Bangladesh",1216,https://foodpanda.com.bd/restaurant/q9a9/ghorer-ahar
voh9,78958,Mamonir Rannaghor,,Dhaka,Shewrapara,0.39,Curry|Bangladeshi|Asian,0.0,0,50.0,0.0,0.0,23.7881199,90.3736584,"West Shewrapara, House 438/6, shapla shoroni, 1216 Mirpur, Dhaka, Bangladesh",1216,https://foodpanda.com.bd/restaurant/voh9/mamonir-rannaghor-voh9
fo63,77970,Najifa's Food,,Dhaka,Kazipara,0.53,Curry|Rice Dishes|Bangladeshi|Asian,0.0,0,50.0,0.0,0.0,23.7966026,90.3635491,"House 165, Flat A-4, Road beside Baitul Aman Jame Masjid, Section-2, West Monipur, Mirpur 2, Dhaka 1216.",১২১৬,https://foodpanda.com.bd/restaurant/fo63/najifas-food
jnf2,76423,Brownbites,,Dhaka,Monipur,0.54,Rice Dishes|Burgers|Western|Fast Food,0.0,0,50.0,0.0,0.0,23.79916515,90.3615485,"Dipti Anjum Palace,  1/7/2 Dipti Anjum Palace, Borobag, Mirpur-2, 1216 Mirpur, Dhaka, Bangladesh",1216,https://foodpanda.com.bd/restaurant/jnf2/brownbites
ulcq,113710,Cook & Go,,Dhaka,Shewrapara,0.53,Rice Dishes|Meat,4.9,18,50.0,0.0,35.0,23.78841319,90.37183909,"Bhuiyan Residence, West Shewrapara, 374/3, 1216 Mirpur, Dhaka, Bangladesh",1216,https://foodpanda.com.bd/restaurant/ulcq/cook-and-go
fjpp,116358,Afreen kitchen,,Dhaka,Rupnagar,0.98,Bangladeshi|Asian,0.0,0,50.0,0.0,35.0,23.8220803,90.3546058,"Mitali Bhaban, ahchaniya misson school er goli, Mirpur 1,shah ali Bag, Dhaka, Bangladesh, 1216 মিরপুর, ঢাকা, Bangladesh",1216,https://foodpanda.com.bd/restaurant/fjpp/afreen-kitchen
u3s8,80650,Sadd Kitchen,,Dhaka,Shewrapara,0.51,Curry|Bangladeshi|Asian,4.6,17,50.0,0.0,0.0,23.7860067,90.37543,"Shamim Sharani Panir Pump (WASA Pump), 363/3 soikot general store, 1216 60 Feet, Dhaka, Bangladesh",1216,https://foodpanda.com.bd/restaurant/u3s8/sadd-kitchen
ajn9,77322,Rajkonnar Ranna,,Dhaka,Shewrapara,0.51,Curry|Bangladeshi|Asian,3.4,46,50.0,0.0,0.0,23.7860003,90.37535795,"Taltala New Bazar Road Rd 186/3 Taltola samim saroni road, 1215 60 Feet, Dhaka, Bangladesh",1215,https://foodpanda.com.bd/restaurant/ajn9/rajkonnar-ranna
btvj,121581,Shilaidah's Kulfi,,Dhaka,Paikpara,0.5,Dessert,0.0,0,50.0,0.0,35.0,23.7949766,90.363545,"99/1, Ka, East Ahamed Nagar, Mirpur, Dhaka (Near Barek mollar more, 60 feet)",1216,https://foodpanda.com.bd/restaurant/btvj/shilaidahs-kulfi
p8x8,77676,Taste With Mariya,,Dhaka,Monipur,0.78,Curry|Rice Dishes|Doi,4.9,1367,50.0,0.0,0.0,23.808604,90.3556773,"Road 2/1, house 01,Shialbari Rupnagar R A Mirpur-2 Dhaka, 1216 Mirpur, Dhaka, Bangladesh, 1216 Dhaka, Bangladesh",1216,https://foodpanda.com.bd/restaurant/p8x8/taste-with-mariya
uupk,82743,Kacchi Kitchen - Mirpur 2,Kacchi Kitchen,Dhaka,Shewrapara,0.58,Rice Dishes,0.0,0,50.0,0.0,35.0,23.78556,90.3748,"Kamal Soroni Road, 762/4/D, 60feet road, beside monipur boys school, mirpur-2 dhaka 1216",1216,https://foodpanda.com.bd/restaurant/uupk/kacchi-kitchen-mirpur-2
vyhz,78155,Sabina Home Kitchen,,Dhaka,Paikpara,0.49,Curry|Rice Dishes|Bangladeshi|Asian,0.0,0,50.0,0.0,0.0,23.78964555,90.36870375,"98/b hasnahena poroma goli, paka mosjid road.",1216,https://foodpanda.com.bd/restaurant/vyhz/sabina-home-kitchen
b6p7,82740,One Kitchen-Taltola,One Kitchen,Dhaka,Shewrapara,0.6,Rice Dishes|Beverage|Soups|Fast Food,0.0,0,50.0,0.0,0.0,23.7852184,90.3752849,"House-176/4, 2nd Floor, Sargent Goli, West Kafrul ,Taltola, Mirpur, Dhaka.",1216,https://foodpanda.com.bd/restaurant/b6p7/one-kitchen-taltola
vx7x,78982,Banglar Ranna Ghor,,Dhaka,Paikpara,0.25,Snacks|Rice Dishes,0.0,0,50.0,0.0,0.0,23.7920405,90.36579794,"House - 306/7, Road No -01, Near Chillout Dine, Kamal Soroni, South Pirerbagh, 60 Feet, Mirpur, Dhaka - 1216",1216,https://foodpanda.com.bd/restaurant/vx7x/banglar-ranna-ghor-vx7x
ossa,123382,Sumus fresh home made dine,,Dhaka,Paikpara,0.45,Bangladeshi|Asian,2.9,32,50.0,0.0,35.0,23.78970339,90.36831587,"Poroma Goli, house/flat #84, plot # Middle Pirerbag, 60 feet Mirpur. Dhaka Poroma Goli, Opposite of Alim uddin School., 1216 60 Feet, Dhaka, Bangladesh",1216,https://foodpanda.com.bd/restaurant/ossa/sumus-fresh-home-made-dine
czjg,79652,Nahar Kitchen,,Dhaka,Paikpara,0.48,Curry|Rice Dishes,0.0,0,50.0,0.0,0.0,23.78940519,90.36858046,"Hasnahena , 91/B, poroma goli,pakamosjid, pirerbag, 1216 60 Feet, Dhaka, Bangladesh",1216,https://foodpanda.com.bd/restaurant/czjg/nahar-kitchen-czjg
ulxx,93011,Little Asia,,Dhaka,Shewrapara,0.66,Asian,0.0,0,50.0,0.0,0.0,23.78675706,90.37140769,"Shapla sharani culvert, 440/3-a shapla sharani, west shewrapara, mirpur,Flat - 203, 1216 Mirpur, Dhaka, Bangladesh",1216,https://foodpanda.com.bd/restaurant/ulxx/little-asia-ulxx
nt5v,77179,Healthy Food,,Dhaka,Monipur,0.66,Snacks,4.5,13,50.0,0.0,0.0,23.79910505,90.35777915,"Mirpur-1,  Jonota housing gate no 02, 1216 Mirpur, Dhaka, Bangladesh",1216,https://foodpanda.com.bd/restaurant/nt5v/healthy-food-nt5v
lu08,77492,Halal Dinnig,,Dhaka,Rupnagar,0.83,Curry|Rice Dishes|Bangladeshi|Asian,0.0,0,50.0,0.0,0.0,23.82658919,90.35141764,"11, Pallabi Road, House Name: Hemonto, House 1, Road 7, Pallabi Share 11, Mirpur",1216,https://foodpanda.com.bd/restaurant/lu08/halal-dinnig
ptpv,123510,The Pickle Engineer,,Dhaka,Rupnagar,1.45,Bangladeshi|Asian,0.0,0,50.0,0.0,35.0,23.83288717,90.35277838,"J block, 10 no road, Eastern Housing, Mirpur 12, 1216 Mirpur, Dhaka, Bangladesh",1216,https://foodpanda.com.bd/restaurant/ptpv/the-pickle-engineer
g3zc,116374,Tanjin's Kitchen,,Dhaka,Paikpara,0.82,Snacks|Curry|Rice Dishes|Bangladeshi|Asian,0.0,0,50.0,0.0,35.0,23.78510946,90.36947694,"Shanti Nibash, 162/1-A,south pirerbag,near amtola moshjid, 1216 60 Feet, Dhaka, Bangladesh",1216,https://foodpanda.com.bd/restaurant/g3zc
t5lu,13064,Kacchi Bhai - Mirpur - 1,Kacchi Bhai,Dhaka,Monipur,0.75,Curry|Rice Dishes|Indian|Biryani|Doi|Asian,4.5,25857,50.0,0.0,0.0,23.7998053,90.3557251,"Sony Square - 2nd Floor Of Sadhin Bangla Super Market, Mirpur 1 Circle",1216,https://foodpanda.com.bd/restaurant/t5lu/kacchi-bhai-mirpur-1
zuqt,75129,Coconut Cafe,,Dhaka,Monipur,0.96,Rice Dishes|Beverage|Fast Food,0.0,0,50.0,0.0,0.0,23.80612,90.3523783,"Dhaka Commerce College, Commerce College Road Road-5, Block-A, House-71, Rainkhola, Mirpur-2, Opposite of Dhaka Commerce College, Commerce College Road, Mirpur, Dhaka, 1216 Mirpur, Dhaka, Bangladesh",1216,https://foodpanda.com.bd/restaurant/zuqt/coconut-cafe
bkqq,125805,Organic kitchen,,Dhaka,Paikpara,0.4,Bangladeshi|Asian,2.5,12,50.0,0.0,35.0,23.7873004,90.365764,"310, South Pirerbag, 287/1E, Road 3 Jhilpar Jame Masjid",1216,https://foodpanda.com.bd/restaurant/bkqq
abkv,77731,Munni Home Kitchen,,Dhaka,Mirpur 1,0.54,Rice Dishes,4.7,62,50.0,0.0,0.0,23.79572083,90.35770063,"Salimuddin Mkt Rd 23 23/1f solimuddin market, Taqwa jame masjid, 1216 Mirpur, Dhaka, Bangladesh",1216,https://foodpanda.com.bd/restaurant/abkv/munni-home-kitchen
jyro,125521,Jenny's kitchen,,Dhaka,Monipur,0.8,Bangladeshi|Asian,0.0,0,50.0,0.0,35.0,23.8006461,90.3545317,"1216 মিরপুর, ঢাকা, Bangladesh",1216,https://foodpanda.com.bd/restaurant/jyro
lyfv,81117,Frozen Feast,,Dhaka,Rupnagar,1.14,Snacks|Bangladeshi|Asian,0.0,0,50.0,0.0,0.0,23.8306247,90.3509821,"House no 31, Block: J, Road: 01, Eastern Housing Mirpur Dhaka 1216",1216,https://foodpanda.com.bd/restaurant/lyfv/frozen-feast
osd6,78254,Testy Trunk,,Dhaka,Monipur,0.81,Chicken|Soups|Meat|Chinese|Asian|Dumpling,1.5,7,50.0,0.0,0.0,23.8008615,90.35431845,"Mirpur 1, Road: 5, Besides Arrong mirpur 1",1215,https://foodpanda.com.bd/restaurant/osd6/testy-trunk
vtwe,78788,Arif Food Mirpur,,Dhaka,Monipur,0.81,Chinese|Burgers|Western|Asian|Fast Food|Dumpling,3.3,7,50.0,0.0,0.0,23.8009142,90.35423665,"Mirpur1, Nearby aarong (Opposite of BFC Mirpur-01)",1216,https://foodpanda.com.bd/restaurant/vtwe/arif-food-mirpur
e4rb,93538,Bangla Ghor,,Dhaka,Rupnagar,0.71,Bangladeshi|Asian,0.0,0,50.0,0.0,0.0,23.82677615,90.34969491,"পল্লবী ২য় পর্ব (ইস্টার্ন হাউজিং), Rode.10 block .L house.1, 1052 মিরপুর, ঢাকা, Bangladesh",1052,https://foodpanda.com.bd/restaurant/e4rb/bangla-ghor-e4rb
do66,82943,Home Kitchen,,Dhaka,Rupnagar,1.32,Curry|Rice Dishes,0.0,0,50.0,0.0,0.0,23.8324997,90.3510181,"বর্ধীত পল্লবী, আলুব্দী  ঈদগাহমাঠ  সংলগ্ন রোড,  জে ব্লোক, রোড নং ৫, বাড়ী নং ৩০",1216,https://foodpanda.com.bd/restaurant/do66/home-kitchen-do66
jljc,94281,Restaurant House,,Dhaka,Monipur,0.89,Bangladeshi|Asian,0.0,0,50.0,0.0,35.0,23.8022909,90.3529748,"House-30, Road-09, block-E Section 1 mirpur,dhaka-1216",1216,https://foodpanda.com.bd/restaurant/jljc/restaurant-house-jljc
dfsz,87034,Momo House,,Dhaka,Paikpara,0.26,Indian|Asian,4.1,5,50.0,0.0,0.0,23.789767,90.361589,"Middle Paikpara, Mirpur-1, Dhaka, Bangladesh, Sajeda's dream 137/3 Bou bazar, 1216 Mirpur, Dhaka, Bangladesh",1216,https://foodpanda.com.bd/restaurant/dfsz/momo-house-dfsz
h69g,77418,Mango Home Kitchen,,Dhaka,Mirpur 1,0.54,Snacks|Rice Dishes,0.0,0,50.0,0.0,0.0,23.7933842,90.3582996,"Ahamed nagar paikpara, boshir uddin School er purbo paser gate ar samner Golapi colur Building, 212/1 Mallik vila, 1216 Mirpur, Dhaka, Bangladesh",1216,https://foodpanda.com.bd/restaurant/h69g/mango-home-kitchen
kpk7,127375,TS Cake House,,Dhaka,Rupnagar,0.82,Bangladeshi|Asian,0.0,0,50.0,0.0,35.0,23.82838234,90.34905385,Eastern housing block F road S/2 House 35,1216,https://foodpanda.com.bd/restaurant/kpk7/ts-cake-house
y661,96524,Ferdousi Pitta Ghor,,Dhaka,Monipur,1.19,Bangladeshi|Asian,4.4,81,50.0,0.0,0.0,23.8068231,90.3501834,"Ayesha Garden, House 8/9A,  Shahin Pukur Road, Block - New C, Section 1, 1216 Mirpur, Dhaka, Bangladesh",1216,https://foodpanda.com.bd/restaurant/y661/ferdousi-pitta-ghor
r3yu,77975,MR Kitchen,,Dhaka,Monipur,1.12,Snacks|Curry|Bangladeshi|Asian,0.0,0,50.0,0.0,0.0,23.8055767,90.3506133,"Rd No. 1 1 Near avenue 1,block C, section 1,Mirpur Dhaka, 1216 Mirpur, Dhaka, Bangladesh",1216,https://foodpanda.com.bd/restaurant/r3yu/mr-kitchen-r3yu
ztej,75946,Food Valley,,Dhaka,Monipur,1.19,Snacks|Curry|Beverage|Bangladeshi|Asian,4.9,20,50.0,0.0,0.0,23.80671773,90.35020539,"Ayasha Garden, Plot-8/9A, Lane-1/2, Shainpokur road, Rainkhola, Mirpir-1. Dhaka-1216, 1216 Mirpur, Dhaka, Bangladesh",1216,https://foodpanda.com.bd/restaurant/ztej/food-valley-ztej
pz4d,77000,Mrittika's Kitchen,,Dhaka,Monipur,1.2,Snacks|Bangladeshi|Asian,4.8,261,50.0,0.0,0.0,23.80680049,90.35014336,"Zoo Road Ayesha Garden, 2nd Floor, Plot-8/9A, Lane-1/2, Shainpukur, Zoo Road, Rainkhola, Mirpur-1, Dhaka-1216, 1216 Mirpur, Dhaka, Bangladesh",1216,https://foodpanda.com.bd/restaurant/pz4d/mrittikas-kitchen-pz4d
dfwh,77905,Summu's Matbakh,,Dhaka,Paikpara,0.54,Bangladeshi|Asian,0.0,0,50.0,0.0,0.0,23.7915157,90.3588512,"Ahmednagar Chapakhana more Mirpur 1, 56/B, Mirpur, Dhaka, Bangladesh",1216,https://foodpanda.com.bd/restaurant/dfwh/summus-matbakh
zysi,92244,Hasin’s Food Diary,,Dhaka,Monipur,1.07,Bangladeshi|Asian,0.0,0,50.0,0.0,35.0,23.8034417,90.3509897,"Road-4, house-23, block-E, Mirpur-1",1216,https://foodpanda.com.bd/restaurant/zysi/hasins-food-diary
gms2,96220,A.R Catering Service,,Dhaka,Mirpur 1,0.79,Bangladeshi|Asian,4.4,6,50.0,0.0,0.0,23.80059099,90.3520496,"Mirpur-1, Road -3,house-30,flat 5b, 1216 Mirpur, Dhaka, Bangladesh",1216,https://foodpanda.com.bd/restaurant/gms2/a-r-catering-service
xj14,106807,Cooking Stove Express,,Dhaka,Paikpara,0.54,Fast Food,0.0,0,50.0,0.0,35.0,23.7856576,90.3633428,"South paikpara, 368/1 kallyanpur dhaka, 1216  Bangladesh",1216,https://foodpanda.com.bd/restaurant/xj14/cooking-stove-express
zmhw,109391,Sumaya  Food Kitchen,,Dhaka,Mirpur 1,0.83,Chicken|Italian|Pasta|Beverage|Mediterranean|Meat|Western,0.0,0,50.0,0.0,35.0,23.80079,90.3511062,"House-18,Road-7,Block-D,Mirpur-1, 1216 Mirpur, Dhaka, Bangladesh",1216,https://foodpanda.com.bd/restaurant/zmhw/sumaya-food-kitchen
cs8g,124245,Afrin Kitchen,,Dhaka,Mirpur 1,0.24,Chinese|Asian,0.0,0,50.0,0.0,35.0,23.7956037,90.3536548,"Mijan enterprise , botola, Mirpur-1, Dhaka, Bangladesh",1216,https://foodpanda.com.bd/restaurant/cs8g
cf16,97924,Tasty Tend,,Dhaka,Mirpur 1,0.24,Fast Food,0.0,0,50.0,0.0,0.0,23.7956037,90.3536548,"Mirpur 1, Mirpur 1 cheriya khana road, 1216 মিরপুর, ঢাকা, Bangladesh",1216,https://foodpanda.com.bd/restaurant/cf16/tasty-tend
dx9j,85920,Akhi's Kitchen,,Dhaka,Mirpur 1,1.23,Bangladeshi|Asian,0.0,0,50.0,0.0,0.0,23.80399875,90.34915298,"Mirpur-1, H-10, Road -09, Block -New C, Section -1, Mirpur Dhaka -1216, 1216 Mirpur, Dhaka, Bangladesh",1216,https://foodpanda.com.bd/restaurant/dx9j/akhis-kitchen-dx9j
a149,80977,Huzifa Kitchen,,Dhaka,Monipur,1.35,Curry|Rice Dishes|Bangladeshi|Asian,0.0,0,50.0,0.0,0.0,23.8056771,90.34836662,"Shah Ali Thana Mirpur 1, Section-1,block-B,house-লালদালান*ক*, flat-24,road-1, 1216 Mirpur, Dhaka, Bangladesh",1216,https://foodpanda.com.bd/restaurant/a149/huzifa-kitchen-a149
qvr1,78117,Ghoroa Shaad,,Dhaka,Mirpur 1,0.41,Curry|Rice Dishes|Dessert|Bangladeshi|Asian,5.0,312,50.0,0.0,35.0,23.791175,90.3560903,House 367/3 Ahmmednagar paikpara. Mirpur Dhaka 1216.,1216,https://foodpanda.com.bd/restaurant/qvr1/ghoroa-shaad-qvr1
zzcs,97392,Iconic food,,Dhaka,Mirpur 1,0.95,Bangladeshi|Asian,0.0,0,50.0,0.0,0.0,23.80144821,90.34959583,"Mirpur 1. Block-D. House.26, 1216 Mirpur, Dhaka, Bangladesh",1216,https://foodpanda.com.bd/restaurant/zzcs/iconic-food
xvrb,78008,Mix Chip,,Dhaka,Mirpur 1,1.06,Snacks|Fast Food,0.0,0,50.0,0.0,0.0,23.8022371,90.3488477,"Dhaka Mirpur 1 
Block A Road No 8 Bari no.11",A block,https://foodpanda.com.bd/restaurant/xvrb/mix-chip
fhhx,91238,Yamm Za,,Dhaka,Mirpur 1,1.22,Italian|Mediterranean|Western,0.0,0,50.0,0.0,0.0,23.8034623,90.3480318,"Yammza, Rd 1 House-1, 1216 Mirpur, Dhaka, Bangladesh",1216,https://foodpanda.com.bd/restaurant/fhhx/yamm-za
pzil,80981,Tania's Kitchen,,Dhaka,Mirpur 1,0.54,Rice Dishes|Bangladeshi|Asian,0.0,0,50.0,0.0,0.0,23.7897129,90.3563686,"moddho paikpara, ansarcamp, mirpur-1, dhaka, 5/1/I, 1216 Mirpur, Dhaka, Bangladesh",1216,https://foodpanda.com.bd/restaurant/pzil/tanias-kitchen-pzil
su9k,82188,SF FOODIANA,,Dhaka,Mirpur 1,0.42,Snacks|Fast Food,0.0,0,50.0,0.0,0.0,23.7904495,90.35551542,"Joba Neer, 2nd Floor, 5/1, 1216 Mirpur, Dhaka, Bangladesh",1216,https://foodpanda.com.bd/restaurant/su9k/sf-foodiana
odcf,76574,Mr. Potato,,Dhaka,Mirpur 1,0.23,Snacks|Burgers|Western,1.4,5,50.0,0.0,0.0,23.7916349,90.3539367,"Ansar Camp Road, Ansar Camp Rd Bus Stand,Ansar Camp Road, Mirpur-1",1216,https://foodpanda.com.bd/restaurant/odcf/mr-potato
uq1n,82139,Homemade Chef,,Dhaka,Mirpur 1,0.3,Rice Dishes|Bangladeshi|Asian,0.0,0,50.0,0.0,0.0,23.7910823,90.3542513,"20/1, Ansar Camp Rd, 1216 Mirpur, Dhaka, Bangladesh",1216,https://foodpanda.com.bd/restaurant/uq1n/homemade-chef
ugsh,78181,Mayer Hater Ranna,,Dhaka,Mirpur 1,1.29,Curry|Rice Dishes|Bangladeshi|Asian,4.1,9,50.0,0.0,0.0,23.8036053,90.3468223,"Mirpur - 01, Block - A , Road - 3, Shah Ali Thana , Mirpur, Dhaka.",1216,https://foodpanda.com.bd/restaurant/ugsh/mayer-hater-ranna-ugsh
lcbf,77870,Deshi Food Shop (South Bishil) - pandago,,Dhaka,Mirpur 1,0.27,Bangladeshi|Asian,0.0,0,50.0,0.0,0.0,23.79505454,90.35091905,"Bismillah Store, 163/2, South Bishil, Mirpur-01, Dhaka-1216",1216,https://foodpanda.com.bd/restaurant/lcbf/deshi-food-shop-south-bishil-pandago
l6hr,77139,Farzana's Kitchen,,Dhaka,Mirpur 1,0.68,Curry|Rice Dishes|Bangladeshi|Asian,4.9,9,50.0,0.0,0.0,23.7983594,90.3489751,"Mirpur-1,  Uttor Bisil,13no Rode,7 no Basa,Mirpur 1 Dhaka 1216, 1216 Mirpur, Dhaka, Bangladesh",1216,https://foodpanda.com.bd/restaurant/l6hr/farzanas-kitchen-l6hr
yum5,78032,Chill250,,Dhaka,Mirpur 1,0.32,Beverage,0.0,0,50.0,0.0,0.0,23.79103096,90.35142083,"Rose Valley, Uttor Tolarbag Rd 1, 1216 Mirpur, Dhaka, Bangladesh",1216,https://foodpanda.com.bd/restaurant/yum5/chill250
rbox,77189,Mithi Kitchen,,Dhaka,Mirpur 1,0.44,Curry|Rice Dishes|Dessert|Bangladeshi|Asian,4.9,31,50.0,0.0,0.0,23.789886,90.351211,"Tolarbag 2nd Lane Tolarbag 2lane house 16/4 5 floor, 1216 Mirpur, Dhaka, Bangladesh",1216,https://foodpanda.com.bd/restaurant/rbox/mithi-kitchen
ypvc,80568,Zelpy Food,,Dhaka,Mirpur 1,0.52,Snacks|Rice Dishes,0.0,0,50.0,0.0,0.0,23.79365825,90.34793334,"ocean Dew, Flat: C1, 42/B/B, Shahid Buddhijibi Graveyard, Mazar Rd 1",1216,https://foodpanda.com.bd/restaurant/ypvc/zelpy-food
ft5k,115874,Designer's Food House,,Dhaka,Mirpur 1,0.47,Rice Dishes|Fast Food,2.8,75,50.0,0.0,35.0,23.79204272,90.34863598,"AJR Currier Service's Building,Mazar Road, 2nd colony, 10/A, 2nd Colony,Mazar Road,Mirpur-1,Dhaka-1216, 1216 Mirpur, Dhaka, Bangladesh",1216,https://foodpanda.com.bd/restaurant/ft5k/designers-food-house
xwnp,119691,Testy Hub Mirpur,,Dhaka,Mirpur 1,0.47,Bangladeshi|Asian,2.2,10,50.0,0.0,35.0,23.7920491,90.3486268,"AJR Currier Service's Building.Mirpur-1,Mazar Road,2nd Colony,, House No-10/A, 3rd Floor, 1216 Mirpur, Dhaka, Bangladesh",1216,https://foodpanda.com.bd/restaurant/xwnp/testy-hub-mirpur
va7h,119543,Tehari Pagla,,Dhaka,Beribadh,0.55,Bangladeshi|Asian,0.0,0,50.0,0.0,35.0,23.7901341,90.3479675,"Sheltech Bithika, Mazar Road, Tower 2, 1216 Mirpur, Dhaka, Bangladesh",1216,https://foodpanda.com.bd/restaurant/va7h/tehari-pagla
qpls,78114,Tamanna's Kitchen,,Dhaka,Mirpur 1,1.05,Snacks,0.0,0,50.0,0.0,0.0,23.7956066,90.3429426,"Golartek Mosque Road, Golartek Mosque Rd, 1402 Mirpur, Dhaka, Bangladesh",1402,https://foodpanda.com.bd/restaurant/qpls/tamannas-kitchen-qpls
qd20,127646,Fresh Kitchen,,Dhaka,Beribadh,0.63,Bangladeshi|Asian,0.0,0,50.0,0.0,35.0,23.7915821,90.3437671,"Bardhanbari, 1st floor, Number: A, Bardhanbari, 49 Darus Salam Rd, Dhaka",1216,https://foodpanda.com.bd/restaurant/qd20/fresh-kitchen-qd20
iwx9,105324,Hena Test Foods,,Dhaka,Beribadh,0.71,Bangladeshi|Asian,0.0,0,50.0,0.0,35.0,23.7919834,90.3426605,"Mamtaj Mahamal, 100/102 Golartek Mirpur 1 Main gate of Siddhanta School, 1216 Gabtoli, Dhaka, Bangladesh",1216,https://foodpanda.com.bd/restaurant/iwx9/hena-test-foods
qclz,75753,Tahiya's Kitchen,,Dhaka,Beribadh,0.86,Curry|Rice Dishes|Bangladeshi|Asian,5.0,74,50.0,0.0,0.0,23.7929324,90.3412381,"Golartek Playground,  House#70, Flat# 5/B, Palpara Ghat Road, 1216 Mirpur, Dhaka, Bangladesh",1216,https://foodpanda.com.bd/restaurant/qclz/tahiyas-kitchen-qclz
s4d8,129629,Ammajan Foodcart Shop,,Dhaka,Shewrapara,0.51,,0.0,0,50.0,0.0,35.0,23.79073383,90.37154106,"পশ্চিম শেওড়াপাড়া, পিরেরবাগ রোড",1216,https://foodpanda.com.bd/restaurant/s4d8/ammajan-foodcart-shop
xp8r,129172,Khide Lagse Naki,,Dhaka,Monipur,0.74,,0.0,0,50.0,0.0,35.0,23.8021045,90.35453608,Mirpur-1,1216,https://foodpanda.com.bd/restaurant/xp8r/khide-lagse-naki
xoy3,128649,Snemo's Pasta Lab,,Dhaka,Shewrapara,0.46,,4.7,7,50.0,0.0,35.0,23.788184,90.37276,"453/2-A west Sawrapara, Mirpur, Dhaka",1216,https://foodpanda.com.bd/restaurant/xoy3/snemos-pasta-lab
cv35,129110,Chicken Tiken,,Dhaka,Mirpur 7,0.19,,0.0,0,50.0,0.0,35.0,23.81715163,90.37025539,"mirpur 12, road- 3, house- 84 , block- E",1216,https://foodpanda.com.bd/restaurant/cv35/chicken-tiken
a4zv,126749,Rajbari Express Fuchka & Chotpoti,,Dhaka,Mirpur 7,0.18,,0.0,0,50.0,0.0,35.0,23.8172565,90.3704486,"Dhaka,Mirpur-1,godara ghat, h block,3no  road",1216,https://foodpanda.com.bd/restaurant/a4zv/rajbari-express-fuchka-and-chotpoti
l23n,126657,Ayat Kitchen Mirpur,,Dhaka,Kochukhet,0.32,,0.0,0,50.0,0.0,35.0,23.8142885,90.3900339,"Bashantek Bazar,Thonertek sorker Bari more.",1206,https://foodpanda.com.bd/restaurant/l23n/ayat-kitchen-mirpur
hwyv,128491,SURA'S Kitchen,,Dhaka,Dhaka Cantonment,0.94,,0.0,0,50.0,0.0,35.0,23.82560855,90.39114311,"Manikdi Namapara Tin Rasta, Manikdi Bazar Road, West",1206,https://foodpanda.com.bd/restaurant/hwyv/suras-kitchen-hwyv
lbfe,130728,Noor's Kitchen,,Dhaka,Monipur,0.23,,0.0,0,50.0,0.0,35.0,23.8020325,90.3622008,Bangladesh,1216,https://foodpanda.com.bd/restaurant/lbfe
qr4b,129610,Tripty Ghor,,Dhaka,Shewrapara,1.1,,0.0,0,50.0,0.0,35.0,23.7888679,90.3871272,"132 N Kafrul Rd, N Kafrul Rd, 132",1206,https://foodpanda.com.bd/restaurant/qr4b/tripty-ghor
wp29,129585,Home Made Food,,Dhaka,Mirpur 7,1.04,,0.0,0,50.0,0.0,35.0,23.8133626,90.3815855,পলাশ নগর কবর এসস্থান মিরপুর ১১ ঢাকা ১২১৬.,1216,https://foodpanda.com.bd/restaurant/wp29/home-made-food-wp29
sdim,126728,Safa Briyani,,Dhaka,Mirpur 13,0.21,,0.0,0,50.0,0.0,35.0,23.8271186,90.3703141,"হোল্ডিং ২৬, রোড ২৫, ব্লক ডি, সেকশন ১২",1216,https://foodpanda.com.bd/restaurant/sdim/safa-briyani
v3e9,128473,Mom's Homemade Kitchen,,Dhaka,Senpara Parbata,0.43,,0.0,0,50.0,0.0,35.0,23.7953614,90.3724084,"Krishibid Road, Krishibid Rd",1216,https://foodpanda.com.bd/restaurant/v3e9
o4zy,79557,Tehari Ghor - Mirpur 10,,Dhaka,Mirpur 10,0.12,,4.7,1262,50.0,0.0,0.0,23.80584921,90.36917252,"Shah Ali Plaza, Sazeda Mansion, Mirpur-10, Dhaka",1216,https://foodpanda.com.bd/restaurant/o4zy/tehari-ghor-mirpur-10
rth8,78140,Allahor Dan Biriani House,,Dhaka,Kafrul,0.11,Rice Dishes|Indian|Biryani|Asian,3.4,9,50.0,0.0,0.0,23.7991187,90.3846041,"Mirpur 14 Bus Stand, House No. 110, Battalion Bou Bazar,Goalbari, Mirpur 14. Dhaka 1206,",1206,https://foodpanda.com.bd/restaurant/rth8/allahor-dan-biriani-house
tjpy,37914,Adarsho Cafe Noor,,Dhaka,Kafrul,0.38,Snacks|Burgers|Western|Fast Food,4.2,13,50.0,0.0,0.0,23.7990992,90.3814112,House NHB 18/4 kafrul mirpur 14  Dhaka 1216,1206,https://foodpanda.com.bd/restaurant/tjpy/adarsho-cafe-noor
xrb5,73884,Paragon Momo - Shwapno Kazipara,Paragon Momo,Dhaka,Senpara Parbata,0.18,Chinese|Asian|Dumpling,4.8,77,50.0,0.0,0.0,23.79825069,90.37253834,"House - 544/C/2, East Kazipara, Begum Rokeya Avenue, Mirpur",1216,https://foodpanda.com.bd/restaurant/xrb5/paragon-momo-shwapno-kazipara
u6kj,16555,Kazi Hotel & Restaurant,,Dhaka,Senpara Parbata,0.31,Snacks|Curry|Rice Dishes|Bangladeshi|Asian,3.0,838,50.0,0.0,0.0,23.79713505,90.3733057,"557/1, East Kazipara, Bus Stand",1216,https://foodpanda.com.bd/restaurant/u6kj/kazi-hotel-and-restaurant
gjn6,58324,Puro Pastry & Bakery - Mirpur 6,Puro Pastry & Bakery - Dhaka,Dhaka,Mirpur 2,0.54,Cakes|Dessert|Fast Food,4.8,979,50.0,0.0,0.0,23.8103126,90.36417205,"Section- 6 , Block b, Avenue 5, Mirpur Dhaka 1216",1216,https://foodpanda.com.bd/restaurant/gjn6/puro-pastry-and-bakery-mirpur-6
j516,79225,Chicken Khabo,,Dhaka,Shewrapara,0.18,Snacks|Rice Dishes|Burgers|Western,4.7,24,50.0,0.0,35.0,23.7898242,90.3748489,"675, West Shewrapara Mosque Road, 675 west shewrapara , mirpur Dhaka",1216,https://foodpanda.com.bd/restaurant/j516/chicken-khabo
zi3u,76408,Domino’s Pizza Ibrahimpur,Domino's Pizza,Dhaka,Kafrul,0.55,Italian|Mediterranean|Pizza|Western,4.3,247,0.0,39.0,20.0,23.7955788,90.3875198,"""Mousumi and Bhuiyan Plaza,
283, Kachukhet Main Road, Ibrahimpur,  Dhaka-1206.""",1206,https://foodpanda.com.bd/restaurant/zi3u/dominos-pizza-ibrahimpur
rvow,73115,Traditional Hazi Biryani,Traditional Hazi Biryani,Dhaka,Mirpur 10,0.02,Rice Dishes|Indian|Biryani|Asian,3.6,1239,50.0,0.0,60.0,23.8058063,90.3680201,"House No - 36, Ruhunnessa Villa, Block-Kha, Boundary Road, Mirpur-10, Dhaka",1216,https://foodpanda.com.bd/restaurant/rvow/traditional-hazi-biryani
vopm,93605,Oven Cheese Pizza,,Dhaka,Mirpur 1,0.71,Snacks|Italian|Beverage|Mediterranean|Pizza|Western,4.4,180,50.0,0.0,70.0,23.79980455,90.3520658,"House-19, Road-05, Block-F, Mirpur-01, Dhaka, Bangladesh",1216,https://foodpanda.com.bd/restaurant/vopm/oven-cheese-pizza
skif,104552,BiteBox,,Dhaka,Taltola,1.06,Noodles|Burgers|Western|Fast Food,2.3,46,50.0,0.0,50.0,23.8089967,90.37936,"House :3, House: 03, Section: 13, Block: C, Road: 01, 1216 Mirpur, Dhaka, Bangladesh, House :3, House: 03, Section: 13, Block: C, Road: 01, 1216, 1216 Mirpur, Dhaka, Bangladesh",1216,https://foodpanda.com.bd/restaurant/skif
x2ty,23377,Ahar Restaurant - Mirpur,Ahar Restaurant - Mirpur,Dhaka,Mirpur 1,1.01,Snacks|Curry|Rice Dishes|Beverage|Fast Food,4.6,1051,50.0,0.0,75.0,23.801971,90.3494471,"Ahar Restaurant 
road no 7,house no 1,block C,Dhaka 1216",1216,https://foodpanda.com.bd/restaurant/x2ty/ahar-restaurant-mirpur
p4j2,122645,Korean Cheese Coin,,Dhaka,Kazipara,0.44,Cakes|Beverage|Cafe,4.7,181,50.0,0.0,45.0,23.7941667,90.3676116,"303, South Monipur, Mirpur, Dhaka 1216",1216,https://foodpanda.com.bd/restaurant/p4j2/korean-cheese-coin
s0c1,76435,Cryptails,,Dhaka,Mirpur 2,0.64,Juice Corner|Snacks|Beverage|Burgers|Western|Fast Food,4.4,104,50.0,0.0,80.0,23.81025035,90.36143595,"67/5, Block-D, House 3, 4 Avenue 5, Dhaka 1216, 5 Road Number 4th, Dhaka 1216",1216,https://foodpanda.com.bd/restaurant/s0c1/cryptails
ufck,61994,Whatta Bowl - Mirpur 1,Whatta Bowl,Dhaka,Mirpur 1,1.01,Rice Dishes|Chinese|Asian,4.5,919,50.0,0.0,65.0,23.801971,90.3494471,"Ahar Restaurant - Mirpur 2
road no 7,house no 1,block C,Dhaka 1216",1216,https://foodpanda.com.bd/restaurant/ufck/whatta-bowl-mirpur-1-ufck
ypb5,43348,Jackson's Fried Chicken - Mirpur 1,Jackson's Fried Chicken,Dhaka,Mirpur 1,1.01,Chicken|Meat|Fast Food|Fried Chicken,4.5,1890,50.0,0.0,65.0,23.8019655,90.3494631,"Ahar Restaurant - Mirpur 1
1-C, Road # 7/1, Block # C Mirpur, Dhaka 1216",1216,https://foodpanda.com.bd/restaurant/ypb5/jacksons-fried-chicken-mirpur-1
rpil,92151,Cryptails-Avenue 5,,Dhaka,Mirpur 2,0.65,Rice Dishes|Burgers|Western|Fast Food,4.6,43,50.0,0.0,70.0,23.8103076,90.3613769,"House 3/4,Avenue-5,Block-D,Mirpur-6",1216,https://foodpanda.com.bd/restaurant/rpil/cryptails-avenue-5
pf3m,111622,Sausage Bite - Mirpur 2,,Dhaka,Monipur,0.7,Snacks|Beverage|Dessert|Burgers|Western|Doi|Fast Food|Faluda,2.2,16,50.0,0.0,75.0,23.8032526,90.35464415,"House - 7, Block - D, Avenue - 1, Opposite of Pizzaburg, Mirpur 2",1216,https://foodpanda.com.bd/restaurant/pf3m/sausage-bite-mirpur-2
v389,61995,Lunchwala - Mirpur 2,Lunch Wala - Chain,Dhaka,Mirpur 1,1.01,Rice Dishes|Bangladeshi|Asian,4.4,724,50.0,0.0,60.0,23.801971,90.3494471,"Ahar Restaurant - Mirpur 2
road no 7,house no 1,block C,Dhaka 1216",1216,https://foodpanda.com.bd/restaurant/v389/lunchwala-mirpur-2-v389
bpk1,76892,Bismillah Biriyani House,,Dhaka,Monipur,0.82,Rice Dishes|Bangladeshi|Asian,3.8,204,50.0,0.0,60.0,23.8068567,90.3541081,"2- B, Hazi Avenue , Road- 3/1, Shop - 3/1, Shop - 7, Rainkhola, Mirpur -2, Dhaka 1216",1216,https://foodpanda.com.bd/restaurant/bpk1/bismillah-biriyani-house-bpk1
jjqb,43347,Fries & More - Mirpur 1,Fries & More,Dhaka,Mirpur 1,1.02,Western|Fast Food|American,4.5,2071,50.0,0.0,75.0,23.8020696,90.349356,"Ahar Restaurant 1-C(, Road # 7/1, Block # C Mirpur, Dhaka 1216",1216,https://foodpanda.com.bd/restaurant/jjqb/fries-and-more-mirpur-1
t7qs,9039,Harun Hotel and Restaurant,Harun Hotel & Restaurant,Dhaka,Paikpara,0.68,Snacks|Curry|Rice Dishes|Fish|Seafood|Bangladeshi|Asian,2.7,10351,50.0,0.0,50.0,23.785151,90.367307,"247/3B, South Pirerbag, Amtola Bazar, 60 feet Road, Mirpur - 2",1216,https://foodpanda.com.bd/restaurant/t7qs/harun-hotel-and-restaurant-t7qs
dknk,125802,Nusrat food corner,,Dhaka,Paikpara,0.56,Snacks|Fast Food,0.0,0,50.0,0.0,75.0,23.78673338,90.36040741,"South Paikpara Main Road, House: 291/5,dokkhin paikpara, notunbazar, mirpur 1,4/Ka S Paikpara Main  Rd,",1216,https://foodpanda.com.bd/restaurant/dknk
nsgg,114489,Shawarma & Sandwich,,Dhaka,Taltola,1.06,Chicken|Snacks|Rice Dishes|Meat|Burgers|Western|Bangladeshi|Asian|Fast Food,3.7,41,50.0,0.0,70.0,23.80883,90.379722,"13, Road 01, House- 04, Section- 13, Block - C, Road- 01, Third Floor, Mirpur dhaka - 1216",1230,https://foodpanda.com.bd/restaurant/nsgg/shawarma-and-sandwich
eo20,128666,Khandhani Foodie,,Dhaka,Paikpara,0.57,,0.0,0,50.0,0.0,70.0,23.78621014,90.36095276,"312, 1 দক্ষিন পাইকপাড়া মেইন রোড, দক্ষিন পাইকপাড়া মেইন রোড, 1",1216,https://foodpanda.com.bd/restaurant/eo20/khandhani-foodie
y4ub,27946,Mithai - Kazipara,Mithai - Dhaka,Dhaka,Senpara Parbata,0.25,Cakes|Snacks|Dessert|Doi|Fast Food,4.6,872,50.0,0.0,0.0,23.7975573,90.372878,"567 East Kazipara, Near Bus Stand",1217,https://foodpanda.com.bd/restaurant/y4ub/mithai-kazipara-y4ub
j4e4,43199,TANI's Caboose,TANI's Caboose,Dhaka,Mohakhali DOHS,1.09,Snacks|Indian|Biryani|Dessert|Asian,0.0,0,50.0,0.0,0.0,23.7887388,90.3872452,"206/4A East Kafrul, Dhaka Cantonment, Dhaka 1206",1206,https://foodpanda.com.bd/restaurant/j4e4/tanis-caboose
fz14,54026,Puro Pastry & Bakery - Shewrapara,Puro Pastry & Bakery - Dhaka,Dhaka,Shewrapara,0.2,Cakes|Dessert|Fast Food,4.7,1363,50.0,0.0,0.0,23.7918261,90.37512655,"779, West Shewrapara, Mirpur, Dhaka-1216 (Beside Shewrapara Central Mosque)",1216,https://foodpanda.com.bd/restaurant/fz14/puro-pastry-and-bakery-shewrapara
s5rj,3595,Satsotero Restaurant,Sat Sotero Restaurant,Dhaka,Shewrapara,0.38,Turkish|Kebab|Curry|Rice Dishes|Middle Eastern|Beverage|Burgers|Western|Khichuri,4.5,1600,50.0,0.0,0.0,23.7930505,90.3740546,"House - 754/1, 5th Floor, Begum Rokeya Avenue, West Shewrapara, Mirpur",1216,https://foodpanda.com.bd/restaurant/s5rj/satsotero-restaurant
ryyz,79080,Hungry Fries,,Dhaka,Taltola,0.31,Snacks|Beverage|Burgers|Western,0.0,0,50.0,0.0,0.0,23.802709,90.370249,"143, Senpara Parbata, Opposit of Al Helal Hospital, Mirpur 1216",1216,https://foodpanda.com.bd/restaurant/ryyz/hungry-fries
f9nd,123924,DYNAMIC,,Dhaka,Mirpur 10,0.43,Fast Food,0.0,0,50.0,0.0,35.0,23.80788731,90.37171559,"1/7, Road-19, Block-B, Mirpur-10, 1216 Mirpur, Dhaka, Bangladesh",1216,https://foodpanda.com.bd/restaurant/f9nd/dynamic
bv80,52952,Aamej - 60 Feet,Aamej,Dhaka,Kazipara,0.38,Juice Corner|Beverage,4.6,12,50.0,0.0,0.0,23.7972358,90.3648966,"213, West monipur, Mirpur-2, 60 Feet, Dhaka -1216",1216,https://foodpanda.com.bd/restaurant/bv80/aamej-60-feet
znm0,68827,Shumi's Hot Cake - Monipur,Shumi's Hot Cake,Dhaka,Monipur,0.51,Cakes|Dessert|Fast Food,4.9,1561,50.0,0.0,0.0,23.7998558,90.3635667,"750/A, Monipur, Mirpur-2, Dhaka-1216",1216,https://foodpanda.com.bd/restaurant/znm0/shumis-hot-cake-monipur
nazg,106992,Haldi Restaurant & Cafe,,Dhaka,Monipur,0.4,Healthy,0.0,0,50.0,0.0,35.0,23.8004476,90.3617753,"Barabagh, Rd No. 8, 1216 Mirpur, Dhaka, Bangladesh",1216,https://foodpanda.com.bd/restaurant/nazg/haldi-restaurant-and-cafe
jdxv,77610,Sausage Bite,,Dhaka,Monipur,0.19,Chicken|Italian|Pasta|Mediterranean|Pizza|Meat|Burgers|Western|Fast Food|Faluda,3.5,22,50.0,0.0,0.0,23.80425,90.3596522,"Beside Darjeeling Momo, Near Mirpur Central Temple, Love Road, Mirpur 2",1216,https://foodpanda.com.bd/restaurant/jdxv/sausage-bite
b2nh,79202,Adda Cart,,Dhaka,Agargaon,0.5,Snacks|Beverage|Fast Food,0.0,0,50.0,0.0,0.0,23.77795545,90.37474626,"Agargaon ( Opposite of Bangladesh Election Commission) , Dhaka, Bangladesh",1216,https://foodpanda.com.bd/restaurant/b2nh/adda-cart
hewd,78127,SR Catering,,Dhaka,Shyamoli,0.96,Snacks|Rice Dishes|Bangladeshi|Asian|Bakery,0.0,0,50.0,0.0,0.0,23.7805415,90.36964658,Address 121 west Agargoan Sher e Bangla nagar  4th floor,1207,https://foodpanda.com.bd/restaurant/hewd/sr-catering
zqsq,78072,Biryani Point,,Dhaka,Shyamoli,0.8,Rice Dishes|Indian|Biryani|Asian,0.0,0,50.0,0.0,0.0,23.7799524,90.3671093,"Opposite of 'New fried Chicken', 147/1, Shyamoli road 2, 1207 60 Feet, Dhaka, Bangladesh",1207,https://foodpanda.com.bd/restaurant/zqsq/biryani-point-zqsq
gmgx,83987,Notun Rong,,Dhaka,Paikpara,0.57,Dessert,0.0,0,50.0,0.0,0.0,23.78665613,90.36032565,"House-291/5, South Paikpara, Mirpur 1, Dhaka, House-291/5, South Paikpara, Mirpur 1, Dhaka, 1216 Mirpur, Dhaka, Bangladesh",1216,https://foodpanda.com.bd/restaurant/gmgx/notun-rong
iuiu,111648,Noakhali Ranna Ghor,,Dhaka,Paikpara,0.92,Curry|Rice Dishes|Bangladeshi|Asian,0.0,0,50.0,0.0,35.0,23.7822866,90.3629757,"prf. house, road no:4 house no:27 flat no:7B, 1207 Mohammadpur, Dhaka, Bangladesh",1207,https://foodpanda.com.bd/restaurant/iuiu/noakhali-ranna-ghor
kgkf,81230,Tasty Treat Ahammed Nagar Paikpara Mirpur,Tasty Treat,Dhaka,Mirpur 1,0.45,Cakes|Dessert|Fast Food,4.7,62,50.0,0.0,0.0,23.791334,90.356775,"365/2, Ahammed Nagar, Paikpara, Mirpur, Dhaka",1216,https://foodpanda.com.bd/restaurant/kgkf/tasty-treat-ahammed-nagar-paikpara-mirpur
s9af,3843,Chatime - Mirpur 1,Chatime,Dhaka,Monipur,0.8,Beverage,4.6,2960,50.0,0.0,0.0,23.8011423,90.35433075,"House No. 1/G, 25-29, Birbikrom Hemayet Uddin Sarak, Mirpur 1, Dhaka",1216,https://foodpanda.com.bd/restaurant/s9af/chatime-mirpur-1
t503,76041,Engineer's Kitchen,,Dhaka,Shyamoli,0.87,Snacks|Sandwiches|Burgers|Western,4.1,10,50.0,0.0,0.0,23.7802638,90.3618508,"মেইন রোড Banalota house,473/1 south paikpara,Dhakhina Abashan,Kallyanpur, Dhaka, 1207 Mirpur, Dhaka, Bangladesh",1207,https://foodpanda.com.bd/restaurant/t503/engineers-kitchen-t503
coan,111322,Taste of Home,,Dhaka,Sher-e-Bangla Nagar,0.5,Bangladeshi|Asian,5.0,8,50.0,0.0,35.0,23.7726883,90.3734859,"Koyel Bhaban, Sher-e-Bangla Agricultural University, 1207 Mohammadpur, Dhaka, Bangladesh",1207,https://foodpanda.com.bd/restaurant/coan/taste-of-home-coan
z4br,81353,Fatima's Kitchen,,Dhaka,Paikpara,1.03,Curry|Rice Dishes|Bangladeshi|Asian,0.0,0,50.0,0.0,0.0,23.7822036,90.3595372,"Kallyanpur, Road 1,House 8,",1207,https://foodpanda.com.bd/restaurant/z4br/fatimas-kitchen-z4br
fvla,83520,Mejban Bari Kabab and Restaurant,,Dhaka,Mirpur 1,0.41,Turkish|Kebab|Curry|Rice Dishes|Middle Eastern,0.0,0,50.0,0.0,0.0,23.7970677,90.3521046,"112 S Bishil Rd, S Bishil Rd 112, 1216 Mirpur, Dhaka, Bangladesh",1216,https://foodpanda.com.bd/restaurant/fvla/mejban-bari-kabab-and-restaurant-fvla
vlh9,76775,Foodie Bhai,,Dhaka,Monipur,0.95,Snacks|Asian|Fast Food,0.0,0,50.0,0.0,0.0,23.8061199,90.3524639,"Block A, Road 5 House 71 Mirpur 2 Beside Commerce   College",1216,https://foodpanda.com.bd/restaurant/vlh9/foodie-bhai-vlh9
ej2i,111630,Rashida’s Kitchen,,Dhaka,Mirpur 1,0.65,Bangladeshi|Asian,0.0,0,50.0,0.0,35.0,23.7877117,90.3535384,"New c type government quarter bangla college attached, 129/5 new c type government quarter bangla college attached Attached with main road, 1216 Mirpur, Dhaka, Bangladesh",1216,https://foodpanda.com.bd/restaurant/ej2i/rashidas-kitchen-ej2i
i3un,75877,Abbas Kacchi Bari,,Dhaka,Mirpur 1,0.99,Rice Dishes|Beverage,2.3,34,50.0,0.0,0.0,23.80182,90.3495264,"Block D, Road 1, Opposite of Ahar Restaurant, Avenue 2/22, Mirpur 1, Dhak 1216",1216,https://foodpanda.com.bd/restaurant/i3un/abbas-kacchi-bari
gdjb,118931,Doi Fuchka,,Dhaka,Monipur,1.2,Fast Food,3.6,14,50.0,0.0,35.0,23.806729,90.350064,"Shainpukur Road, (Back side of Aysha Garden), House No:8/9 Road No:1/2, Block C, Shinepukur Road,Mirpur 1 Dhaka_1216",1216,https://foodpanda.com.bd/restaurant/gdjb
oac0,77613,Liquid Lush,,Dhaka,Beribadh,0.54,Juice Corner|Beverage|Cafe,4.3,21,50.0,0.0,0.0,23.7868112,90.350224,"Tolarbag Mosque Rd 1 Al-Ihsan Islamic Institute building, 1216 Mirpur, Dhaka, Bangladesh",1216,https://foodpanda.com.bd/restaurant/oac0/liquid-lush
muwy,94259,Food Mania,,Dhaka,Beribadh,0.37,Chinese|Asian,0.0,0,50.0,0.0,0.0,23.7879137,90.3479561,"1 Mazar Rd, Mirpur-1 Mazar Road lalkuthi Bazar,opposite side of Maternity Hospital, 1216 Mirpur, Dhaka, Bangladesh",1216,https://foodpanda.com.bd/restaurant/muwy/food-mania-muwy
jrnk,62241,Tehari Ghar - Gabtoli,Tehari Ghar,Dhaka,Beribadh,0.36,Rice Dishes|Indian|Biryani|Asian,4.9,4519,50.0,0.0,0.0,23.7834684,90.3472127,"Infront of Gabtoli Gabtoli Jomidarbari Shahi Moshjid, House 33 Mazar Road Gabtoli Dhaka 1216",1216,https://foodpanda.com.bd/restaurant/jrnk/tehari-ghar-gabtoli
qpc9,98038,Panda chotpoti & fuchka with fast-food,,Dhaka,Mirpur 1,1.24,Bangladeshi|Asian,0.0,0,50.0,0.0,35.0,23.797154,90.341524,"13, Road 5, Block: A , Road: 5 , House: 13, Mirpur-1 (Royal testy Food er pashe)",1216,https://foodpanda.com.bd/restaurant/qpc9/panda-chotpoti-and-fuchka-with-fast-food
iedk,78354,1 Star Chef,,Dhaka,Taltola,0.78,Snacks|Beverage,3.0,25,50.0,0.0,35.0,23.8057725,90.3790793,"Road-9 block-C  Home 18, Mirpur 13",1216,https://foodpanda.com.bd/restaurant/iedk/1-star-chef
bj0c,82726,Sakib Bhai Er Mukhoruchi Khabar Hotel,,Dhaka,Senpara Parbata,0.59,Snacks|Bangladeshi|Asian,3.6,6,50.0,0.0,0.0,23.7960634,90.3758126,"1125 ,Jamtola kacha Bazar er uttor dike, east Shewrapara",1213,https://foodpanda.com.bd/restaurant/bj0c/sakib-bhai-er-mukhoruchi-khabar-hotel
c7vr,78138,The Kacchi Khai,,Dhaka,Senpara Parbata,0.28,Curry|Rice Dishes|Beverage,0.0,0,50.0,0.0,0.0,23.797028,90.372782,"usmani towner kazipara, mirpur, kazipara bus stand, kajipara,",1216,https://foodpanda.com.bd/restaurant/c7vr/the-kacchi-khai
urh3,77523,Tasty Garden,,Dhaka,Kazipara,0.26,Juice Corner|Beverage|Dessert|Fast Food,4.0,49,50.0,0.0,0.0,23.7983873,90.3659536,"651 Middle Monipur, Mirpur-2, 1216 Mirpur, Dhaka, Bangladesh",1216,https://foodpanda.com.bd/restaurant/urh3/tasty-garden
jg1n,78057,Pach Vai Biriyani And Shawarma,,Dhaka,Kazipara,0.39,Turkish|Kebab|Rice Dishes|Middle Eastern,0.0,0,50.0,0.0,0.0,23.7961879,90.3652053,"382/D, Monipur, 60 Feet, Barek Mollah Moar",1216,https://foodpanda.com.bd/restaurant/jg1n/pach-vai-biriyani-and-shawarma
jf1i,77186,Four Brothers Fastfood and Live Bakery,,Dhaka,Paikpara,0.21,Snacks|Dessert|Bakery,3.2,90,50.0,0.0,0.0,23.7908279,90.3660144,"⁠৫০/২, উত্তর পীরেরবাগ(মাইকের গলি) ৬০ ফিট রোড, মিরপুর, ঢাকা-১২১৬",1216,https://foodpanda.com.bd/restaurant/jf1i/four-brothers-fastfood-and-live-bakery
l69t,78094,Food Valley,,Dhaka,Paikpara,0.21,Fast Food,1.7,6,50.0,0.0,0.0,23.7919619,90.3653728,"Chapra Mosjit, 361/D-1, North Pirerbagh, Mirpur, Dhaka 1216, 1216 60 Feet, Dhaka, Bangladesh",1216,https://foodpanda.com.bd/restaurant/l69t/food-valley-l69t
crj0,76160,N & J Cloud And Grill,,Dhaka,Paikpara,0.24,Beverage|Burgers|Western|Fast Food,0.0,0,50.0,0.0,0.0,23.7899214,90.3662771,"348/4-D,Kamal soroni,mirpur, 1216 Mirpur, Dhaka, Bangladesh",1216,https://foodpanda.com.bd/restaurant/crj0/n-and-j-cloud-and-grill
g210,79010,Fish & Kabab,,Dhaka,Mirpur 2,0.16,Turkish|Kebab|Middle Eastern,0.0,0,50.0,0.0,0.0,23.8047839,90.3635818,"Mirpur Shopping center, Mirpur -2, Mirpur Food Court",1216,https://foodpanda.com.bd/restaurant/g210/fish-and-kabab
boy5,79049,Cafe Delhi Darbar,,Dhaka,Mirpur 2,0.16,Curry|Rice Dishes|Bangladeshi|Asian,0.0,0,50.0,0.0,0.0,23.8047839,90.3635818,"Mirpur Shopping center, Mirpur -2, Mirpur Food Court",1216,https://foodpanda.com.bd/restaurant/boy5/cafe-delhi-darbar-boy5
ns1q,78946,The Shawarma House,,Dhaka,Monipur,0.19,Italian|Middle Eastern|Pasta|Shawarma|Mediterranean|Pizza|Western,3.1,41,50.0,0.0,35.0,23.8047378,90.3631465,"Mirpur Shopping center, Mirpur -2, Mirpur Food Court",1216,https://foodpanda.com.bd/restaurant/ns1q/the-shawarma-house-ns1q
olr3,78996,Bangaliana Mezban,,Dhaka,Mirpur 2,0.18,Curry|Rice Dishes,3.7,13,50.0,0.0,35.0,23.8048345,90.3633459,"Mirpur Shopping center, Mirpur -2, Mirpur Food Court",1216,https://foodpanda.com.bd/restaurant/olr3/bangaliana-mezban
vyn7,81985,Supreme Dinners- 60 Feet,Supreme Diners – Zoo Road,Dhaka,Paikpara,0.47,Chicken|Soups|Sandwiches|Meat|Burgers|Western|Fast Food,4.3,23,50.0,0.0,0.0,23.787358,90.3671176,"262/4, South Pirerbag, 60 feet Road (Near Pabna Goli Mor), Mirpur",1216,https://foodpanda.com.bd/restaurant/vyn7/supreme-dinners-60-feet
eu86,75703,Cp Five Star - Food Star - Agargaon,CP Five Star,Dhaka,Taltola Agargaon,0.17,Chicken|Snacks|Meat|Fast Food|Fried Chicken,0.0,0,50.0,0.0,0.0,23.77932435,90.37953215,"Near idb centre ,Agargaon",1216,https://foodpanda.com.bd/restaurant/eu86/cp-five-star-food-star-agargaon
azuy,79205,Sub Lover's - Amtola 60 Feet,Sub Lovers,Dhaka,Paikpara,0.61,Mexican|Sandwiches|Western|Fast Food,4.3,15,50.0,0.0,0.0,23.7859106,90.367211,"House - 247/1B, Amtola Bazar, South Pirerbag, Kamal Sharani, 60 Feet, Mirpur 2",1216,https://foodpanda.com.bd/restaurant/azuy/sub-lovers-amtola-60-feet
xy37,77618,Khushbo Biryani House,,Dhaka,Paikpara,1.07,Rice Dishes,0.0,0,50.0,0.0,0.0,23.78235255,90.3695475,House-246/1 West Agargaon Dhaka-1207,1207,https://foodpanda.com.bd/restaurant/xy37/khushbo-biryani-house-xy37
ed21,77566,Kawfol,,Dhaka,Mirpur 6,0.74,Juice Corner|Snacks|Beverage,0.0,0,50.0,0.0,0.0,23.8122418,90.3638799,"Mirpur 6 number Bazar bot tola., Dhaka, Bangladesh",1216,https://foodpanda.com.bd/restaurant/ed21/kawfol
se7b,76066,Rizq,,Dhaka,Mirpur 2,0.67,Snacks|Curry|Rice Dishes|Fast Food,3.4,108,50.0,0.0,35.0,23.8106681,90.3616146,"Blocked d road 15 House 6 mirpur 6,Pallavi dhaka-1216",1216,https://foodpanda.com.bd/restaurant/se7b/rizq-se7b
t5xw,7141,Crust and Beans - Mirpur 6,Crust and Beans,Dhaka,Mirpur 2,0.66,Rice Dishes|Italian|Mediterranean|Pizza|Western|Fast Food,4.7,2999,50.0,0.0,0.0,23.8104491,90.3614743,"Mirpur 6 , house 56 , avenue -5 block -D , section 6 Mirpur , Dhaka 1216",1216,https://foodpanda.com.bd/restaurant/t5xw/crust-and-beans-mirpur-6
hdab,77312,Pizza Haven,,Dhaka,Mirpur 2,0.65,Turkish|Kebab|Snacks|Italian|Middle Eastern|Mediterranean|Pizza|Western|Fast Food,0.0,0,50.0,0.0,0.0,23.81018745,90.36120785,"Mirpur 6,  Mirpur-6, Block-B, House 9/5,Porshika Mor Dhaka, 1216 Mirpur, Dhaka, Bangladesh",1216,https://foodpanda.com.bd/restaurant/hdab/pizza-haven
cl5c,77297,Lava Lounge,,Dhaka,Mirpur 2,0.65,Turkish|Kebab|Snacks|Italian|Middle Eastern|Beverage|Mediterranean|Pizza|Western,0.0,0,50.0,0.0,0.0,23.8102164,90.3611621,"06, Block - B, House - 9, Mirpur, 5 Porshika Mor, Dhaka",1216,https://foodpanda.com.bd/restaurant/cl5c/lava-lounge
uljs,105892,Nafisa Kitchen,,Dhaka,Paikpara,0.54,Curry|Bangladeshi|Asian,4.0,9,50.0,0.0,35.0,23.7871524,90.3601806,"Akter Vila, 74/E, Road 14, 1216 Kallyanpur, Dhaka, Bangladesh",1216,https://foodpanda.com.bd/restaurant/uljs
qab9,78132,Shoilpik Restora,,Dhaka,Monipur,0.67,Turkish|Kebab|Snacks|Curry|Middle Eastern|Beverage|Cafe,0.0,0,50.0,0.0,0.0,23.8003517,90.35631,"1/f, 4/35, colwalapara hall, mirp Beside Sony square",1216,https://foodpanda.com.bd/restaurant/qab9/shoilpik-restora
ih82,78793,Fry Haven,,Dhaka,Monipur,0.68,Juice Corner|Beverage|Fast Food,3.0,39,50.0,0.0,0.0,23.80026705,90.3561534,House-33 Road-4 Block-F Kolowala para Mirpur -1216,1216,https://foodpanda.com.bd/restaurant/ih82/fry-haven-ih82
v3q8,77893,Luchi And Cafe,,Dhaka,Monipur,0.56,Juice Corner|Snacks|Beverage|Dessert|Burgers|Western,0.0,0,50.0,0.0,0.0,23.8030308,90.3561403,"House-5, Road-3, Block-E, Section -2, Mirpur",1216,https://foodpanda.com.bd/restaurant/v3q8/luchi-and-cafe
kr52,72888,TS Live Bakery,,Dhaka,Monipur,0.56,Snacks|Bakery,0.0,0,50.0,0.0,0.0,23.80414535,90.3560393,"House: 1, Block: E, Avenue: 1, Section : 2, opposite of crunch restaurant, Mirpur",1216,https://foodpanda.com.bd/restaurant/kr52/ts-live-bakery
z0y9,77827,Wrapick -  Mirpur,Wrapick,Dhaka,Monipur,0.68,Wraps|Snacks|Beverage|Dessert,4.5,96,50.0,0.0,0.0,23.8032637,90.3548722,"House - 11/1, Avenue - 1, Block - D, Section - 2, Mirpur.",1216,https://foodpanda.com.bd/restaurant/z0y9/wrapick-mirpur-z0y9
fk7e,76627,Mayerdoa Hotel & Restaurant,,Dhaka,Monipur,1.02,Snacks|Curry|Bangladeshi|Asian,4.3,40,50.0,0.0,0.0,23.812455,90.3576486,"Rupnagar Road, Rupnagar Rd Road 09, Rupnagar R/A, Mirpur-2, 1216 Mirpur, Dhaka, Bangladesh",1216,https://foodpanda.com.bd/restaurant/fk7e/mayerdoa-hotel-and-restaurant
z4hq,74226,Softbuns - Mirpur 1,SoftBuns - Mohammadpur,Dhaka,Mirpur 1,0.83,Dessert,0.0,0,50.0,0.0,35.0,23.8008702,90.3539385,"M1 Food Zone, Dhaka 1216",1216,https://foodpanda.com.bd/restaurant/z4hq/softbuns-mirpur-1
zoff,77906,Olympia Restaurant,,Dhaka,Monipur,0.85,Turkish|Kebab|Curry|Rice Dishes|Middle Eastern|Beverage,2.7,5,50.0,0.0,0.0,23.8012946,90.3537006,"Plot03, 1 Ln. No. 2,BlockG, Mirpur1,  Dhaka 1216",1216,https://foodpanda.com.bd/restaurant/zoff/olympia-restaurant
e053,78763,Miso Pot,,Dhaka,Monipur,1.22,Snacks|Beverage|Korean|Asian,3.7,58,50.0,0.0,0.0,23.8140258,90.3566713,"Doreen Vincita Shopping Centre, Doreen Vincita Shopping Centre (2nd floor), Rupnagar R/A, Dhaka Doreen Vincita Shopping Centre  (2nd floor), Rupnagar R/A, Dhaka, 1216 Mirpur, Dhaka, Bangladesh",1216,https://foodpanda.com.bd/restaurant/e053/miso-pot
m08x,77757,Yummy Plex,,Dhaka,Monipur,0.91,Snacks|Curry|Rice Dishes|Italian|Beverage|Mediterranean|Pizza|Burgers|Western,4.1,48,50.0,0.0,0.0,23.8065443,90.35297205,"House - S/9-2/A, Commerce College Road, Opposite of Dhaka Commerce College, Mirpur 2",1216,https://foodpanda.com.bd/restaurant/m08x/yummy-plex
w55x,77928,Laham,,Dhaka,Mirpur 1,0.71,Snacks|Italian|Middle Eastern|Pasta|Shawarma|Mediterranean|Burgers|Western,3.6,23,50.0,0.0,0.0,23.79985534,90.35195076,"House-20 ,Road-5,Block-F,
Mirpur -1,Dhaka -1216",1216,https://foodpanda.com.bd/restaurant/w55x/laham
v4bo,79144,Talukder Cake And More,,Dhaka,Mirpur 11,1.24,Cakes|Rice Dishes|Dessert,4.8,6,50.0,0.0,35.0,23.8170668,90.3559722,"House 57, road 22 rupnagar abashik mirpur, Dhaka 1216",1216,https://foodpanda.com.bd/restaurant/v4bo/talukder-cake-and-more
w41k,78224,Cafein,,Dhaka,Beribadh,0.57,Snacks|Rice Dishes|Italian|Mediterranean|Pizza|Western|Fast Food,4.2,48,50.0,0.0,0.0,23.79006143,90.34834489,"House - 1/A/1, Shahid Nur Hossain Tower, 2nd Colony, Mazar Road, Mirpur 1",1216,https://foodpanda.com.bd/restaurant/w41k/cafein-w41k
cyz4,127107,Next Restaurant BD,,Dhaka,Agargaon,0.68,,0.0,0,50.0,0.0,35.0,23.78005671,90.37375735,Dhaka,1207,https://foodpanda.com.bd/restaurant/cyz4/next-restaurant-bd
x0nx,72620,Domino's Mirpur-Late Night,Domino's Pizza,Dhaka,Taltola,0.39,Italian|Mediterranean|Pizza|Western,3.1,78,0.0,39.0,30.0,23.801802,90.3767929,"Ground Floor, House- 45, Road- 7, Block- A, Section-12, Pallabi, Mirpur, Dhaka, Bangladesh-1216",1216,https://foodpanda.com.bd/restaurant/x0nx/dominos-mirpur-late-night
h6b7,40835,Mithai - Mirpur 10 Senpara,Mithai - Dhaka,Dhaka,Mirpur 10,0.53,Cakes|Dessert|Doi|Fast Food,4.6,1001,50.0,0.0,0.0,23.80637571,90.37318432,"Plot no 31, Section 10,Main Road 1,Senpara Parbota,Mirpur Dhaka 1216",1216,https://foodpanda.com.bd/restaurant/h6b7/mithai-mirpur-10-senpara
v38k,35111,Cake Gallery,Cake Gallery,Dhaka,Mirpur 13,0.28,Cakes,3.7,116,50.0,0.0,0.0,23.82673935,90.3711576,House 20 road 19block D mirpur 12,1216,https://foodpanda.com.bd/restaurant/v38k/cake-gallery-v38k
c55f,81786,Canvas Kitchen,,Dhaka,Paikpara,0.32,Snacks|Rice Dishes|Chinese|Asian,2.6,65,50.0,0.0,45.0,23.7933633,90.36378155,"101/2, I-1, Ahammadnagar, Mirpur-1, Dhaka",1216,https://foodpanda.com.bd/restaurant/c55f/canvas-kitchen
ae6t,114455,Vaggokul Sweets and Bakery,,Dhaka,Mirpur 11,0.87,Sweets|Dessert|Bangladeshi|Doi|Asian,2.3,6,50.0,0.0,50.0,23.8231617,90.3570167,"Vaggokul sweets and bekary, Mirpur Rupnagar Thinshed Rupnagar Dhaka Road-14 House-546 বর্ধিত পল্লবী ৩ নং গেটের অপজিটে, 1216 Mirpur, Dhaka, Bangladesh",1216,https://foodpanda.com.bd/restaurant/ae6t/vaggokul-sweets-and-bakery
bpyf,71918,Mithai Mirpur-01,Mithai - Dhaka,Dhaka,Mirpur 1,0.46,Cakes|Dessert|Doi|Fast Food,4.7,108,50.0,0.0,0.0,23.79759965,90.3528966,1 No Darus Salam Road Mirpur-01 Dhaka-1216,1216,https://foodpanda.com.bd/restaurant/bpyf/mithai-mirpur-01
qdk0,78029,The Bubble Waffle,,Dhaka,Rupnagar,0.78,Beverage|Dessert,0.0,0,50.0,0.0,0.0,23.8237847,90.3524141,"Shop No - 03, Setu Plaza, Road - 02, Block - D, Eastern Housing, Mirpur, Dhaka - 1216",1216,https://foodpanda.com.bd/restaurant/qdk0/the-bubble-waffle
umet,79022,Bread Basket - Bakery & Fast Food - Agargaon,Bread Basket - Bakery & Fast Food,Dhaka,Sher-e-Bangla Nagar,0.23,Fast Food|Bakery,0.0,0,50.0,0.0,0.0,23.7747636,90.3802427,"9 Paka Market, Sher- E- Bangla Nagar, Agargaon, Dhaka",1216,https://foodpanda.com.bd/restaurant/umet/bread-basket-bakery-and-fast-food-agargaon
u36x,115498,Khusbu Bangla Restora,,Dhaka,Rupnagar,1.15,Rice Dishes,0.0,0,50.0,0.0,35.0,23.8298567,90.352395,"Kazi Bari mor, Plot no:25, Block-F, Main road, Kazi Bari mor, Eastern Housing, Mirpur, Dhaka.",1216,https://foodpanda.com.bd/restaurant/u36x/khusbu-bangla-restora
u5ot,18543,Rajdhani Biryani House & Restaurant - Paka Masjid,,Dhaka,Paikpara,0.33,Curry|Rice Dishes|Indian|Biryani|Asian,3.6,532,50.0,0.0,0.0,23.7888849,90.3667783,70/1 moddho prierbag paka masjid beside of muslim sweets and bakery,1216,https://foodpanda.com.bd/restaurant/u5ot/rajdhani-biryani-house-and-restaurant-paka-masjid
nuze,77575,Bowl & Beyond - Mirpur,,Dhaka,Rupnagar,0.76,Snacks|Rice Dishes,3.9,39,50.0,0.0,0.0,23.8234297,90.3523272,"Block # C, Plot # 198,199,200, Eastern Housing, Pallabi 2nd Phase, Mirpur, Bangladesh, Dhaka, Bangladesh, 1216",1216,https://foodpanda.com.bd/restaurant/nuze/bowl-and-beyond-mirpur
bhi9,81412,Duaripara Juice And Sweets Corner,,Dhaka,Mirpur 11,0.87,Juice Corner|Snacks|Beverage,0.0,0,50.0,0.0,0.0,23.8239451,90.3569048,"Duaripara Juice and Sweets Corner, Duaripara-Pallabi Rd Road 16, 1216 60 Feet, Dhaka, Bangladesh",1216,https://foodpanda.com.bd/restaurant/bhi9/duaripara-juice-and-sweets-corner
mbgt,67091,Nure Al-Modina Hotel & Restaurant,Nure Al-Modina Hotel & Restaurant,Dhaka,Mirpur 12,0.43,Curry|Rice Dishes,3.0,580,50.0,0.0,50.0,23.83041475,90.3636834,"Near New jawbon Cafe, Harun Molla Sorok, Harunabad, Near Molla market,
Section 12,",1216,https://foodpanda.com.bd/restaurant/mbgt/nure-al-modina-hotel-and-restaurant
e9ze,26916,Mithai - Mirpur Thana Road,Mithai - Dhaka,Dhaka,Mirpur 2,0.2,Cakes|Dessert|Doi|Fast Food,4.3,260,50.0,0.0,0.0,23.80430265,90.36357015,Mirpur shopping center Thana road mirpur: 2,1216,https://foodpanda.com.bd/restaurant/e9ze/mithai-mirpur-thana-road
iyw1,83450,Al Aqsa sweet and live bekary,,Dhaka,Mirpur 12,0.42,Sweets|Dessert,3.8,17,50.0,0.0,0.0,23.8302373,90.3636648,"Sattar Mollah Road, Sattar Molla Road, 1216 Mirpur, Dhaka, Bangladesh",1216,https://foodpanda.com.bd/restaurant/iyw1/al-aqsa-sweet-and-live-bekary
yhkv,75575,Mithai Mirpur - Benaroshi polli,Mithai - Dhaka,Dhaka,Mirpur 10,0.48,Cakes|Dessert|Doi|Fast Food,4.8,42,50.0,0.0,0.0,23.8099067,90.3700199,"33-Avenue-1,block-B, Mirpur, Benaroshi Polli, Dhaka-1216",1216,https://foodpanda.com.bd/restaurant/yhkv/mithai-mirpur-benaroshi-polli
xlu5,57217,Mithai - Mirpur 10(3),Mithai - Dhaka,Dhaka,Mirpur 10,0.39,Cakes|Snacks|Dessert|Doi,4.7,222,50.0,0.0,0.0,23.8094665,90.3677567,"House: 2,Road: 4,Block: A,Section: 6, Mirpur, Dhaka 1216",1216,https://foodpanda.com.bd/restaurant/xlu5/mithai-mirpur-10-3
gg7o,39768,Mithai - Mirpur 11,Mithai - Dhaka,Dhaka,Mirpur 6,0.61,Cakes|Dessert|Doi|Fast Food,4.7,740,50.0,0.0,0.0,23.8182048,90.3656757,"11/A, Road #3, Plot #23, Pallabi, Mirpur",1216,https://foodpanda.com.bd/restaurant/gg7o/mithai-mirpur-11
ngh7,68812,Shumi's Hot Cake - DOHS,Shumi's Hot Cake,Dhaka,Mirpur 14,0.74,Cakes|Dessert|Fast Food,4.9,798,50.0,0.0,0.0,23.8364484,90.3766044,"Shop No. 21, Holding No. 34/49, Sagufta, DOHS Road, Mirpur",1216,https://foodpanda.com.bd/restaurant/ngh7/shumis-hot-cake-dohs
zo4o,62531,Mithai - Mirpur-11.5,Mithai - Dhaka,Dhaka,Mirpur DOHS,0.17,Cakes|Snacks|Dessert|Doi|Fast Food,4.7,1650,50.0,0.0,0.0,23.8246762,90.363876,"Pallabi Shopping Center,1st Floor,Shop No:36,Mirpur-11/5, Bus Stand, Dhaka-1216",1216,https://foodpanda.com.bd/restaurant/zo4o/mithai-mirpur-11-5
nd0e,72745,Mithai- Mazar Road Gabtoli,Mithai - Dhaka,Dhaka,Beribadh,0.3,Cakes|Dessert|Doi|Fast Food,4.2,181,50.0,0.0,0.0,23.78702255,90.34774795,"132/1 1st Colony ,Mazar Road , Darus Salam ,Mirpur,Dhaka-1216",1216,https://foodpanda.com.bd/restaurant/nd0e/mithai-mazar-road-gabtoli
nmat,68359,Domino's Pizza Shewrapara,Domino's Pizza,Dhaka,Shewrapara,0.22,Italian|Mediterranean|Pizza|Western,4.5,1266,0.0,39.0,25.0,23.788539,90.376382,"House – 584/1, Begum Rokeya Sarani, Shawrapara, Mirpur, Dhaka- 1216, Bangladesh",1216,https://foodpanda.com.bd/restaurant/nmat/dominos-pizza-shewrapara
v2z5,36888,Mithai - Shewrapara,Mithai - Dhaka,Dhaka,Shewrapara,0.32,Cakes|Snacks|Dessert|Doi|Fast Food,4.3,838,50.0,0.0,0.0,23.79286375,90.37474795,"970, east Shewrapara. Begum rokeya shoroni",1216,https://foodpanda.com.bd/restaurant/v2z5/mithai-shewrapara
ilwv,72709,Mithai-Mirpur 2,Mithai - Dhaka,Dhaka,Monipur,0.13,Cakes|Dessert|Doi|Fast Food,4.1,62,50.0,0.0,0.0,23.8044112,90.3626678,"7/5 Main Road, Mirpur -02",1216,https://foodpanda.com.bd/restaurant/ilwv/mithai-mirpur-2
zabg,66770,Mithai - Kazipara 2,Mithai - Dhaka,Dhaka,Senpara Parbata,0.26,Cakes|Dessert|Doi|Fast Food,4.6,191,50.0,0.0,0.0,23.7972222,90.3726398,"Kajipara Central Mosjid,Kajipara,Mirpur,Dhaka.",1216,https://foodpanda.com.bd/restaurant/zabg/mithai-kazipara-2
cyta,65704,Mithai - Taltola Agargaon,Mithai - Dhaka,Dhaka,Taltola Agargaon,0.68,Cakes|Dessert|Doi|Fast Food,4.7,450,50.0,0.0,0.0,23.7834974,90.3755672,"93/1 elit sarder complex,, west kafrul Taltola",1207,https://foodpanda.com.bd/restaurant/cyta/mithai-taltola-agargaon
whua,107248,Meatbox Fried Delish - Dhanmondi,Meatbox Fried Delish,Dhaka,Dhanmondi 27,0.21,Wraps|Chinese|Asian,4.3,115,50.0,0.0,60.0,23.7531933,90.3776566,"2nd Floor Meem Tower,104 shukrabad,Mirpur Road, Dhaka - 1209",1209,https://foodpanda.com.bd/restaurant/whua/meatbox-fried-delish-dhanmondi
yaib,73608,Tehari Ghor Orchid,Tehari Ghor Orchid,Dhaka,Dhanmondi 27,0.4,Indian|Biryani|Asian,4.5,543,50.0,0.0,50.0,23.7555878,90.375645,"Shop no: 2, House no. 2 , Orchid Plaza, Mirpur rd, Rd: 28 , Dhanmondi, Dhaka-1209",1209,https://foodpanda.com.bd/restaurant/yaib/tehari-ghor-orchid
id52,104582,Shorisha Bari - Dhanmondi,,Dhaka,Lalmatia,0.45,Rice Dishes|Beverage,4.6,549,50.0,0.0,50.0,23.7519375,90.3678125,"House 260, Road 27 (Old), Road 16 (New), Dhanmondi R/A, Dhaka-1209",1209,https://foodpanda.com.bd/restaurant/id52/shorisha-bari-dhanmondi
brj1,107249,Rice & Fry Corner - Dhanmondi,The Rice & Fry Corner,Dhaka,Dhanmondi 27,0.22,Snacks|Rice Dishes|Burgers|Western|Fast Food,4.2,81,50.0,0.0,60.0,23.7532232,90.3776673,"2nd Floor Meem Tower,104 shukrabad,Mirpur Road, Dhaka - 1209",1209,https://foodpanda.com.bd/restaurant/brj1/rice-and-fry-corner-dhanmondi
c83p,32602,Cheez - Mohammadpur,Cheez,Dhaka,Adabor,0.22,Italian|Mediterranean|Pizza|Western,4.9,2702,50.0,0.0,60.0,23.7682791,90.3591613,"House Name: Ghazi Villa, House:16/14. Haji Chinumiya Road. Block- F, Joint Quarter Mohammadpur (tikka para), Dhaka 1207.",1207,https://foodpanda.com.bd/restaurant/c83p/cheez-mohammadpur
hpso,66374,Snackerz - Dhanmondi,Snackerz,Dhaka,Dhanmondi 27,0.24,Fast Food,4.5,2156,50.0,0.0,65.0,23.7529433,90.378131,"95 Sukrabad, Dhanmondi. (opposite lalbag birayani)",1209,https://foodpanda.com.bd/restaurant/hpso/snackerz-dhanmondi
xxpv,104304,Rice Lab - Dhanmondi,Rice Lab - Mirpur,Dhaka,Dhanmondi 27,0.21,Rice Dishes|Chinese|Asian|Fast Food,4.2,347,50.0,0.0,55.0,23.7531797,90.3776264,"2nd Floor Meem Tower,104 shukrabad,Mirpur Road, Dhaka - 1209",1209,https://foodpanda.com.bd/restaurant/xxpv/rice-lab-dhanmondi-xxpv
nko9,74789,Smashed Burgers - Dhanmondi,Smashed Burger,Dhaka,Lalmatia,0.53,Snacks|Burgers|Western,4.8,3326,50.0,0.0,55.0,23.7512716,90.3677164,"Smashed Burgers, Level-2, Plot-75 (New), Concord Sohel Square, Satmasjid Road, Dhanmondi, Dhaka",1209,https://foodpanda.com.bd/restaurant/nko9/smashed-burgers-dhanmondi
p66p,65118,Herfy - Dhanmondi,Herfy,Dhaka,Lalmatia,0.36,Chicken|Meat|Burgers|Western|Fast Food,4.9,9086,50.0,0.0,50.0,23.7536341,90.3704843,"Plot No: 38/2, Road No. 16 (New), 27 (Old), Dhanmondi R/A, 1209",1209,https://foodpanda.com.bd/restaurant/p66p/herfy-dhanmondi
lb5h,52728,Sobhanbag Tehari Ghor,Sobhanbag Tehari Ghor,Dhaka,Dhanmondi 27,0.23,Rice Dishes|Dessert,4.5,5327,50.0,0.0,50.0,23.753986,90.376563,"House: 2, JJ Mansion, Sobhanbag, Dhanmondi, Dhaka 1205",1205,https://foodpanda.com.bd/restaurant/lb5h/sobhanbag-tehari-ghor
x8em,23275,Boom Boom Burger,Boom Boom Burger,Dhaka,Dhanmondi 27,0.24,Snacks|Burgers|Western,4.5,10027,50.0,0.0,60.0,23.7529433,90.378131,"95 Sukrabad, Dhanmondi. (opposite lalbag birayani)",1209,https://foodpanda.com.bd/restaurant/x8em/boom-boom-burger
b41r,61819,Waffle Up - Dhanmondi,Waffle Up,Dhaka,Dhanmondi 1,0.25,Dessert,4.9,6485,50.0,0.0,60.0,23.7482649,90.369711,"758 , Satmasjid Road, opposite of abahoni field, Dhaka 1209",1209,https://foodpanda.com.bd/restaurant/b41r/waffle-up-dhanmondi
klch,69097,Pick a Bowl,,Dhaka,Lalmatia,0.54,Fast Food,4.6,2324,50.0,0.0,60.0,23.7511674,90.3678927,"House-774,Satmosjid Road, opposite of chayanat, (same building of mum and the little one), Dhanmondi, Dhaka",1209,https://foodpanda.com.bd/restaurant/klch/pick-a-bowl
zgnn,121369,Teheri Ghor (Mohammadpur),Teheri Ghor (Gulshan-1),Dhaka,Lalmatia,0.63,Rice Dishes|Beverage|Indian|Biryani|Asian,4.1,9,50.0,0.0,45.0,23.7570074,90.3618779,"1, 5 Satmasjid Road, Opposite of Allah Karim Mosjid Dhaka",1207,https://foodpanda.com.bd/restaurant/zgnn/teheri-ghor-mohammadpur
lllq,104300,Fries & Rice - Dhanmondi,Fries & Rice,Dhaka,Dhanmondi 27,0.21,Chicken|Rice Dishes|Meat|Fast Food,4.6,215,50.0,0.0,60.0,23.7531951,90.37762555,"2nd Floor Meem Tower,104 shukrabad,Mirpur Road, Dhaka - 1209",1209,https://foodpanda.com.bd/restaurant/lllq/fries-and-rice-dhanmondi-lllq
z2hb,104066,Pizzaology - Dhanmondi,Pizzaology - Dhaka,Dhaka,Dhanmondi 27,0.22,Snacks|Italian|Mediterranean|Pizza|Burgers|Western|Fast Food,4.5,168,50.0,0.0,65.0,23.7532051,90.3776637,"2nd Floor Meem Tower,104 shukrabad,Mirpur Road, Dhaka - 1209",1209,https://foodpanda.com.bd/restaurant/z2hb
wf55,104303,The Aromatic Rice - Dhanmondi,The Aromatic Rice - Gulshan,Dhaka,Dhanmondi 27,0.21,Chicken|Rice Dishes|Meat|Chinese|Asian,4.6,164,50.0,0.0,60.0,23.7531938,90.3775826,"2nd Floor Meem Tower,104 shukrabad,Mirpur Road, Dhaka - 1209",1209,https://foodpanda.com.bd/restaurant/wf55/the-aromatic-rice-dhanmondi-wf55
fjqc,104301,Wrap & Meat Box - Dhanmondi,Wrap & Meat Box,Dhaka,Dhanmondi 27,0.21,Wraps|Snacks|Middle Eastern|Shawarma|Fast Food,4.5,103,50.0,0.0,65.0,23.7531982,90.3776189,"2nd Floor Meem Tower,104 shukrabad,Mirpur Road, Dhaka - 1209",1209,https://foodpanda.com.bd/restaurant/fjqc
k7kd,116451,27 A Bangali,,Dhaka,Lalmatia,0.45,Turkish|Kebab|Snacks|Middle Eastern|Bangladeshi|Asian,3.8,50,50.0,0.0,60.0,23.75197031,90.36756019,"House - 60, Road: 16 (New), 27 (Old), Dhanmondi R/A",1209,https://foodpanda.com.bd/restaurant/k7kd/27-a-bangali
qm4j,79090,Shikder Live Pizza,,Dhaka,Town Hall,0.05,Snacks|Curry|Italian|Pasta|Mediterranean|Pizza|Burgers|Western,4.1,66,50.0,0.0,65.0,23.763035,90.3605666,"Tajmahal Road, House number-25/07, Block-C, Tajmahal Road ,food court, 1 Mohammadpur  Dhaka, Bangladesh",1,https://foodpanda.com.bd/restaurant/qm4j/shikder-live-pizza
m70b,75229,Habanero,,Dhaka,Dhanmondi 1,0.21,Soups|Dessert|Chinese|Burgers|Western|Asian|Fast Food|Dumpling,4.5,121,50.0,0.0,70.0,23.74711335,90.3683552,"137, Modhubazar, West Dhanmondi, Dhaka",1207,https://foodpanda.com.bd/restaurant/m70b/habanero
pjmj,87367,The Cozy Bean,,Dhaka,Dhanmondi 27,0.43,Beverage|Dessert|Fast Food,4.8,71,50.0,0.0,55.0,23.7555935,90.37441695,"Road No. 16 Dhanmondi, beside Rapa plaza",1209,https://foodpanda.com.bd/restaurant/pjmj/the-cozy-bean
oy5p,64766,New Hanif Biryani - Keari Plaza,New Hanif Biryani,Dhaka,Dhanmondi 2,0.06,Indian|Biryani|Asian,4.6,1061,50.0,0.0,55.0,23.7441633,90.3724529,"Keari Plaza, Shop-108, House-83, Road-8/A, Dhanmondi, Dhaka-1209",1209,https://foodpanda.com.bd/restaurant/oy5p/new-hanif-biryani-keari-plaza
e208,107247,Burger Beat - Dhanmondi,Burger Beat,Dhaka,Dhanmondi 27,0.21,Burgers|Western,4.8,45,50.0,0.0,60.0,23.7531869,90.3776556,"2nd Floor Meem Tower,104 shukrabad,Mirpur Road, Dhaka - 1209",1209,https://foodpanda.com.bd/restaurant/e208/burger-beat-dhanmondi
uzur,87565,Burger xpress - Dhanmondi,Burger xpress,Dhaka,Dhanmondi 27,0.24,Burgers|Western|Fast Food,0.0,0,50.0,0.0,60.0,23.7529433,90.378131,"95 Sukrabad, Dhanmondi (Opposite Lalbag Birayani, Dhaka-1209)",1209,https://foodpanda.com.bd/restaurant/uzur/burger-xpress-dhanmondi-uzur
awhg,104299,Dream Burger - Dhanmondi,Dream Burger,Dhaka,Dhanmondi 27,0.21,Burgers|Western|Fast Food,4.2,118,50.0,0.0,60.0,23.7531996,90.3776365,"2nd Floor Meem Tower,104 shukrabad,Mirpur Road, Dhaka - 1209",1209,https://foodpanda.com.bd/restaurant/awhg/dream-burger-dhanmondi-awhg
tybh,70143,Bleecker BD,,Dhaka,Lalmatia,0.53,Sandwiches|Burgers|Western,4.3,389,50.0,0.0,70.0,23.75337415,90.3636355,"Jafrabad Rd 369/1 Jafrabad , Ittder mor, Mohammadpur Dhaka, 1207 Mohammadpur, Dhaka, Bangladesh",1207,https://foodpanda.com.bd/restaurant/tybh/bleecker-bd
zp1j,130013,Kitchen O1 - Mohammadpur,,Dhaka,Lalmatia,0.52,Snacks|Rice Dishes|Dessert,0.0,0,50.0,0.0,55.0,23.75928405,90.36435757,"11 Azam Rd, Azam Rd, 11",1207,https://foodpanda.com.bd/restaurant/zp1j/kitchen-o1-mohammadpur
y7oq,109851,Savage Spoon,,Dhaka,Rayer Bazar,0.5,Snacks,4.5,25,50.0,0.0,75.0,23.7505158,90.3664276,"45 Samad Mollah House., House no. 45 Sankar Moshjid Road. Last Building, 1207 Dhanmondi, Dhaka, Bangladesh",1207,https://foodpanda.com.bd/restaurant/y7oq/savage-spoon
yb7f,79183,Bowl It Up,,Dhaka,Shyamoli,0.03,Snacks|Fast Food,0.0,0,50.0,0.0,38.0,23.772847,90.36529952,"Pisciculture Housing Society Block-Ka, Shyamoli, Dhaka-1207 (Shyamoli Park Maath, Near Shefa Hospital)",1207,https://foodpanda.com.bd/restaurant/yb7f/bowl-it-up
c2bt,18992,Mithai - Shyamoli Cinema Hall,Mithai - Dhaka,Dhaka,Shyamoli,0.19,Cakes|Dessert|Doi|Fast Food,4.5,598,50.0,0.0,38.0,23.7747188,90.3652073,"Shop No #38, Shyamoli Cinema Hall Market",1207,https://foodpanda.com.bd/restaurant/c2bt/mithai-shyamoli-cinema-hall
t9uv,8171,City Garden Chinese - Shyamoli,City Garden Chinese - Shyamoli,Dhaka,Shyamoli,0.21,Chicken|Snacks|Rice Dishes|Seafood|Meat|Chinese|Asian,4.1,434,50.0,0.0,38.0,23.772819,90.367016,22/12 Shyamoli ( opposite of shishu mela),1207,https://foodpanda.com.bd/restaurant/t9uv/city-garden-chinese-shyamoli
p9bp,78228,Mughal Shahi Biryani,,Dhaka,Shyamoli,0.24,Rice Dishes,0.0,0,50.0,0.0,38.0,23.7717144,90.3668406,"Khilji Rd 20 Dhaka shymoli, 1207 Mohammadpur, Dhaka, Bangladesh",1207,https://foodpanda.com.bd/restaurant/p9bp/mughal-shahi-biryani
k5cg,95532,Dostorkhan-e-Pakistani Karahi,,Dhaka,Shyamoli,0.24,Asian,0.0,0,50.0,0.0,38.0,23.7716688,90.3631163,"Gawsia Islamia Fazil Madrasah | Johuri Moholla, Mohammadpur, Babar Rd, 1207 Mohammadpur, Dhaka, Bangladesh",1207,https://foodpanda.com.bd/restaurant/k5cg/dostorkhan-e-pakistani-karahi
tjsb,77869,Deshi Food Shop (Adabor) - pandago,,Dhaka,Adabor,0.27,Bangladeshi|Asian,0.0,0,50.0,0.0,38.0,23.77164426,90.35869705,"Allaher Daan General Store, House No:280, Road No:02 Baitul Aman Housing Society, Adabor, Mohammadpur",1207,https://foodpanda.com.bd/restaurant/tjsb/deshi-food-shop-adabor-pandago
act6,76737,Momo Burger,,Dhaka,Mohammadpur,0.14,Chinese|Burgers|Western|Asian|Dumpling,4.4,6,50.0,0.0,38.0,23.76720783,90.35862612,"Infront of suchona community center, ring road, mohammadpur, dhaka",1207,https://foodpanda.com.bd/restaurant/act6/momo-burger-act6
suwf,79364,Khana Pina,,Dhaka,Mohammadpur,0.02,Curry|Fish|Seafood|Bangladeshi|Asian,0.0,0,50.0,0.0,38.0,23.7661639,90.3588734,"Mohammadpur,  iqbal rode, 1207 Mohammadpur, Dhaka, Bangladesh",1207,https://foodpanda.com.bd/restaurant/suwf/khana-pina-suwf
pfb1,78239,Prithibir Rannaghar,,Dhaka,Mohammadpur,0.15,Beverage|Indian|Biryani|Asian,4.1,13,50.0,0.0,38.0,23.7667453,90.3577225,"Shekhertek Road 3, Shekhertek Rd 3, 1207 Mohammadpur, Dhaka, Bangladesh",1207,https://foodpanda.com.bd/restaurant/pfb1/prithibir-rannaghar
ay2i,79061,Bhorta Ghar,,Dhaka,Adabor,0.21,Bangladeshi|Asian,0.0,0,50.0,0.0,38.0,23.7691747,90.3554378,"Rajes Miar Bari, Nich Tala, Shekhertek 10 No PC Culture Housing
Basha No 27 ,1207 Mohammadpur, Dhaka, Bangladesh",1207,https://foodpanda.com.bd/restaurant/ay2i/bhorta-ghar-ay2i
v4t9,116313,Mayer Hater Halim,,Dhaka,Mohammadpur,0.13,Asian,0.0,0,50.0,0.0,38.0,23.7659464,90.35768263,"Sekertec, Mohammadpur, House No-08, 1207 Mohammadpur, Dhaka, Bangladesh",1207,https://foodpanda.com.bd/restaurant/v4t9/mayer-hater-halim
s68v,43370,Puro Pastry & Bakery - Mohammadpur,Puro Pastry & Bakery - Dhaka,Dhaka,Town Hall,0.17,Cakes|Dessert|Fast Food,4.8,2157,50.0,0.0,38.0,23.76327232,90.3621087,"Z/22, Block#D , Tajmahal road ( opposite of bata), mohammadpur . Dhaka-1207.",1207,https://foodpanda.com.bd/restaurant/s68v/puro-pastry-and-bakery-mohammadpur-s68v
arct,78811,Kitchen Story,,Dhaka,Japan Garden City,0.08,Snacks|Fast Food,0.0,0,50.0,0.0,38.0,23.764461,90.3585535,"Japan Garden City, Building-11, Flat-1202, 1207 Mohammadpur, Dhaka, Bangladesh",1207,https://foodpanda.com.bd/restaurant/arct/kitchen-story
kmks,122893,Chocojello,,Dhaka,Adabor,0.59,Snacks,0.0,0,50.0,0.0,38.0,23.77350655,90.35364261,"Bagdad apon nibash, House no: A/10, Road number:5, Shamoli housing 2, Nobodoy Bazar,, 1207 Mohammadpur, Dhaka, Bangladesh",1207,https://foodpanda.com.bd/restaurant/kmks/chocojello
f2cr,68814,Shumi'S Hot Cake - Taj Mahal,Shumi's Hot Cake,Dhaka,Town Hall,0.09,Cakes|Dessert|Fast Food,4.9,606,50.0,0.0,38.0,23.7630921,90.36123135,"Y-14/ C, Taj Mahal Road/ Razia Sultana Road, Mohammadpur Dhaka-1207",1207,https://foodpanda.com.bd/restaurant/f2cr/shumis-hot-cake-taj-mahal
vg5a,77149,The Daily Drip,,Dhaka,Town Hall,0.06,Juice Corner|Beverage|Cafe,4.8,21,50.0,0.0,38.0,23.7630086,90.360401,"25/7, Block-C, Tajmahal road, Mohammadpur",1207,https://foodpanda.com.bd/restaurant/vg5a/the-daily-drip
qit6,77972,Ehan's Dine,,Dhaka,Town Hall,0.27,Turkish|Kebab|Snacks|Middle Eastern,0.0,0,50.0,0.0,35.0,23.7621444,90.3626667,"Blue Point Pharmacy, Salimullah Road, Mohammadpur, Dhaka",1207,https://foodpanda.com.bd/restaurant/qit6/ehans-dine
e781,82141,Meat Hub,,Dhaka,Town Hall,0.5,Turkish|Kebab|Snacks|Middle Eastern,0.0,0,50.0,0.0,35.0,23.7615152,90.3649554,"Sher Shah Suri Road, Eig gah math, Sher Shah Suri Rd, 1207 Mohammadpur, Dhaka, Bangladesh",1207,https://foodpanda.com.bd/restaurant/e781/meat-hub
tnqx,89913,The Food Club,,Dhaka,Japan Garden City,0.11,Bangladeshi|Asian,0.0,0,50.0,0.0,38.0,23.76306214,90.35753266,"House 93, Rd No.1, 1207 Mohammadpur, Dhaka, Bangladesh",1207,https://foodpanda.com.bd/restaurant/tnqx/the-food-club-tnqx
rt4w,78087,MOMO HOUSE NOORJAHAN ROAD,,Dhaka,Town Hall,0.24,Snacks|Chinese|Bangladeshi|Asian|Dumpling,4.7,273,50.0,0.0,38.0,23.7614141,90.3610143,"U-43, Noorjahan Road, U-43, Nurjahan Rd MoMo House, 1207 Mohammadpur, Dhaka, Bangladesh",1207,https://foodpanda.com.bd/restaurant/rt4w/momo-house-noorjahan-road
jzd0,74309,Bakers Plus - Nurjahan Road,Bakers Plus,Dhaka,Town Hall,0.29,Bakery,4.2,30,50.0,0.0,38.0,23.76110335,90.36159755,"House - T/42, Nurjahan Road, Mohammadpur",1207,https://foodpanda.com.bd/restaurant/jzd0/bakers-plus-nurjahan-road
ya5c,78164,Myth,,Dhaka,Japan Garden City,0.25,Snacks|Beverage,0.0,0,50.0,0.0,38.0,23.7642269,90.3555655,"Mohammadia Housing Society, Road 5, Rd 5, 1207 Mohammadpur, Dhaka, Bangladesh",1207,https://foodpanda.com.bd/restaurant/ya5c/myth
fnbs,76743,Hotel Green & Restaurant,,Dhaka,Lalmatia,0.54,Snacks|Curry|Rice Dishes|Bangladeshi|Asian,4.4,797,50.0,0.0,38.0,23.7602274,90.3653448,"House-15/11 Mohammadpur, Sher Shah Suri Rd, Dhaka 1207",1207,https://foodpanda.com.bd/restaurant/fnbs/hotel-green-and-restaurant-fnbs
u7lw,18303,Singapore Juice and Coffee Bar,,Dhaka,Lalmatia,0.45,Juice Corner|Beverage,4.8,496,50.0,0.0,38.0,23.759802,90.366406,"Mohammadpur, Town Hall Kacha Bazar, Main Road",1207,https://foodpanda.com.bd/restaurant/u7lw/singapore-juice-and-coffee-bar
uze8,124460,Swad Bilash,,Dhaka,Japan Garden City,0.28,Rice Dishes|Bangladeshi|Asian,4.3,20,50.0,0.0,35.0,23.76158115,90.35733465,"Tushar Bhaban#34/A, Road No#1, Mohammadi Housing Ltd, Mohammadpur, Tushar Bhaban# 3rd floor,# Flat No #D1,Mohammadi Housing Ltd,, 1207 Mohammadpur, Dhaka, Bangladesh",1207,https://foodpanda.com.bd/restaurant/uze8/swad-bilash
ry21,77538,Mayer Hater Ranna,,Dhaka,Adabor,0.7,Curry|Bangladeshi|Asian,0.0,0,50.0,0.0,38.0,23.76705858,90.35116644,"Shekhertek Main Rd #06 Mission Goli, 1207 Mohammadpur, Dhaka, Bangladesh",1207,https://foodpanda.com.bd/restaurant/ry21/mayer-hater-ranna-ry21
ck9f,77997,Rosona,,Dhaka,Japan Garden City,0.51,Snacks|Curry,4.8,223,50.0,0.0,38.0,23.7631025,90.3531344,"Flat- 5/A, house -18/1, road -11, mohammadi housing society, Mohammadpur Dhaka-",1207,https://foodpanda.com.bd/restaurant/ck9f/rosona
yxc6,79236,Kacchi Sakib,,Dhaka,Japan Garden City,0.44,Rice Dishes,0.0,0,50.0,0.0,38.0,23.7602953,90.3563771,"মোহাম্মদপুর, মোহাম্মদিয়া হাউজিং কাঁচা বাজার(শিয়া মসজিদ)  দোকান নাম্বার :৭০/৭১",1207,https://foodpanda.com.bd/restaurant/yxc6/kacchi-sakib
wj7w,77868,Deshi Food Shop (Lalmatia) - pandago,,Dhaka,Lalmatia,0.11,Bangladeshi|Asian,0.0,0,50.0,0.0,35.0,23.756981,90.367831,"Khokon General Store, 8/4, Block-B, Zakir Hussain Road, Lalmatia, Mohammadpur, Dhaka",1207,https://foodpanda.com.bd/restaurant/wj7w/deshi-food-shop-lalmatia-pandago
msph,126498,Nook Kitchen,,Dhaka,Japan Garden City,0.86,Bangladeshi|Asian,0.0,0,50.0,0.0,38.0,23.7638225,90.3495827,"1207 Mohammadpur, Dhaka, Bangladesh",1207,https://foodpanda.com.bd/restaurant/msph/nook-kitchen
h0tv,88642,Home Kitchen,,Dhaka,Town Hall,0.73,Bangladeshi|Asian,0.0,0,50.0,0.0,35.0,23.75733016,90.35797721,"Mohammadpur, 11 Mohammadpur 7 mosjid madrasa road no.2 house no.11, 1207 Mohammadpur, Dhaka, Bangladesh",1207,https://foodpanda.com.bd/restaurant/h0tv/home-kitchen-h0tv
w522,114937,LUIGI S,,Dhaka,Lalmatia,0.6,Bangladeshi|Asian,0.0,0,50.0,0.0,35.0,23.7553727,90.36216055,"Waliz Anjuman Villa, 5/1 Confidence Tower Road, Satmasjid Road, Mohammadpur, 1207 Mohammadpur, Dhaka, Bangladesh",1207,https://foodpanda.com.bd/restaurant/w522/luigi-s
po40,115350,Authentic Catering,,Dhaka,Lalmatia,0.34,Bangladeshi|Asian,0.0,0,50.0,0.0,35.0,23.7548333,90.3711366,"Lalmatia,Dhaka 1205, House 2/4(kha) Block: C, 1205 মোহাম্মদপুর, ঢাকা, Bangladesh",1205,https://foodpanda.com.bd/restaurant/po40/authentic-catering
mqip,99853,Silent Zone,,Dhaka,Rayer Bazar,0.73,Snacks|Rice Dishes,0.0,0,50.0,0.0,35.0,23.75426734,90.35860334,"ANAN,Mohammodpur, Road 5, House 5, Block B, Kaderabad Housing, Mohammodpur Mokbul Hossain College Area, 1207 Mohammodpur, Dhaka, Bangladesh",1207,https://foodpanda.com.bd/restaurant/mqip/silent-zone
t6po,8667,Al Amar Lebanese Cuisine - Dhanmondi,Al Amar Lebanese Cuisine,Dhaka,Lalmatia,0.36,Turkish|Kebab|Rice Dishes|Middle Eastern,4.7,237,50.0,0.0,38.0,23.753027,90.369462,"4th Floor, 275/D, Rangs Nasim Square, Dhanmondi- 27",1209,https://foodpanda.com.bd/restaurant/t6po/al-amar-lebanese-cuisine-dhanmondi
vei7,72738,Delifrance - Dhanmondi 27,Delifrance Gulshan Avenue,Dhaka,Lalmatia,0.37,Cakes|Beverage|Western|Fast Food,4.8,884,50.0,0.0,35.0,23.75306745,90.36978945,"Plot# 44, Road# 16, Dhanmondi 27, Dhaka-1209. (In Meena Bazar)",1209,https://foodpanda.com.bd/restaurant/vei7/delifrance-dhanmondi-27
mgqy,111971,AppSweet,,Dhaka,Dhanmondi 27,0.35,Snacks,0.0,0,50.0,0.0,35.0,23.7550684,90.376834,"parijat apartment, 2 no sobhanbag dhaka, 1205 Dhanmondi, Dhaka, Bangladesh",1205,https://foodpanda.com.bd/restaurant/mgqy/appsweet
o65r,77871,Let's Vibe (Dhanmondi) - pandago,,Dhaka,Rayer Bazar,0.44,Bangladeshi|Asian,0.0,0,50.0,0.0,35.0,23.75196873,90.36407865,Jafrabad Road,1209,https://foodpanda.com.bd/restaurant/o65r/lets-vibe-dhanmondi-pandago
wlig,68681,Desi Delight,,Dhaka,Rayer Bazar,0.53,Snacks,0.0,0,50.0,0.0,35.0,23.75126304,90.36620548,"House - 31, Hazi Bari, Road - 9/A, Khandaker Lane, Near The Pizzarolla, Shankar, Dhanmondi, Dhaka - 1209",1209,https://foodpanda.com.bd/restaurant/wlig/desi-delight
qsbs,77901,Bengali Flavour,,Dhaka,Rayer Bazar,0.48,Curry|Rice Dishes|Fish|Seafood|Vegetarian|Bangladeshi|Asian,4.6,19,50.0,0.0,35.0,23.7494629,90.3665972,"Yousuf School Lane  House 65 West Dhanmondi 1209, 1209 Dhanmondi, Dhaka, Bangladesh",1209,https://foodpanda.com.bd/restaurant/qsbs/bengali-flavour-qsbs
pd9h,97269,Shader Bangla Khabar,,Dhaka,Rayer Bazar,0.17,Bangladeshi|Asian,0.0,0,50.0,0.0,35.0,23.74936699,90.36063651,"Rayer Bazar, Mohammadpur, Mohammad Ali Khan, or Girip Goli Shesh Mathay, Haque Villa – 76/12 C, 1207 Dhanmondi, Dhaka, Bangladesh",1207,https://foodpanda.com.bd/restaurant/pd9h/shader-bangla-khabar
i896,92804,Rondon Ghor,,Dhaka,Bosila,0.47,Bangladeshi|Asian,0.0,0,50.0,0.0,38.0,23.7515678,90.3530731,"Shahjalal Housing, Mohammadpur, Bosila Rd, 1207 Mohammadpur, Dhaka, Bangladesh",1207,https://foodpanda.com.bd/restaurant/i896/rondon-ghor
ic53,79009,Ginza,Ginza,Dhaka,Dhanmondi 1,0.24,Rice Dishes|Japanese|Asian,4.9,173,50.0,0.0,38.0,23.7481822,90.3696934,"Plot - 758, Green City Center, 6th Floor, Satmasjid Road, Dhanmondi, Dhaka - 1209",1209,https://foodpanda.com.bd/restaurant/ic53/ginza
s8mp,1756,Bella Italia - Dhanmondi,Bella Italia,Dhaka,Dhanmondi 1,0.18,Italian|Pasta|Mediterranean|Pizza|Western,4.9,3229,50.0,0.0,38.0,23.74747465,90.37084075,"ADC Empire plaza, (1st floor), Plot # 91, Road# 12/A, Shatmasjid Road, Dhanmondi, Dhaka- 1209",1205,https://foodpanda.com.bd/restaurant/s8mp/bella-italia-dhanmondi
fbih,93331,Ahmed Bakers,,Dhaka,Rayer Bazar,0.31,Fast Food,0.0,0,50.0,0.0,35.0,23.74635436,90.36392512,"Rayer Bazaer tillaberi, Sadek Khan Rd 1, 1207 Mohammadpur, Dhaka, Bangladesh",1207,https://foodpanda.com.bd/restaurant/fbih/ahmed-bakers
fezi,78227,Zayka - Biriyani House,,Dhaka,Dhanmondi 1,0.15,Curry|Indian|Biryani|Asian,4.2,258,50.0,0.0,38.0,23.74684567,90.37109033,"House - 99, Road - 11/A, Shat Masjid Road, Dhanmondi",1205,https://foodpanda.com.bd/restaurant/fezi/zayka-biriyani-house
u82b,82207,ALJIL,,Dhaka,Bosila,0.12,Snacks,0.0,0,50.0,0.0,38.0,23.7499033,90.3486362,"Romiza Garden (Bosila City Developers Ltd), Romiza Garden (Bosila City Developers Ltd) রোমাইজা গার্ডেন (বসিলা সিট, 1207 Bosila, Dhaka, Bangladesh",1207,https://foodpanda.com.bd/restaurant/u82b/aljil
lgrj,114513,Restaurant Swiss,,Dhaka,Rayer Bazar,0.39,Italian|Mediterranean|Western,3.5,14,50.0,0.0,35.0,23.7457,90.35962045,"Grace Torab Apartment, 32, rayerbazar (Grace Torab Apartment,B12), near sadek pump, dhaka., 1215 হাজারীবাগ, ঢাকা, Bangladesh",1215,https://foodpanda.com.bd/restaurant/lgrj/restaurant-swiss
foia,41211,Crisp - Chef's Table Dhanmondi,Crisp,Dhaka,Dhanmondi 2,0.09,Burgers|Western|Fast Food,4.8,1807,50.0,0.0,38.0,23.7446778,90.372869,"House# 80, Road# 8/A, Satmashjid Road, Dhanmondi, Dhaka 1209",1209,https://foodpanda.com.bd/restaurant/foia/crisp-chefs-table-dhanmondi
sptm,41213,Indulge - Chef's Table Dhanmondi,Indulge,Dhaka,Dhanmondi 2,0.09,Beverage|Dessert|Fast Food,4.9,509,50.0,0.0,38.0,23.74466955,90.37283445,"House# 80, Road# 8/A, Satmashjid Road, Dhanmondi, Dhaka 1209",1209,https://foodpanda.com.bd/restaurant/sptm/indulge-chefs-table-dhanmondi
kdop,41212,Greens & Seeds - Chef's Table Dhanmondi,Greens & Seeds,Dhaka,Dhanmondi 2,0.09,Healthy,4.5,1250,50.0,0.0,38.0,23.7444789,90.3728443,"House# 80, Road# 8/A, Satmashjid Road, Dhanmondi, Dhaka 1209",1209,https://foodpanda.com.bd/restaurant/kdop/greens-and-seeds-chefs-table-dhanmondi
qh5o,77718,Ghorer Hashel,,Dhaka,Dhanmondi 1,0.44,Curry|Bangladeshi|Asian,4.4,186,50.0,0.0,35.0,23.7435569,90.36666155,"Rayer Bazar High School,  Mukti cinema hall, 1209 Dhanmondi, Dhaka, Bangladesh",1209,https://foodpanda.com.bd/restaurant/qh5o/ghorer-hashel
rwkw,88608,Street Adda,,Dhaka,Dhanmondi 2,0.11,Bangladeshi|Asian,0.0,0,50.0,0.0,35.0,23.74433149,90.37302338,"15, Road No. 8A, 15 Road No. 9A, Road No. 9A 15, 1209 Dhanmondi, Dhaka, Bangladesh",1209,https://foodpanda.com.bd/restaurant/rwkw/street-adda
vpuh,77974,Shila's Kitchen,,Dhaka,Rayer Bazar,0.8,Curry|Bangladeshi|Asian,0.0,0,50.0,0.0,35.0,23.74136902,90.36335774,"Tali office Road, Tali office Rd tali office panir pump, 1205 Dhanmondi, Dhaka, Bangladesh",1205,https://foodpanda.com.bd/restaurant/vpuh/shilas-kitchen-vpuh
czju,81855,Fish n Fry - F F Mart,,Dhaka,Bosila,0.76,Snacks,0.0,0,50.0,0.0,38.0,23.74418261,90.34931264,"Road 3 (Main Road), 1207 Bosila, Dhaka, Bangladesh",1207,https://foodpanda.com.bd/restaurant/czju/fish-n-fry-f-f-mart
ceyj,78179,Noor Biryani House - Shyamoli,,Dhaka,Shyamoli,0.16,Rice Dishes|Indian|Biryani|Asian,4.1,24,50.0,0.0,38.0,23.7742916,90.36564915,House-6 Khilji Road Shamoly Mohammadpur Dhaka-1207,1207,https://foodpanda.com.bd/restaurant/ceyj/noor-biryani-house-shyamoli
nsdk,112915,London House,,Dhaka,Shyamoli,0.43,Italian|Beverage|Mediterranean|Pizza|Burgers|Western|Fast Food,0.0,0,50.0,0.0,38.0,23.7696127,90.3630136,"Metropolitan housing Society ,Babr Road, 35 Camper Bazer ,Balur Mat, 1207 Mohammadpur, Dhaka, Bangladesh",1207,https://foodpanda.com.bd/restaurant/nsdk/london-house
u4cw,15967,Pizza Burg - Mohammadpur,Pizza Burg,Dhaka,Adabor,0.28,Italian|Mediterranean|Pizza|Western,4.8,9492,50.0,0.0,38.0,23.7712589,90.3594502,"Shiuly plot No. 1107/A, 1105,B Society, Adabor Thanar pase",1207,https://foodpanda.com.bd/restaurant/u4cw/pizza-burg-mohammadpur
p1xq,77406,Green & Grains,,Dhaka,Adabor,0.12,Snacks|Curry,0.0,0,50.0,0.0,38.0,23.7705638,90.3577907,"827/B/A, adabor 4, Mohammadpur",1207,https://foodpanda.com.bd/restaurant/p1xq/green-and-grains
seng,75889,Shaila's Kitchen,,Dhaka,Mohammadpur,0.16,Curry|Bangladeshi|Asian,4.8,166,50.0,0.0,38.0,23.7671162,90.3599935,"Krishi Market,  6d/11,12 (mukti jhoddha tower)krishi market majar mosjid er pichoner building, 1207 Mohammadpur, Dhaka, Bangladesh",1207,https://foodpanda.com.bd/restaurant/seng/shailas-kitchen
km3f,76712,Coffee House,,Dhaka,Mohammadpur,0.23,Juice Corner|Italian|Pasta|Beverage|Mediterranean|Burgers|Western|Fast Food,0.0,0,50.0,0.0,38.0,23.7656349,90.3612119,"COFFEE HOUSE @DHAKA, Tajmahal Rd Tajmahal Road, H-20/7, 1207 Mohammadpur, Dhaka, Bangladesh",1207,https://foodpanda.com.bd/restaurant/km3f/coffee-house-km3f
t0y3,77703,Rater Kabab,,Dhaka,Mohammadpur,0.13,Turkish|Kebab|Middle Eastern,0.0,0,50.0,0.0,38.0,23.7671183,90.3585689,"Mohammadpur,  Suchona community Center, 1207 Mohammadpur, Dhaka, Bangladesh",1207,https://foodpanda.com.bd/restaurant/t0y3/rater-kabab-t0y3
zve3,78812,Hot Plate,,Dhaka,Mohammadpur,0.12,Snacks,0.0,0,50.0,0.0,38.0,23.76695163,90.35837286,"31/11 Tajmahal Road, Mohammadpur beside Mohammadpur Krishi Market, 1207 Mohammadpur, Dhaka, Bangladesh",1207,https://foodpanda.com.bd/restaurant/zve3/hot-plate-zve3
mjsx,73939,Vortha Ghor,,Dhaka,Adabor,0.55,Bangladeshi|Asian,0.0,0,50.0,0.0,38.0,23.7740437,90.3554654,"Adabor Alif housing House 526, 1207 Mohammadpur, Dhaka, Bangladesh",1207,https://foodpanda.com.bd/restaurant/mjsx/vortha-ghor
a5ww,77248,Shayaan's Kitchen,,Dhaka,Adabor,0.18,Snacks|Italian|Mediterranean|Pizza|Western,3.6,44,50.0,0.0,38.0,23.7700339,90.3558452,Shekhertek Main Rd 12 Shakhertek 12 House 19 opposite Daily shopping,Adabor,https://foodpanda.com.bd/restaurant/a5ww/shayaans-kitchen
moa4,76972,Big Q - Mohammadpur,THE BIG Q,Dhaka,Town Hall,0.19,Burgers|Western|Fast Food,4.0,20,50.0,0.0,38.0,23.76330981,90.36235001,"H.I. Khan Trade Centre, House: 23, 24, Block # D, Tajmahal Road, Mohammadpur, Dhaka 1207",1207,https://foodpanda.com.bd/restaurant/moa4/big-q-mohammadpur
ypm5,77204,8 Number Dokan - Mohammadpur,8 Number Dokan (Kitchen),Dhaka,Town Hall,0.19,Rice Dishes|Fast Food,4.3,197,50.0,0.0,38.0,23.76330981,90.36235001,"H.I. Khan Trade Centre, House: 23, 24, Block # D, Tajmahal Road, Mohammadpur, Dhaka 1207",1207,https://foodpanda.com.bd/restaurant/ypm5/8-number-dokan-mohammadpur
oc07,77222,Pritom Burger - Mohammadpur,Pritom Burger - (Kitchen),Dhaka,Town Hall,0.19,Burgers|Western|Fast Food,2.9,75,50.0,0.0,38.0,23.76330981,90.36235001,"H.I. Khan Trade Centre, House: 23, 24, Block # D, Tajmahal Road, Mohammadpur, Dhaka 1207",1207,https://foodpanda.com.bd/restaurant/oc07/pritom-burger-mohammadpur
y3oc,76665,Adorsho Bangla Hotel,,Dhaka,Town Hall,0.32,Curry|Bangladeshi|Asian,2.4,8,50.0,0.0,38.0,23.7626949,90.3635478,Close Waffle time mohammadpur Dhaka-1207,1207,https://foodpanda.com.bd/restaurant/y3oc/adorsho-bangla-hotel
zsk7,77682,Peshwari Kabab,,Dhaka,Town Hall,0.1,Turkish|Kebab|Curry|Middle Eastern|Beverage|Faluda,3.8,258,50.0,0.0,38.0,23.76297544,90.36127623,"Razia Sultana Road, Razia Sultana Rd Y- 14 C, Tajmahal Road, Mohammadpur Dhaka, 1207 Mohammadpur, Dhaka, Bangladesh",1207,https://foodpanda.com.bd/restaurant/zsk7/peshwari-kabab
zp43,103581,Food Bar,,Dhaka,Town Hall,0.27,Bangladeshi|Asian,0.0,0,50.0,0.0,35.0,23.7622503,90.3627986,"Salimullah road, 8\5 Salimullah road flat number 2nd Flore lokma goli, 1207 Mohammadpur, Dhaka, Bangladesh",1207,https://foodpanda.com.bd/restaurant/zp43/food-bar-zp43
pu9w,79167,Roadside Kitchen Dhanmondi,Roadside Kitchen,Dhaka,Town Hall,0.14,Chicken|Snacks|Meat,0.0,0,50.0,0.0,38.0,23.7623871,90.3612209,3 ব্লক#ডি,1209,https://foodpanda.com.bd/restaurant/pu9w/roadside-kitchen-dhanmondi
sbic,78016,Shutki house,,Dhaka,Japan Garden City,0.06,Curry|Rice Dishes|Bangladeshi|Asian,2.8,21,50.0,0.0,38.0,23.7635305,90.3582988,"Japan Garden City, Building #4, Flat -1302,  Mohammdpur, Dhaka,1207",1207,https://foodpanda.com.bd/restaurant/sbic/shutki-house
f87s,124424,Momo Panda,,Dhaka,Town Hall,0.49,Bangladeshi|Asian,0.0,0,50.0,0.0,35.0,23.7616715,90.3649028,"22 no building, 22no house / sher sha suri road Mohammadpur dhaka, 1207 Mohammadpur, Dhaka, Bangladesh",1207,https://foodpanda.com.bd/restaurant/f87s/momo-panda
vwsg,66634,Chittagong Xpress,,Dhaka,Adabor,0.41,Curry|Rice Dishes|Bangladeshi|Asian,4.7,483,50.0,0.0,38.0,23.76839875,90.353633,"House - 20, Road: 08, ( Rafique Housing Society), Near Ankur Tower, Smile Food Corner er Pasher Road, Shekhertek, Mohammadpur, Dhaka - 1207",1207,https://foodpanda.com.bd/restaurant/vwsg/chittagong-xpress
xjjt,76364,Cafe Appleians,,Dhaka,Town Hall,0.15,Beverage|Cafe,4.1,17,50.0,0.0,38.0,23.7626108,90.3593901,"Shop: 24/22, Taj Mahal Road, Mohammadpur (মোহাম্মদপুর কেন্দ্রীয় কলেজের রাস্তার বিপরীত পাশে)",1207,https://foodpanda.com.bd/restaurant/xjjt/cafe-appleians
rmlv,82854,Azmira's Kitchen,,Dhaka,Lalmatia,0.54,Snacks|Rice Dishes,0.0,0,50.0,0.0,35.0,23.7608087,90.3676521,"11/9, Iqbal Road, Block-A, Mohammadpur, Dhaka-1207",1207,https://foodpanda.com.bd/restaurant/rmlv/azmiras-kitchen
rr74,76430,Prim Khanapina,,Dhaka,Adabor,0.7,Snacks|Beverage|Fast Food,4.3,55,50.0,0.0,38.0,23.770591,90.35075446,"Rd No. 10 20a 712/18, NEEL PODDO, Flat 3A, 1207 Mohammadpur, Dhaka, Bangladesh",1207,https://foodpanda.com.bd/restaurant/rr74/prim-khanapina-rr74
en5k,79017,Blossom Cafe & Restaurant,,Dhaka,Town Hall,0.41,Soups|Seafood|Fast Food,0.0,0,50.0,0.0,38.0,23.7599828,90.3615882,"House-P/24, Road-6, Nurjahan Road, Mohammadpur",1216,https://foodpanda.com.bd/restaurant/en5k/blossom-cafe-and-restaurant
on02,78133,Momo Mama Townhall,,Dhaka,Lalmatia,0.45,Chinese|Asian|Fast Food|Dumpling,4.2,20,50.0,0.0,35.0,23.75959495,90.36603625,"Mohammadpur community Center, Dhaka 1207",1207,https://foodpanda.com.bd/restaurant/on02/momo-mama-townhall
qkwe,114479,Goroa Shaad by Fatiha,,Dhaka,Japan Garden City,0.34,Curry|Rice Dishes,0.0,0,50.0,0.0,35.0,23.7611706,90.3568178,"Mohammadia Housing Limited, Road 2, 1207 Mohammadpur, Dhaka, Bangladesh",1207,https://foodpanda.com.bd/restaurant/qkwe
il9f,73671,Fiery & Spicy,,Dhaka,Town Hall,0.53,Fast Food,3.2,9,50.0,0.0,35.0,23.7589795,90.3620558,"Mohammadpur,  N/4 Nurjahan road mohammadpur Dhaka, 1207 Mohammadpur, Dhaka, Bangladesh",1207,https://foodpanda.com.bd/restaurant/il9f/fiery-and-spicy
avsg,76426,Matbakh,,Dhaka,Town Hall,0.47,Curry|Rice Dishes|Bangladeshi|Asian,4.1,22,50.0,0.0,38.0,23.7594907,90.3591866,"Matbakh, G Bashbari Main Road 39 39/G Bashbari Main Road, 1207 Mohammadpur, Dhaka, Bangladesh",1207,https://foodpanda.com.bd/restaurant/avsg/matbakh
br3x,77950,Khaidaai,,Dhaka,Japan Garden City,0.68,Rice Dishes,0.0,0,50.0,0.0,38.0,23.7637442,90.3513344,"Building No 11, Road no 01, Block B, Nabodoy Housing Society, Mohammadpur, Flat No A2, Bismillah pharmecy r goli, Samne ekta mudir dokan ase, 1207 Mohammadpur, Dhaka, Bangladesh",1207,https://foodpanda.com.bd/restaurant/br3x/khaidaai
bbmk,76747,Zinia Thai Chinese Restaurant,,Dhaka,Lalmatia,0.71,Italian|Western|Fried Chicken|Chicken|Rice Dishes|Pasta|Mediterranean|Soups|Noodles|Vegetarian|Meat|Chinese|Asian|Fast Food,4.7,16,50.0,0.0,38.0,23.756741,90.3610669,"1/1, Katasur sher-e-Bangla Road, West Side of Allah Karim Mashjid Mohammadpur Dhaka-1207",1207,https://foodpanda.com.bd/restaurant/bbmk/zinia-thai-chinese-restaurant
sjli,117075,Barakah Bites,,Dhaka,Lalmatia,0.08,Bangladeshi|Asian,0.0,0,50.0,0.0,35.0,23.7556189,90.3673711,"Lalmatia, shoptoborno, House number 4/5, block E flat b3, 1207 Mohammadpur, Dhaka, Bangladesh",1207,https://foodpanda.com.bd/restaurant/sjli
h6wf,70510,Roast Pulao & Bhorta Bhat,,Dhaka,Lalmatia,0.65,Curry|Rice Dishes|Bangladeshi|Asian|Khichuri,4.8,181,50.0,0.0,38.0,23.7548652,90.3617479,"49/2,katasur,Mohammadpur Dhaka-1207",1207,https://foodpanda.com.bd/restaurant/h6wf/roast-pulao-and-bhorta-bhat
x05n,78471,Khorak,,Dhaka,Lalmatia,0.67,Snacks|Burgers|Western,4.0,12,50.0,0.0,35.0,23.7547236,90.3615287,"Kaderabad Housing Society কাদেরাবাদ হাউজিং সোসাইটি, Road Kaderabaad Housing Road.",1207,https://foodpanda.com.bd/restaurant/x05n/khorak-x05n
sc1d,80618,Tahamina's Kitchen,,Dhaka,Bosila,0.83,Curry|Rice Dishes|Bangladeshi|Asian,0.0,0,50.0,0.0,38.0,23.7576953,90.3520356,"Bhanga Mosque, Satmasjid Housing, Road 5, Bari No. 3, Mohammadpur, Dhaka. Right past the lift, No. 8.",1207,https://foodpanda.com.bd/restaurant/sc1d/tahaminas-kitchen-sc1d
zjdg,65390,The Birdman Chikin,The Birdman Chikin,Dhaka,Lalmatia,0.39,Korean|Asian,3.7,324,50.0,0.0,35.0,23.75452203,90.37151797,"House - 28/A, South Pride, Flat - D3, Road - 16 ( Old 27), Near Transcom Digital Showroom and Oxford International School, Dhanmondi",1209,https://foodpanda.com.bd/restaurant/zjdg/the-birdman-chikin-zjdg
khw1,77824,Cafe Sao Paulo- Dhanmondi,Cafe Sao Paulo - Gulshan,Dhaka,Dhanmondi 27,0.43,Snacks|Italian|Pasta|Beverage|Mediterranean|Sandwiches|Pizza|Dessert|Western,3.8,69,50.0,0.0,35.0,23.75557065,90.37442475,"Rancon, 390/B Road, 27 (old), (16 New). Dhanmondi, Dhaka. 1209 Dhaka, Bangladesh",1209,https://foodpanda.com.bd/restaurant/khw1/cafe-sao-paulo-dhanmondi
rydd,61080,Banglar Mishti - Dhanmondi,Banglar Mishti,Dhaka,Dhanmondi 27,0.45,Snacks|Beverage|Dessert,4.7,240,50.0,0.0,38.0,23.7548559,90.3728596,"352/A, Road 16, Dhanmondi, Dhaka 1209",1209,https://foodpanda.com.bd/restaurant/rydd/banglar-mishti-dhanmondi
rea3,77100,Cafe Vintage,,Dhaka,Lalmatia,0.37,Snacks|Beverage|Cafe|Sandwiches|Western,0.0,0,50.0,0.0,38.0,23.75415522,90.37098073,"House-275/KA, 2nd Floor, Road-27 (Old), 16 (New), Same Building of Vintage Convention Hall, Dhanmondi, Dhaka - 1209",1209,https://foodpanda.com.bd/restaurant/rea3/cafe-vintage
xvjb,78151,Cafe Campfire,,Dhaka,Lalmatia,0.31,Beverage|Soups|Noodles|Dessert|Burgers|Western|Fast Food,0.0,0,50.0,0.0,38.0,23.7532298,90.3682334,"9/11, Block- D, Lalmatia, 1205 Mohammadpur, Dhaka, Bangladesh",1205,https://foodpanda.com.bd/restaurant/xvjb/cafe-campfire
v59e,76999,Sweet Kitchen,,Dhaka,Rayer Bazar,0.48,Snacks|Fast Food,0.0,0,50.0,0.0,35.0,23.7526331,90.3632104,"361/A/, Ittadir Mor, Jafrabad, Dhaka, 1207 Mohammadpur, Dhaka, Bangladesh",1207,https://foodpanda.com.bd/restaurant/v59e/sweet-kitchen-v59e
zq0v,77589,The Cloud Kitchen,,Dhaka,Dhanmondi 27,0.4,Snacks|Italian|Pasta|Beverage|Mediterranean|Pizza|Burgers|Western|Fast Food,4.0,271,50.0,0.0,35.0,23.7554217,90.3771988,"Sobhanbag Rd 4 5/4 sobanbag, dadu villa , dhanmonndi 27",1212,https://foodpanda.com.bd/restaurant/zq0v/the-cloud-kitchen-zq0v
mt9m,95337,Bunny Bites,,Dhaka,Rayer Bazar,0.48,Chinese|Asian,4.9,17,50.0,0.0,35.0,23.75171165,90.36517585,"Jafrabad - Sanker Road, Jafrabad - Sanker Rd, 1209 Dhanmondi, Dhaka, Bangladesh",1209,https://foodpanda.com.bd/restaurant/mt9m/bunny-bites
tkhd,78373,KOI Thé Dhanmondi,KOI Thé,Dhaka,Lalmatia,0.5,Beverage|Cafe,4.9,255,50.0,0.0,38.0,23.7514831,90.367585,"Ground Floor, CONCORD M K Heritage, 76 Satmasjid Road, Dhaka 1205",1205,https://foodpanda.com.bd/restaurant/tkhd/koi-the-dhanmondi
vhow,76177,Khabar Ghor,,Dhaka,Rayer Bazar,0.36,Curry|Rice Dishes|Bangladeshi|Asian,4.2,267,50.0,0.0,35.0,23.7513798,90.3635981,"House Name: Krishnachura (কৃষ্ণচূড়া)
​House No: 323/A/1
​Area: Jafarabad, Pulpar, Sankar
​City: Dhaka",1207,https://foodpanda.com.bd/restaurant/vhow/khabar-ghor-vhow
mm7d,75922,An Food & Freshness,,Dhaka,Japan Garden City,1.51,Snacks,0.0,0,50.0,0.0,38.0,23.7640635,90.3431162,"Flat-9b, house-58, road-2, block- a, dhaka uddan, location",1207,https://foodpanda.com.bd/restaurant/mm7d/an-food-and-freshness
lpb8,80477,Khushbu Biriyani,,Dhaka,Dhanmondi 27,0.41,Rice Dishes,0.0,0,50.0,0.0,35.0,23.7513578,90.3720662,"Assurance Dipti, Rd Number 11 11",1209,https://foodpanda.com.bd/restaurant/lpb8/khushbu-biriyani-lpb8
bf9f,76268,Pizza On Fire,,Dhaka,Dhanmondi 27,0.35,Snacks|Italian|Beverage|Mediterranean|Pizza|Western,3.7,119,50.0,0.0,38.0,23.7537333,90.3788633,"House - 63/1, Sukrabad, Near Khandakar Pharmacy, Dhanmondi",1215,https://foodpanda.com.bd/restaurant/bf9f/pizza-on-fire
pfp1,80375,Ghorey Delivery,,Dhaka,Bosila,1.04,Curry|Rice Dishes|Bangladeshi|Asian,0.0,0,50.0,0.0,38.0,23.75923243,90.34373131,"Chandrima Model Town, Chandrima Model Town, Ave # 1 House 20/A, 1207 Mohammadpur, Dhaka, Bangladesh",1207,https://foodpanda.com.bd/restaurant/pfp1/ghorey-delivery
d6k0,67268,Cheezy Craft,Cheezy Craft,Dhaka,Dhanmondi 27,0.46,Italian|Mediterranean|Pizza|Western|Fast Food,4.4,329,50.0,0.0,38.0,23.7535836,90.3802092,"House - 28/2 Sukrabad, Dhanmondi Dhaka 1207",1209,https://foodpanda.com.bd/restaurant/d6k0/cheezy-craft
l7v4,123412,Marufa's Kitchen,,Dhaka,Rayer Bazar,0.31,Bangladeshi|Asian,0.0,0,50.0,0.0,35.0,23.74964245,90.35920205,"Niribili housing, 257/1 Niribili housing sankar Dhanmondi Dhaka, 1209 Dhanmondi, Dhaka, Bangladesh",1209,https://foodpanda.com.bd/restaurant/l7v4
atbk,115573,Mousumi Homemade Rannagho,,Dhaka,Bosila,0.74,Curry|Rice Dishes,0.0,0,50.0,0.0,38.0,23.7570721,90.3454212,"নবীনগর হাউসিং, ঢাকা উদ্যান, মোহাম্মদপুর, বাসা নম্বর-১০১, রোড নম্বর-১৪, 1207 মোহাম্মদপুর, ঢাকা, Bangladesh",1207,https://foodpanda.com.bd/restaurant/atbk/mousumi-homemade-rannagho
kj9m,99402,Ghorer Khabar,,Dhaka,Dhanmondi 1,0.45,Bangladeshi|Asian,4.7,106,50.0,0.0,35.0,23.7489853,90.3669909,"Tazmins, Basa no: 90, shankar, Chairman goli. Dhanmondi Dhaka, 1209 Dhanmondi, Dhaka, Bangladesh",1209,https://foodpanda.com.bd/restaurant/kj9m/ghorer-khabar-kj9m
vy9o,113469,Fry & Steam,,Dhaka,Bosila,1.42,Snacks|Chinese|Asian|Dumpling,0.0,0,50.0,0.0,38.0,23.76190849,90.34125354,"Tanzim Villa, Dhaka Uddan Housing, Block D, Road 3, House 36 Mohammadpur., 1207 Mohammadpur, Dhaka, Bangladesh",1207,https://foodpanda.com.bd/restaurant/vy9o/fry-and-steam
qcmg,76530,The Dip Fry Dhanmondi,,Dhaka,Rayer Bazar,0.17,Burgers|Western|Fast Food,2.0,9,50.0,0.0,35.0,23.7483534,90.36366,10/2 jafrabad Rayer bazer community center  masjid opposite goli,1209,https://foodpanda.com.bd/restaurant/qcmg/the-dip-fry-dhanmondi
oc8u,41746,Cafe Bleu - Panthapath,Cafe Bleu - Panthapath,Dhaka,Green Road,0.45,Rice Dishes|Beverage,4.9,84,50.0,0.0,35.0,23.7528397,90.38109855,"Union Heights Floor: 14+1,(KFC Building)55-2, west Panthapath",1205,https://foodpanda.com.bd/restaurant/oc8u/cafe-bleu-panthapath
gjbr,75913,PP Five Star,,Dhaka,Dhanmondi 1,0.26,Italian|Mediterranean|Pizza|Burgers|Western,4.8,32,50.0,0.0,35.0,23.7477699,90.3683564,"Road No 6 12 129/D , Dhanmondi 12/A, 1209 Dhanmondi, Dhaka, Bangladesh",1209,https://foodpanda.com.bd/restaurant/gjbr/pp-five-star
acks,77649,Shawarma Damasco - Dhanmondi,Shawarma Damasco,Dhaka,Dhanmondi 1,0.15,Snacks|Middle Eastern|Shawarma,4.8,500,50.0,0.0,38.0,23.74728364,90.37036411,"House No: 753, Ground Floor, Sat Masjid Road, Same Building of Beans & Aroma Coffees | Dhanmondi Branch, Dhanmondi, Dhaka - 1209",1209,https://foodpanda.com.bd/restaurant/acks/shawarma-damasco-dhanmondi
d3eu,79012,Naval Point,Naval Point,Dhaka,Dhanmondi 1,0.11,Snacks|Beverage,4.8,531,50.0,0.0,38.0,23.74663486,90.37083548,"Plot - 49, Same Building of Kacchi Bhai Dhanmondi Branch, Satmasjid Road, Dhanmondi, Dhaka - 1209",1209,https://foodpanda.com.bd/restaurant/d3eu/naval-point
upz7,77276,Fry King,,Dhaka,Rayer Bazar,0.31,Juice Corner|Chicken|Snacks|Beverage|Meat|Fast Food,0.0,0,50.0,0.0,38.0,23.74594041,90.36323148,"Rayer Bazar - Sanker Rd Rayer bazar, cng stand  police fare goli, 1209 Dhanmondi, Dhaka, Bangladesh",1209,https://foodpanda.com.bd/restaurant/upz7/fry-king
n4z7,78162,The Nawabi Zone,,Dhaka,Rayer Bazar,0.41,Chotpoti & Fuchka|Bangladeshi|Asian,0.0,0,50.0,0.0,35.0,23.74562902,90.36445816,"Haji Bhaban, Flat 4/b, 1209 Dhanmondi, Dhaka, Bangladesh",1209,https://foodpanda.com.bd/restaurant/n4z7/the-nawabi-zone
z69c,77878,Its Fuel’o Clock,,Dhaka,Dhanmondi 32,0.23,Chicken|Snacks|Curry|Rice Dishes|Beverage|Seafood|Meat,0.0,0,50.0,0.0,38.0,23.746095,90.373775,"Road No. 9A, next to rustic eatery",1207,https://foodpanda.com.bd/restaurant/z69c/its-fuelo-clock
npsr,77142,The Saffron Dynasty,,Dhaka,Dhanmondi 2,0.11,Snacks|Curry|Rice Dishes|Bangladeshi|Asian|Thai,3.7,10,50.0,0.0,38.0,23.74541828,90.37148706,"42 & 43, Shat Masjid Road, Gawsia Twinpeak, Dhanmondi - 9/A, Dhaka - 1209",1209,https://foodpanda.com.bd/restaurant/npsr/the-saffron-dynasty
iweq,113228,Steam Sisters Kitchen BD,,Dhaka,Bosila,0.21,Bangladeshi|Asian,0.0,0,50.0,0.0,38.0,23.74930061,90.34765242,"Daimond 1, Bosila city developers /10 road /A block mohamadpur dhaka 1207,supreme beside building, 1207 বসিলা, ঢাকা, Bangladesh, 1207 Dhaka, Bangladesh",1207,https://foodpanda.com.bd/restaurant/iweq/steam-sisters-kitchen-bd
f4hh,67228,Route 66 - Chef’s Table Dhanmondi,Route 66,Dhaka,Dhanmondi 2,0.08,Burgers|Western|Fast Food,4.6,44,50.0,0.0,38.0,23.7446663,90.372793,"House No 80, Road 8/A,  Satmasjid Road, Chef's Table, Dhanmondi",1209,https://foodpanda.com.bd/restaurant/f4hh/route-66-chefs-table-dhanmondi
ar6y,49555,Utshob - Chef's Table Dhanmondi,UTSHOB,Dhaka,Dhanmondi 2,0.08,Curry|Rice Dishes|Bangladeshi|Doi|Asian,4.5,498,50.0,0.0,38.0,23.7446071,90.3728024,"House# 80, Road# 8/A, Satmashjid Road, Dhanmondi, Dhaka",1209,https://foodpanda.com.bd/restaurant/ar6y/utshob-chefs-table-dhanmondi
h588,76113,Alfredough - Chef's Table Dhanmondi,Alfredough ,Dhaka,Dhanmondi 2,0.09,Italian|Mediterranean|Pizza|Western,4.7,60,50.0,0.0,38.0,23.74462525,90.3728826,"House - 80, Road - 8/A, Dhanmondhi",1209,https://foodpanda.com.bd/restaurant/h588/alfredough-chefs-table-dhanmondi
hcnd,59721,Wok Way - Chef's Table Dhanmondi,Wok Way,Dhaka,Dhanmondi 2,0.1,Snacks|Noodles|Chinese|Asian,4.8,331,50.0,0.0,35.0,23.74451605,90.3729635,"Chef's Table, Level 3, House -80, Road -8/A, Dhanmondi,Dhaka-1209",1209,https://foodpanda.com.bd/restaurant/hcnd/wok-way-chefs-table-dhanmondi
injz,69242,Kebabs N Curries - Chef’s Table  Dhanmondi,Kebabs N Curries,Dhaka,Dhanmondi 2,0.09,Turkish|Kebab|Curry|Middle Eastern,4.6,85,50.0,0.0,38.0,23.74449,90.3728569,"Unimart - Dhanmondi, Chef's Table ~ Dhanmondi, Satmasjid Road, Dhanmondi, Dhaka - 1209",1209,https://foodpanda.com.bd/restaurant/injz/kebabs-n-curries-chefs-table-dhanmondi
k20q,77815,Utshob Sweets - Dhanmondi,Utshob Sweets - Centrepoint Airport,Dhaka,Dhanmondi 2,0.08,Snacks|Sweets|Dessert,4.2,7,50.0,0.0,38.0,23.74440462,90.37280057,"House - 80, Road - 8/A, Dhanmondi",1209,https://foodpanda.com.bd/restaurant/k20q/utshob-sweets-dhanmondi
t1f4,73879,Sweets Lover - Dhanmondi,Sweets Lover,Dhaka,Dhanmondi 2,0.22,Sweets|Dessert,0.0,0,50.0,0.0,38.0,23.7438313,90.370007,House-278/1 Road-8/A Dhanmondi Dhaka-1209,1209,https://foodpanda.com.bd/restaurant/t1f4/sweets-lover-dhanmondi
woyi,64118,Penny & Peter's Cafe,,Dhaka,Dhanmondi 2,0.32,Italian|Pasta|Beverage|Mediterranean|Western,4.2,10,50.0,0.0,35.0,23.7425533,90.3742582,"Plot - 61, Anam Rangs Plaza, (5th floor), Road - 6/A, Satmasjid Road, Dhanmondi",1209,https://foodpanda.com.bd/restaurant/woyi/penny-and-peters-cafe
kx1c,128216,Soha's Kitchen,,Dhaka,Bosila,0.61,,0.0,0,50.0,0.0,38.0,23.75439943,90.34374836,Block b road 7 house 7,1207,https://foodpanda.com.bd/restaurant/kx1c
sg8q,127177,Ghorer Ranna,,Dhaka,Rayer Bazar,0.36,,3.7,5,50.0,0.0,35.0,23.7459907,90.364225,"104/k/1,Rayer Bazar,(রায়ের বাজার পাবলিক টয়লেট সংলগ্ন)  Mohammadpur, Dhaka, 1209",1209,https://foodpanda.com.bd/restaurant/sg8q
hups,126687,Zakia Home Made Kitchen,,Dhaka,Japan Garden City,0.78,,0.0,0,50.0,0.0,38.0,23.7642309,90.3503268,17/A Nobodoy housing Society Road-2 Block-B Mohammadpur,1207,https://foodpanda.com.bd/restaurant/hups/zakia-home-made-kitchen
e5su,128502,Kitchen Foodmart,,Dhaka,Lalmatia,0.53,,0.0,0,50.0,0.0,35.0,23.75686491,90.36283147,k-16 Kazi Nazrul Islam Road,1207,https://foodpanda.com.bd/restaurant/e5su/kitchen-foodmart
z9xj,19411,Mithai - Shekhertek,Mithai - Dhaka,Dhaka,Adabor,0.19,Cakes|Dessert|Doi|Fast Food,4.6,1367,50.0,0.0,38.0,23.76782213,90.35722787,"House: 11, Road: 6, Shekhertek, Mohammapur",1207,https://foodpanda.com.bd/restaurant/z9xj/mithai-shekhertek
sdaw,74878,"Mithai - Tajmohol Road, Mohammadpur",Mithai - Dhaka,Dhaka,Town Hall,0.13,Cakes|Dessert|Doi|Fast Food,4.7,85,50.0,0.0,38.0,23.7633393,90.3617919,"Z/19 Tajmohol Road, Mohammadpur",1207,https://foodpanda.com.bd/restaurant/sdaw/mithai-tajmohol-road-mohammadpur
q5i6,68830,Shumi's Hot Cake - Mohammadpur,Shumi's Hot Cake,Dhaka,Japan Garden City,0.22,Cakes|Dessert|Fast Food,4.9,695,50.0,0.0,38.0,23.76208805,90.3574693,"House no, 19 Rd No. 2, Dhaka 1207",1207,https://foodpanda.com.bd/restaurant/q5i6/shumis-hot-cake-mohammadpur-q5i6
z6xi,19011,Mithai - Mohammadia Housing Ltd,Mithai - Dhaka,Dhaka,Japan Garden City,0.28,Cakes|Dessert|Doi|Fast Food,4.5,872,50.0,0.0,38.0,23.76178035,90.35663075,"Plot: 11, Main Road, Mohammadi Housing Ltd., Mohammadpur",1207,https://foodpanda.com.bd/restaurant/z6xi/mithai-mohammadia-housing-ltd
m5nz,115513,Biriyani House,,Dhaka,Dhanmondi 2,0.1,Snacks|Rice Dishes,0.0,0,50.0,0.0,35.0,23.7437575,90.3726365,"west Dhanmondi 8A, Building No. 168/3, 6th Floor, 1205 Dhanmondi, Dhaka, Bangladesh",1205,https://foodpanda.com.bd/restaurant/m5nz/biriyani-house-m5nz
s9rc,1852,Chatime - Dhanmondi,Chatime,Dhaka,Science Lab,0.43,Beverage,4.6,4693,50.0,0.0,0.0,23.73831745,90.3779988,"Khan ABC Tradeplex
House # 37, Road #2, Dhanmondi, Dhaka-1205",1205,https://foodpanda.com.bd/restaurant/s9rc/chatime-dhanmondi
f7te,97986,Spice Avenue,,Dhaka,Green Road,0.24,Fast Food,2.6,12,50.0,0.0,35.0,23.7522121,90.3830711,"Design Spark, House: 23/1, North Dhanmondi, Kalabagan, Dhaka - 1205., 1205 Dhanmondi, Dhaka, Bangladesh",1205,https://foodpanda.com.bd/restaurant/f7te/spice-avenue
fbwu,74391,Omore's Cake Lab,,Dhaka,Green Road,0.23,Dessert,3.6,7,50.0,0.0,35.0,23.7522816,90.3832042,"N Dhanmondi Road, Kalabagan, 36, 23/1, Design Spark North Dhanmondi, Kalabagan, Dhaka, 1205 Dhanmondi, Dhaka, Bangladesh",1205,https://foodpanda.com.bd/restaurant/fbwu/omores-cake-lab
jgzs,126988,Creamy Cake,,Dhaka,Rayer Bazar,0.2,Dessert,0.0,0,50.0,0.0,35.0,23.7501778,90.3627773,"76/2, pabna house lane jafrabad",1207,https://foodpanda.com.bd/restaurant/jgzs/creamy-cake
e2vv,72142,Mithai Rayer Bazar,Mithai - Dhaka,Dhaka,Rayer Bazar,0.35,Cakes|Dessert|Doi|Fast Food,4.9,385,50.0,0.0,38.0,23.7454745,90.3627909,P9W7+54J Dhaka,1209,https://foodpanda.com.bd/restaurant/e2vv/mithai-rayer-bazar
dws7,121033,Tha Bangali Kitchen,,Dhaka,Rayer Bazar,0.36,Bangladeshi|Asian,4.5,26,50.0,0.0,35.0,23.74598125,90.3642483,"Rayer Bazar Gonoshochaghar, Songlogno, Rayer Bazar, 1209 Dhanmondi, Dhaka, Bangladesh",1209,https://foodpanda.com.bd/restaurant/dws7/tha-bangali-kitchen
fdf4,68818,Shumi's Hot Cake - Shatmosjid,Shumi's Hot Cake,Dhaka,Dhanmondi 1,0.25,Cakes|Dessert|Fast Food,4.9,727,50.0,0.0,38.0,23.74820695,90.36975965,"758 Shatmosjid Road Green City Center Gf -03, Dhanmondi C/A, Dhaka.",1205,https://foodpanda.com.bd/restaurant/fdf4/shumis-hot-cake-shatmosjid
r5eb,77920,Khuda Lagche,,Dhaka,Rayer Bazar,0.81,Snacks|Beverage,0.0,0,50.0,0.0,35.0,23.74127655,90.36268046,"House - 295/Ja/3, Tali Office Road, West Dhanmondi",1209,https://foodpanda.com.bd/restaurant/r5eb/khuda-lagche-r5eb
yem3,77372,Alpha Kitchen,,Dhaka,Dhanmondi 1,0.71,Snacks|Italian|Pasta|Mediterranean|Burgers|Western,0.0,0,50.0,0.0,35.0,23.74094,90.3657245,"Tali office Rd 298 298 Talioffice Road Rayer Bazar Dhanmondi, 1209 Hazaribag, Dhaka, Bangladesh",1209,https://foodpanda.com.bd/restaurant/yem3/alpha-kitchen
yj46,102815,Cat's Special,,Dhaka,Dhanmondi 2,0.72,Bangladeshi|Doi|Asian,0.0,0,50.0,0.0,35.0,23.7399113,90.3669976,"Sher a bangla road jame masjid (haji abul khayer nibas), Zigatola tollabag sher a Bangla road, 1205 Dhanmondi, Dhaka, Bangladesh",1205,https://foodpanda.com.bd/restaurant/yj46/cats-special
t1bc,6867,Cheez - Dhanmondi,Cheez,Dhaka,Dhanmondi 2,0.02,Italian|Mediterranean|Pizza|Western,4.8,9819,50.0,0.0,35.0,23.7446931,90.372102,"2nd Floor, Rangs KB Square, 736, Shat Mashjid Road, Dhanmondi, Dhaka",1209,https://foodpanda.com.bd/restaurant/t1bc/cheez-dhanmondi
lbjp,77104,Wrapp'd BD,,Dhaka,Dhanmondi 2,0.63,Snacks|Beverage,4.8,124,50.0,0.0,0.0,23.7394412,90.3691883,120 b moneshore road,1209,https://foodpanda.com.bd/restaurant/lbjp/wrappd-bd
h1qh,22634,Tasty Food Bd,Tasty Food Bd,Dhaka,Dhanmondi 2,0.31,Snacks|Rice Dishes|Fast Food,3.4,66,50.0,0.0,35.0,23.74170125,90.3721975,House - 1-D/6. Road - 7A. 3rd floor. opposite ok kfc West DHanmondi. Dhaka,1209,https://foodpanda.com.bd/restaurant/h1qh/tasty-food-bd
onq7,76711,The Juice & Bite Hub,,Dhaka,Dhanmondi 2,0.52,Juice Corner|Snacks|Beverage|Cafe,3.2,27,50.0,0.0,0.0,23.7399519,90.3710134,"Salek Garden Kacha Bazar, Hazaribag, Dhaka",1100,https://foodpanda.com.bd/restaurant/onq7/the-juice-and-bite-hub
ra54,41128,Puro Pastry & Bakery -Satmasjid Road,Puro Pastry & Bakery - Dhaka,Dhaka,Dhanmondi 2,0.32,Cakes|Dessert|Fast Food,4.9,2460,50.0,0.0,38.0,23.7423113,90.374054,"Shop no 9-10, Ground Floor, Anam Rangs Plaza, House # 61, Satmasjid Road,Dhanmondi , Dhaka",1205,https://foodpanda.com.bd/restaurant/ra54/puro-pastry-and-bakery-satmasjid-road
yht1,104446,Happy Potato Bangladesh - Dhanmondi,,Dhaka,Dhanmondi 2,0.37,Chicken|Snacks|Meat,4.8,76,50.0,0.0,35.0,23.74172662,90.37398077,"74 Sat Masjid Road, Bikolpa Tower Dhanmondi, Dhaka 1209",1209,https://foodpanda.com.bd/restaurant/yht1/happy-potato-bangladesh-dhanmondi-yht1
nxwu,78092,Rosonaboson,,Dhaka,Dhanmondi 2,0.49,Snacks|Rice Dishes,0.0,0,50.0,0.0,0.0,23.7403777,90.373574,"Serenity,House 12,Road 4A ,Dhanmondi Dhaka 1209",1209,https://foodpanda.com.bd/restaurant/nxwu/rosonaboson
xwai,113903,Monsi Home Kitchen,,Dhaka,Dhanmondi 2,0.53,Bangladeshi|Asian,0.0,0,50.0,0.0,35.0,23.73987392,90.37314373,"Royal Hostel er pashe, Munshi Bari Road, Royal Hostel theke 20 pa shamne, Dhanmondi-1209, Dhaka, Bangladesh",1209,https://foodpanda.com.bd/restaurant/xwai/monsi-home-kitchen
vpop,124387,Grill and go,,Dhaka,Dhanmondi 2,0.64,Turkish|Kebab|Snacks|Middle Eastern|Fast Food,1.2,12,50.0,0.0,35.0,23.7388706,90.3733762,"Dhaka Area: Dhanmondi 1209 Zigatola, House-23/3, Sonali Bank Goly, Zigatola, 1209 Dhanmondi, Dhaka, Bangladesh",1209,https://foodpanda.com.bd/restaurant/vpop/grill-and-go
faak,95220,Late Night Burger,,Dhaka,Dhanmondi 2,0.64,Snacks|Burgers|Western,2.7,94,50.0,0.0,0.0,23.73886865,90.3734582,"Dhaka Area: Dhanmondi 1209 Zigatola, House-23/3, Sonali Bank Goly, Zigatola, 1209 Dhanmondi, Dhaka, Bangladesh",1209,https://foodpanda.com.bd/restaurant/faak/late-night-burger-faak
x0n2,77924,Bhoj Shobha,,Dhaka,Dhanmondi 27,0.33,Turkish|Kebab|Curry|Rice Dishes|Middle Eastern|Beverage|Bangladeshi|Asian,4.2,186,50.0,0.0,35.0,23.75072904,90.37889016,"House - 64/2, Dolphin Goli, Lake Circus, Kalabagan, Dhanmondi",1205,https://foodpanda.com.bd/restaurant/x0n2/bhoj-shobha
lsaz,77111,Shera Fries,Shera Fries,Dhaka,Science Lab,0.68,Snacks,4.7,213,50.0,0.0,0.0,23.7387218,90.3755923,Road 2 Satmasjid Road,1209,https://foodpanda.com.bd/restaurant/lsaz/shera-fries
lpag,56380,Yum Yum The Cafe,Yum Yum The Cafe,Dhaka,Kalabagan,0.12,Rice Dishes|Italian|Pasta|Mediterranean|Sandwiches|Burgers|Western|Fast Food,3.4,92,50.0,0.0,35.0,23.74836665,90.38013875,"1 Lake Circuse, Kalabagan, Dhaka",1209,https://foodpanda.com.bd/restaurant/lpag/yum-yum-the-cafe
qtq4,78755,Oozel,,Dhaka,Kalabagan,0.23,Dessert,0.0,0,50.0,0.0,35.0,23.7494526,90.3801284,"141/4
Dhali Bari
Kolabagan 
Dhanmondi",1209,https://foodpanda.com.bd/restaurant/qtq4/oozel
dif1,82852,Jhura Mangsho & More,,Dhaka,Dhanmondi 2,1.26,Rice Dishes|Bangladeshi|Asian,4.3,20,50.0,0.0,0.0,23.73336625,90.3697734,"Nagar chowdhury villa, Sher-E-Bangla Rd 10, 1209 Hazaribag, Dhaka, Bangladesh",1209,https://foodpanda.com.bd/restaurant/dif1/jhura-mangsho-and-more
kxvy,78198,Romoni's Kitchen,,Dhaka,Town Hall,0.34,Snacks|Rice Dishes|Beverage|Burgers|Western,0.0,0,50.0,0.0,38.0,23.7652233,90.3633083,"Tajmahal Rd 6 Near Kisoloy School And Collage, 1207 Mohammadpur, Dhaka, Bangladesh",1207,https://foodpanda.com.bd/restaurant/kxvy/romonis-kitchen-kxvy
t5rz,9945,Tehari Ghar- Kalabagan,Tehari Ghar,Dhaka,Kalabagan,0.09,Rice Dishes|Indian|Biryani|Asian,4.9,17573,50.0,0.0,35.0,23.7474492,90.3803968,"House# 01 Road #10 Alta plaza Shop No #08 Kalabagan Bus Stop, Dhanmondi R/A",1205,https://foodpanda.com.bd/restaurant/t5rz/tehari-ghar-kalabagan
b5ez,81221,Food Land Fast Food Corner,,Dhaka,Kalabagan,0.17,Snacks|Rice Dishes,2.7,14,50.0,0.0,35.0,23.7473526,90.3812052,"FOODLAND Restaurant & Party center, kalabagan kalabagan fast len",1209,https://foodpanda.com.bd/restaurant/b5ez/food-land-fast-food-corner
ehss,76022,Sizzling Yard By Tdic,,Dhaka,Science Lab,0.48,Asian|Thai,2.9,8,50.0,0.0,35.0,23.7376451,90.3772961,"Shop - 9030, 9th Floor, Shimanto Shomvar Food Court, Dhanmondi, Dhaka - 1209",1209,https://foodpanda.com.bd/restaurant/ehss/sizzling-yard-by-tdic
du5z,76485,Quick Bite,,Dhaka,Science Lab,0.49,Snacks|Rice Dishes|Soups|Burgers|Western,3.5,84,50.0,0.0,0.0,23.73751998,90.37721732,"Shimento Shombar, Food Court, (9th Floor)",1209,https://foodpanda.com.bd/restaurant/du5z/quick-bite-du5z
ps7w,56192,Tabaq Coffee - Dhanmondi,Tabaq,Dhaka,Science Lab,0.44,Beverage|Cafe|Sandwiches|Dessert|Western,4.9,5559,50.0,0.0,0.0,23.7383559,90.3779601,"A2, Level 2, House 37, Road 2, Dhanmondi",1209,https://foodpanda.com.bd/restaurant/ps7w/tabaq-coffee-dhanmondi
nu78,77890,Moja,,Dhaka,Kalabagan,0.29,Curry|Rice Dishes|Bangladeshi|Asian,0.0,0,50.0,0.0,35.0,23.7492716,90.3815822,"Lake Circus Rd 35 35/5 Lake Circus Road, kalabagan,Dhaka, 1205 Panthapath, Dhaka, Bangladesh",1205,https://foodpanda.com.bd/restaurant/nu78/moja-nu78
sn1q,69009,Spicy Table,MeatZo,Dhaka,Science Lab,0.46,Snacks|Rice Dishes|Italian|Pasta|Beverage|Mediterranean|Soups|Western|Fast Food,3.7,6,50.0,0.0,0.0,23.7375159,90.3775387,"Shop - 9014, 9th Floor, Shimanto Shambhar Shopping Complex, Road - 2, Dhanmondi",1205,https://foodpanda.com.bd/restaurant/sn1q/spicy-table
eax5,76898,Broken Hill Restaurant,,Dhaka,Kalabagan,0.22,Snacks|Rice Dishes|Soups,4.7,97,50.0,0.0,35.0,23.74738953,90.38163272,"House - 59, 1st Lane, Kalabagan, Dhanmondi",1209,https://foodpanda.com.bd/restaurant/eax5/broken-hill-restaurant
gz0l,77748,Hash Coffees & Intercontinental,,Dhaka,Science Lab,0.4,Turkish|Kebab|Snacks|Rice Dishes|Middle Eastern|Beverage,1.1,5,50.0,0.0,0.0,23.73898568,90.37876593,"Rangs Fortune Square, Level 10 (A), Plot 32, Road 02, Dhanmondi, Dhaka - 1209",1209,https://foodpanda.com.bd/restaurant/gz0l/hash-coffees-and-intercontinental
mjmo,53259,Yumific,,Dhaka,Green Road,0.35,Italian|Biryani|Bengali|Western|Bangladeshi|Curry|Mediterranean|Indian|Pizza|Burgers|Asian|Fast Food,3.8,37,50.0,0.0,35.0,23.7500085,90.38174355,"97 Lake Circus Kola Bagan, dhaka-1205",1205,https://foodpanda.com.bd/restaurant/mjmo/yumific
s1id,4623,Street Oven- Dhanmondi,Street Oven,Dhaka,Kalabagan,0.27,Italian|Mediterranean|Pizza|Western|Fast Food,4.3,5013,50.0,0.0,35.0,23.7482054,90.3820154,"70 Kalabagan 2nd Ln, Dhaka 1205",1209,https://foodpanda.com.bd/restaurant/s1id/street-oven-dhanmondi
vpmx,75845,Midnight Pizza,,Dhaka,Dhanmondi 2,1.63,Italian|Mediterranean|Pizza|Western|Fast Food,3.0,7,50.0,0.0,0.0,23.7306683,90.3668183,6/1 kalunagar hazaribagh,1209,https://foodpanda.com.bd/restaurant/vpmx/midnight-pizza-vpmx
jc08,80449,4M Kitchen,,Dhaka,Green Road,0.34,Curry,0.0,0,50.0,0.0,35.0,23.7495214,90.3821199,"Bikrompur villa 19 Lake Circus Rd, Lake Circus Rd 19, 1205 Dhanmondi, Dhaka, Bangladesh",1205,https://foodpanda.com.bd/restaurant/jc08/4m-kitchen
x7h7,94286,SnackLoop0.2,,Dhaka,Dhanmondi 27,0.66,Fast Food,0.0,0,50.0,0.0,35.0,23.7561357,90.380647,"20 Indira Rd, Farmget, 1215 Tejgaon, Dhaka, Bangladesh",1215,https://foodpanda.com.bd/restaurant/x7h7/snackloop0-2
nz6i,76463,Zaiqa Darbar,,Dhaka,Science Lab,0.35,Curry|Rice Dishes,4.5,106,50.0,0.0,0.0,23.7375891,90.3785929,"House 45, road 1, 1205 Dhanmondi, Dhaka, Bangladesh",1205,https://foodpanda.com.bd/restaurant/nz6i/zaiqa-darbar
fmux,123090,Uncle Bobo's - Dhanmondi,Uncle Bobo's,Dhaka,Science Lab,0.33,Beverage|Cafe|Fast Food,4.8,433,50.0,0.0,35.0,23.7379496,90.3789139,"House 33, Road 2, Dhanmondi, Dhaka",1209,https://foodpanda.com.bd/restaurant/fmux/uncle-bobos-dhanmondi
rqig,75961,Chameli's Kitchen,,Dhaka,Green Road,0.22,Curry|Bangladeshi|Asian,3.0,9,50.0,0.0,35.0,23.750916,90.3828684,"11 Lake circus Girls School Road Kala Bagan Dhanmondi. Dhaka 1205. Flat No. A8, Bangladesh",1209,https://foodpanda.com.bd/restaurant/rqig/chamelis-kitchen
hvus,113894,Cravings Delight,,Dhaka,Green Road,0.21,Fast Food,0.0,0,50.0,0.0,35.0,23.7510683,90.3829719,"Basic Samsunessa Blessing, 11, Girl's school roa Lake Circus Kalabagan, North Dhanmondi (7A flat) Lake Circus Kalabagan, North Dhanmondi, 1205 Dhanmondi, Dhaka, Bangladesh",1205,https://foodpanda.com.bd/restaurant/hvus/cravings-delight
rvuj,81413,Grameen Taste,,Dhaka,Green Road,0.29,Curry|Rice Dishes,0.0,0,50.0,0.0,35.0,23.74888159,90.38339126,"west Building,  Bashir Uddin  Masjid, Bashir Uddin Rd , House No 100, Lv-5, 1205 Dhanmondi, Dhaka, Bangladesh",1205,https://foodpanda.com.bd/restaurant/rvuj/grameen-taste
hizq,77946,Bangalian Shad,,Dhaka,Kalabagan,0.4,Curry|Rice Dishes|Bangladeshi|Asian,4.4,73,50.0,0.0,35.0,23.747387,90.3834731,Kolabagan 1 lane house no 30/1,1205,https://foodpanda.com.bd/restaurant/hizq/bangalian-shad
rq8h,97172,SoulBowl Kitchen,,Dhaka,Green Road,0.53,Fast Food,4.3,62,50.0,0.0,35.0,23.75523055,90.38249995,"Najma Villa, 48g/3 West Rajabazar, 1205 Panthapath, Dhaka, Bangladesh",1205,https://foodpanda.com.bd/restaurant/rq8h/soulbowl-kitchen
rfjk,69274,Wellness Cafe - Dhanmondi,Wellness Cafe - Dhanmondi,Dhaka,Elephant Road,0.41,Snacks|Beverage|Cafe,4.6,304,50.0,0.0,0.0,23.7421837,90.3827767,"Dhanmondi,  LABAID Specialized Hospital, Road 4, Dhanmondi, Dhaka",1205,https://foodpanda.com.bd/restaurant/rfjk/wellness-cafe-dhanmondi
i2lo,82196,Have A Relax,,Dhaka,Green Road,0.59,Dessert|Fast Food,0.0,0,50.0,0.0,35.0,23.7558165,90.3825919,W Raza Bazar Rd 66 66/2 west raja bazar,4,https://foodpanda.com.bd/restaurant/i2lo/have-a-relax
sitg,128761,Shantir Shad,,Dhaka,Green Road,0.14,Chicken|Curry|Fish|Seafood|Meat|Bangladeshi|Asian,0.0,0,50.0,0.0,35.0,23.74992,90.384337,"Navana Carnival, Bashir Uddin Rd, 69",1205,https://foodpanda.com.bd/restaurant/sitg/shantir-shad
yhxw,76696,Pizzafy - Dhanmondi,Pizzafy - Bailyroad,Dhaka,Elephant Road,0.23,Italian|Pasta|Mediterranean|Pizza|Burgers|Western,0.0,0,50.0,0.0,0.0,23.7405713,90.3826713,"Happy Arcade Shopping Mall, House 3, Road 3, Dhanmondi",1209,https://foodpanda.com.bd/restaurant/yhxw/pizzafy-dhanmondi
mu70,74301,Bhorta Khor,,Dhaka,Green Road,0.13,Curry|Bangladeshi|Doi|Asian,4.5,428,50.0,0.0,35.0,23.7499322,90.3843717,"Navana Carnival, Bashir Uddin Rd 69 Flat-A6, House - 69, Navana Carnival, Bashir Uddin Road, Dhaka, 1205 Dhanmondi, Dhaka, Bangladesh",1205,https://foodpanda.com.bd/restaurant/mu70/bhorta-khor
p69u,118616,Jhal Khor,,Dhaka,Green Road,0.13,Snacks|Curry|Rice Dishes|Fish|Seafood|Bangladeshi|Asian,4.0,30,50.0,0.0,35.0,23.7499341,90.3843792,"Navana Carnival, House-69, Flat-A6, Bashiruddin Road, North Dhanmondi Opposite of Lal Fokir Mazar, 1205 Dhanmondi, Dhaka, Bangladesh",1205,https://foodpanda.com.bd/restaurant/p69u/jhal-khor
bxoa,76682,Chacha Biryani House,,Dhaka,Science Lab,1.37,Bangladeshi|Asian,4.9,85,50.0,0.0,0.0,23.72907985,90.3716452,"chacha Biryani House, 48/3 Moneshwar Road, Hazaribagh, Dhaka 1209. Beside Khalil Sardar Jame Mosque",১২০৯,https://foodpanda.com.bd/restaurant/bxoa/chacha-biryani-house
xg4y,69696,Sumaiya Chotpoti Fuchka,,Dhaka,Science Lab,1.31,Chotpoti & Fuchka|Bangladeshi|Doi|Asian,4.7,776,50.0,0.0,0.0,23.729308,90.37225965,"House - 27/B, Ground Floor, Moneshwar Road, Khalil Sardar Jame Masjid 1st Lane, Near Khalil Sardar Jame Masjid, Hazaribagh, Dhaka - 1205",1205,https://foodpanda.com.bd/restaurant/xg4y/sumaiya-chotpoti-fuchka-xg4y
g4av,94849,Wonder Profiteroles,,Dhaka,Green Road,0.45,Dessert,4.9,171,50.0,0.0,35.0,23.7550053,90.3843603,"43-A/1, Indira Road, West Razabazar, Tejgaon, Dhaka",1215,https://foodpanda.com.bd/restaurant/g4av/wonder-profiteroles
tcwq,117139,Pastry Paradise,,Dhaka,Green Road,0.45,Cakes|Dessert,0.0,0,50.0,0.0,35.0,23.7550053,90.3843603,"Indira Road, West Raja Bazar, House: 43 (A/1), farmgate, Dhaka 1215",1215,https://foodpanda.com.bd/restaurant/tcwq/pastry-paradise
j5aq,94848,Mr. Eclairs,,Dhaka,Green Road,0.45,Dessert,4.8,98,50.0,0.0,35.0,23.7550157,90.3844633,"43-A/1, Indira Road, West Razabazar, Tejgaon, Dhaka",1215,https://foodpanda.com.bd/restaurant/j5aq/mr-eclairs
s8lk,6405,Hazi Biriyani House - Green Road,Haji Biryani House - Uttara,Dhaka,Green Road,0.32,Indian|Biryani|Bangladeshi|Asian,2.2,7950,50.0,0.0,35.0,23.7483208,90.38610385,"Hazi Biryani House, 54 Green Road, Kathal Bagan Mor, Dhaka",1205,https://foodpanda.com.bd/restaurant/s8lk/hazi-biriyani-house-green-road
r26z,70740,Haji Biriyani - Green Road,Haji Biriyani,Dhaka,Green Road,0.33,Rice Dishes|Indian|Biryani|Asian,2.4,1353,50.0,0.0,35.0,23.7482561,90.3862683,"54, Green Road, Green tower, Khatal Bagan mor, Kolabagan, Dhaka, Bangladesh",1205,https://foodpanda.com.bd/restaurant/r26z/haji-biriyani-green-road
ex8y,81141,Ruma's Kitchen,,Dhaka,Azimpur,1.35,Snacks|Curry|Rice Dishes,3.5,29,50.0,0.0,0.0,23.7280643,90.3718125,"Moneshwer Road Hazaribagh dhaka, 1209 Hazaribag, Dhaka, Bangladesh near by Khalil Sarder Jame Masjid",1209,https://foodpanda.com.bd/restaurant/ex8y/rumas-kitchen-ex8y
s7hi,1669,Roosters Peri Peri-Panthapath,Roosters Peri Peri,Dhaka,Panthapath,0.1,Snacks,4.9,1704,50.0,0.0,35.0,23.7515717,90.38648535,"57/12, East Razabajar, West Panthopath",1205,https://foodpanda.com.bd/restaurant/s7hi/roosters-peri-peri-panthapath
ujg9,69064,Wrap Up - Panthapath,Wrap Up - Mohammadpur,Dhaka,Panthapath,0.1,Wraps|Fast Food,4.6,54,50.0,0.0,35.0,23.7515833,90.3865152,"57/12, East Razabazar, West Panthopath, Dhaka",1215,https://foodpanda.com.bd/restaurant/ujg9/wrap-up-panthapath
yred,76718,CP five Star - Green Garden Food Court,CP Five Star,Dhaka,Panthapath,0.19,Chicken|Meat|Fast Food,4.7,113,50.0,0.0,35.0,23.7499422,90.3867683,"67/1,67/1B,Jam Jam Tower Green Road  Dhaka.",1205,https://foodpanda.com.bd/restaurant/yred/cp-five-star-green-garden-food-court
m45h,76511,Green Garden Fast Food,,Dhaka,Panthapath,0.18,Italian|Pasta|Beverage|Mediterranean|Pizza|Western|Fast Food,2.1,5,50.0,0.0,35.0,23.74999577,90.38687916,"67/1,67, 1/B, ZAM ZAM Tower, Green Rd, Dhaka 1205",1205,https://foodpanda.com.bd/restaurant/m45h/green-garden-fast-food
n8af,81456,Food Mart,,Dhaka,Elephant Road,0.13,Snacks,0.0,0,50.0,0.0,0.0,23.7380436,90.3841832,"Bashundhara Goli, Bashundhara Goli, 1205 Dhanmondi, Dhaka, Bangladesh",1205,https://foodpanda.com.bd/restaurant/n8af/food-mart-n8af
rdjd,92991,Night Cravers,,Dhaka,Green Road,0.63,Chinese|Asian,3.1,133,50.0,0.0,35.0,23.74557149,90.38675211,"31 Green Cor, 31, 1000 Dhanmondi, Dhaka, Bangladesh",1000,https://foodpanda.com.bd/restaurant/rdjd/night-cravers
vkpi,89926,TASTE HEAVEN,,Dhaka,Elephant Road,0.56,Fast Food,4.5,73,50.0,0.0,0.0,23.74260235,90.38622345,"Central Road, west end street house no. 13/D 2nd floor, 1205 Dhanmondi, Dhaka, Bangladesh",1205,https://foodpanda.com.bd/restaurant/vkpi/taste-heaven-vkpi
m371,71701,Midnight Express,,Dhaka,Green Road,0.64,Snacks|Burgers|Western,3.9,355,50.0,0.0,35.0,23.74551125,90.38688845,"31 green corner , green road",1211,https://foodpanda.com.bd/restaurant/m371/midnight-express
fmgj,79004,Foody,,Dhaka,Elephant Road,0.49,Snacks|Dessert,2.0,19,50.0,0.0,0.0,23.7418131,90.38623,Central road near ideal college 67/A talukdar bhobon,1209,https://foodpanda.com.bd/restaurant/fmgj/foody-fmgj
w5sv,77046,Jhal kutir,,Dhaka,Panthapath,0.45,Rice Dishes|Bangladeshi|Asian,3.2,44,50.0,0.0,35.0,23.747457,90.3873256,"33 Alamin road. Hoque villa.1205,panthapath",1215,https://foodpanda.com.bd/restaurant/w5sv/jhal-kutir
id3v,112727,Ashik Burger & Pizza,,Dhaka,Science Lab,0.18,Sandwiches|Burgers|Western|Fast Food,0.0,0,50.0,0.0,35.0,23.736407,90.383637,"Newmarket, ScienceLab, government teacher training college, Nayem er goli, 1205 Mirpur, Dhaka, Bangladesh",1205,https://foodpanda.com.bd/restaurant/id3v/ashik-burger-and-pizza
oqtm,77362,Hira’s Kitchen,,Dhaka,Elephant Road,0.5,Dessert|Fast Food,4.0,153,50.0,0.0,0.0,23.7418613,90.3862946,"Central Road, Central Rd Central Road, 1208 Dhanmondi, Dhaka, Bangladesh",1208,https://foodpanda.com.bd/restaurant/oqtm/hiras-kitchen-oqtm
nhp9,79018,Bread Basket - Bakery & Fast Food - Kathal Bagan,Bread Basket - Bakery & Fast Food,Dhaka,Panthapath,0.37,Fast Food|Bakery,0.0,0,50.0,0.0,35.0,23.7481461,90.3873973,"236 Free School Street, Kathal Bagan, Dhaka",1205,https://foodpanda.com.bd/restaurant/nhp9/bread-basket-bakery-and-fast-food-kathal-bagan
ptwo,108569,Protein Corner- Green Road,Protein Corner,Dhaka,Panthapath,0.26,Snacks|Rice Dishes|Burgers|Western|Fast Food,4.8,194,50.0,0.0,35.0,23.7491924,90.38743,"Plot - 195/1, Free School Street, Near Prottoy Office Dhaka branch,  Kathal Bagan, Dhaka - 1205",1205,https://foodpanda.com.bd/restaurant/ptwo/protein-corner-green-road
n3i9,82977,Boishakhi Ranna Ghor,,Dhaka,Green Road,0.76,Curry|Rice Dishes|Fish|Seafood|Bangladeshi|Asian,3.3,14,50.0,0.0,35.0,23.7444683,90.3870854,"41 north road Vuter goli,dhanomdi",1209,https://foodpanda.com.bd/restaurant/n3i9/boishakhi-ranna-ghor
osdj,76350,Kacchi Bari,,Dhaka,Nilkhet,0.31,Rice Dishes|Indian|Biryani|Asian,3.4,207,50.0,0.0,0.0,23.73383,90.3822842,"নিউ মার্কেট কাঁচা বাজার,  Dhaka, ১২০৫ ধানমন্ডি, ঢাকা, Bangladesh",১২০৫,https://foodpanda.com.bd/restaurant/osdj/kacchi-bari-osdj
vg0w,80667,Sumi's kitchen,,Dhaka,Panthapath,0.56,Curry|Rice Dishes|Bangladeshi|Asian,0.0,0,50.0,0.0,35.0,23.7464477,90.3879228,"Shema Villa, Crescent Rd 159/A, 1205 Dhanmondi, Dhaka, Bangladesh",1205,https://foodpanda.com.bd/restaurant/vg0w/sumis-kitchen-vg0w
w632,43368,Momo’s Kitchen House - Dhanmondi,Momo’s Kitchen House,Dhaka,Elephant Road,0.72,Snacks|Chinese|Asian|Dumpling,4.8,930,50.0,0.0,35.0,23.7434653,90.387563,62 north road satarupa ladies tailor dhanmonbi 1205,1205,https://foodpanda.com.bd/restaurant/w632/momos-kitchen-house-dhanmondi
j568,119810,Dream Bites,,Dhaka,Elephant Road,0.57,Bangladeshi|Asian,0.0,0,50.0,0.0,35.0,23.74192557,90.38716601,"Hanif Chisti Alo's Residence, House: 73/H/C, 73 Central Road, Dhanmondi, Dhaka 73/C Building er pashe soja golir vetore, 1205 Dhanmondi, Dhaka, Bangladesh",1205,https://foodpanda.com.bd/restaurant/j568/dream-bites-j568
syqz,78200,Minhazuls Kitchen,,Dhaka,Panthapath,0.48,Snacks|Bangladeshi|Asian,0.0,0,50.0,0.0,35.0,23.7472482,90.3884655,"Crescent Rd 52 49, Al- Amin road, 1205 Dhanmondi, Dhaka, Bangladesh",1205,https://foodpanda.com.bd/restaurant/syqz/minhazuls-kitchen
mm4y,59392,Creative Home Kitchen,Creative Home Kitchen,Dhaka,Panthapath,0.81,Snacks|Curry|Rice Dishes|Dessert|Bangladeshi|Asian,4.0,2803,50.0,0.0,35.0,23.7442913,90.3884995,"House: 29, 2nd floor, North Circular Road , Bhuter goli beside panir pump.",1205,https://foodpanda.com.bd/restaurant/mm4y/creative-home-kitchen
oeuj,91902,Creative Biriyani House,,Dhaka,Panthapath,0.81,Rice Dishes|Indian|Biryani|Asian,2.1,122,50.0,0.0,35.0,23.7442913,90.3884995,"House: 29, 2nd floor, North Circular Road , Bhuter goli beside panir pump.",1205,https://foodpanda.com.bd/restaurant/oeuj/creative-biriyani-house
styd,68862,Home Kitchen,Home Kitchen,Dhaka,Panthapath,0.82,Rice Dishes|Indian|Biryani|Bangladeshi|Asian,2.6,822,50.0,0.0,35.0,23.7442208,90.3885256,"house 7 , first floor, North Circular Road",1205,https://foodpanda.com.bd/restaurant/styd/home-kitchen-styd
n3b7,75025,Snacks Snooks,,Dhaka,Panthapath,0.81,Turkish|Italian|Western|Wraps|Kebab|Chicken|Snacks|Middle Eastern|Pasta|Shawarma|Mediterranean|Sandwiches|Meat|Chinese|Burgers|Asian,2.1,213,50.0,0.0,35.0,23.7443194,90.3885759,"House 6 North Circular Road, 3rd floor, vuter goli panir pump construction building pasher bari",1205,https://foodpanda.com.bd/restaurant/n3b7/snacks-snooks
t5v8,76984,Misti Mukh,,Dhaka,Panthapath,0.81,Dessert,3.1,130,50.0,0.0,35.0,23.7443194,90.3885759,"House: 29, 2nd floor, North Circular Road , Bhuter goli beside panir pump.",1209,https://foodpanda.com.bd/restaurant/t5v8/misti-mukh-t5v8
x3cv,124363,Best Home Kitchen,,Dhaka,Panthapath,0.81,Curry|Rice Dishes|Bangladeshi|Asian|Khichuri,2.5,8,50.0,0.0,35.0,23.7443162,90.3885793,"House 6 North Circular Road, 3rd floor, vuter goli panir pump construction building pasher bari",1205,https://foodpanda.com.bd/restaurant/x3cv/best-home-kitchen
fj9y,81121,ShaRuma's Kitchen,,Dhaka,Elephant Road,0.34,Snacks|Breakfast,0.0,0,50.0,0.0,0.0,23.73700157,90.38592692,"Elephant Road, 24/4, 1205 New Market, Dhaka, Bangladesh",1205,https://foodpanda.com.bd/restaurant/fj9y/sharumas-kitchen-fj9y
qd9z,76049,The Roadside Eatery,,Dhaka,Panthapath,0.39,Rice Dishes|Italian|Mediterranean|Pizza|Burgers|Western|Fast Food,4.3,124,50.0,0.0,35.0,23.7482539,90.3890638,"Kathalbagan,  224/2 free school street kathal bagan",1205,https://foodpanda.com.bd/restaurant/qd9z/the-roadside-eatery
xkt6,107954,WING,,Dhaka,Panthapath,0.38,Snacks|Beverage,0.0,0,50.0,0.0,35.0,23.748523,90.389243,"North Dhanmondi, 40/22, 1205 Dhanmondi, Dhaka, Bangladesh",1205,https://foodpanda.com.bd/restaurant/xkt6/wing
kugd,81474,Tasty Treat Kathalbagan Panthopoth,Tasty Treat,Dhaka,Panthapath,0.42,Cakes|Dessert|Doi|Fast Food,4.8,49,50.0,0.0,35.0,23.74823707,90.38948864,"Plot - 233/B/3/1, Opposite of Jony Tower, Kathalbagan Bazar Road, Dhaka - 1205",1205,https://foodpanda.com.bd/restaurant/kugd/tasty-treat-kathalbagan-panthopoth
cf4a,77735,PIZZA LAB,,Dhaka,Farmgate,0.35,Italian|Mediterranean|Pizza|Western,0.0,0,50.0,0.0,35.0,23.7590102,90.3869851,"Farmgate Metro Rail Station,  Farmgate metro station opposite of suktara Hotel, 1215 Tejgaon, Dhaka, Bangladesh",1215,https://foodpanda.com.bd/restaurant/cf4a/pizza-lab-cf4a
vkix,73729,Ruchi Ghor,,Dhaka,Farmgate,0.22,Curry|Rice Dishes,0.0,0,50.0,0.0,35.0,23.7565111,90.3881067,"119/A mostofa road,5th floor, Green road, Farmgate, Dhaka -1215",1215,https://foodpanda.com.bd/restaurant/vkix/ruchi-ghor-vkix
j02f,77628,Daily Deshi,,Dhaka,Farmgate,0.55,Snacks|Rice Dishes,4.5,375,50.0,0.0,35.0,23.7611152,90.386243,"Bijoy Sarani - Tejgaon Link Rd 1 70/1 (Western Garden), 4 No Sheba Booth, Monipuripara Dhaka, 1215 Tejgaon, Dhaka, Bangladesh",1215,https://foodpanda.com.bd/restaurant/j02f/daily-deshi
mhm0,77129,Huzaifa's Kitchen,,Dhaka,Elephant Road,0.44,Curry|Bangladeshi|Asian,4.9,31,50.0,0.0,0.0,23.7367717,90.3869278,"Elephant Rd 324,Near star kabab, New Market, Dhaka-1205 , Bangladesh",1205,https://foodpanda.com.bd/restaurant/mhm0/huzaifas-kitchen
yvj2,77145,Pimente,,Dhaka,Elephant Road,0.58,Curry|Rice Dishes|Bangladeshi|Asian,0.0,0,50.0,0.0,0.0,23.7388987,90.388636,"Vojjo Tel Kol, New Elephant Rd 236 Elephant road, Bata Signal, Vojjo tel koler goli, 257/1., 1205 Dhanmondi, Dhaka, Bangladesh",1205,https://foodpanda.com.bd/restaurant/yvj2/pimente
uxqn,109658,Mukti's kitchen,,Dhaka,Shahbag,0.73,Cakes|Dessert,0.0,0,50.0,0.0,35.0,23.7432799,90.3900824,"403/1,Free School Street,dhanmondi",1209,https://foodpanda.com.bd/restaurant/uxqn/muktis-kitchen-uxqn
dvi5,77844,MR SHAWARMA,,Dhaka,Kawran Bazar,0.3,Snacks|Rice Dishes|Middle Eastern|Beverage|Shawarma|Burgers|Western,2.1,8,50.0,0.0,35.0,23.7513147,90.3905502,"Bashundhara City Shopping Complex,  Shop - 92,  Block - D, Level - 8, Tejgaon, Dhaka, Bangladesh.",1215,https://foodpanda.com.bd/restaurant/dvi5/mr-shawarma-dvi5
kdzg,76153,Maria's Kitchen,,Dhaka,Shahbag,0.74,Curry|Rice Dishes|Bangladeshi|Doi|Asian,4.8,398,50.0,0.0,0.0,23.743522,90.3902238,"৪০৩/১ সার্কুলার রোড ধানমন্ডি ঢাকা ১২০৫ ফ্রি স্কুল 

ইস্টর্ন প্লাজার পিছনে ধানমন্ডি উচ্চ বিদ্যালয় এর পশ্চিম দিকে এগিয়ে",1205,https://foodpanda.com.bd/restaurant/kdzg/marias-kitchen-kdzg
ls2j,87611,Fresh Home kitchen,,Dhaka,Shahbag,0.73,Curry|Rice Dishes|Fish|Seafood|Bangladeshi|Asian,4.5,79,50.0,0.0,0.0,23.74346856,90.39021504,"free schools street,dhanmondi,panthapath",1209,https://foodpanda.com.bd/restaurant/ls2j/fresh-home-kitchen-ls2j
y555,77320,Best Kitchen,,Dhaka,Shahbag,0.73,Curry|Rice Dishes|Bangladeshi|Doi|Asian,4.9,760,50.0,0.0,0.0,23.7434138,90.3902083,403/1 circular road Dhanmondi Dhaka-1205,1205,https://foodpanda.com.bd/restaurant/y555/best-kitchen-y555
fzcv,130180,Homes Dine,,Dhaka,Shahbag,0.73,Snacks|Curry|Rice Dishes|Fish|Seafood|Dessert|Bangladeshi|Asian,0.0,0,50.0,0.0,35.0,23.7435793,90.3903369,"Biswas Homeo Hall,hatirpul,dhanmondi",1209,https://foodpanda.com.bd/restaurant/fzcv/homes-dine
jby7,78018,KSV,,Dhaka,Farmgate,0.24,Snacks|Sandwiches|Burgers|Western,0.0,0,50.0,0.0,35.0,23.7553802,90.3899056,"Angels' High School
Chan Kutir, 63/1, West, Tejturi Bazar Rd, 1215, BD",১২১৫,https://foodpanda.com.bd/restaurant/jby7/ksv
gsvn,127652,Ghorer Korai,,Dhaka,Tejgaon,0.56,Bangladeshi|Asian,4.2,5,50.0,0.0,35.0,23.7628123,90.3868267,"Monipuripara, Gate-1,106/8/1",1215,https://foodpanda.com.bd/restaurant/gsvn/ghorer-korai
wwvz,78045,Mama Hotel & Restaurant,,Dhaka,Nilkhet,0.26,Curry|Fish|Seafood,4.2,21,50.0,0.0,0.0,23.73401396,90.38695235,"Shop No.: 3 Gawsol Azam Market, Nilkhet, Dhaka - 1205",1100,https://foodpanda.com.bd/restaurant/wwvz/mama-hotel-and-restaurant-wwvz
cib2,76587,Da Mellow,,Dhaka,Kawran Bazar,0.64,Snacks|Italian|Pasta|Mediterranean|Pizza|Burgers|Western,0.0,0,50.0,0.0,35.0,23.74594543,90.3919519,"House - 310, Free School Street, Pukurpar Dhal, Sonargaon Road, Dhanmondi",1205,https://foodpanda.com.bd/restaurant/cib2/da-mellow
xewt,77393,Bhojonshala Restaurant & Biryani House,,Dhaka,Kawran Bazar,0.63,Curry|Rice Dishes|Bangladeshi|Asian,0.0,0,50.0,0.0,35.0,23.7460299,90.3919954,"৩১০ ফ্রী স্কুল স্ট্রীট পুকুরপাড় ঢাল, বাংলা মোটরস, sonargaon road, kalabagan. dhaka",1205,https://foodpanda.com.bd/restaurant/xewt/bhojonshala-restaurant-and-biryani-house
ii8p,78046,Sampan Food,,Dhaka,Shahbag,0.5,Snacks|Beverage|Burgers|Western,0.0,0,50.0,0.0,0.0,23.74192192,90.39179463,"45, Free Street, Jahanara Bhaban, Sonargaon, Hatirpool Mor, Dhaka",1205,https://foodpanda.com.bd/restaurant/ii8p/sampan-food
z6kl,67464,Shake It First,,Dhaka,Shahbag,0.5,Juice Corner|Snacks|Beverage,3.6,5,50.0,0.0,0.0,23.7421335,90.3920127,"Motalib plaza,  Shake it First , Ground Floor ,Motliab Plaza, Panthapath",105,https://foodpanda.com.bd/restaurant/z6kl/shake-it-first
gr2q,78159,Home Made khabar,,Dhaka,Tejgaon,0.33,Curry|Bangladeshi|Asian,0.0,0,50.0,0.0,35.0,23.7621942,90.3890098,"Framgte monipuripara primary school er pashe Tejgaon Dhaka 1215.word 27 number, 104 house.",1215,https://foodpanda.com.bd/restaurant/gr2q/home-made-khabar
xpyb,82232,Juicy Juice Bar,,Dhaka,Shahbag,0.26,Juice Corner|Beverage,0.0,0,50.0,0.0,0.0,23.73861,90.392979,"Beside of Bangladesh national Museum,    7 no, Ajij Super Market , Shabag, Dhaka-1000",1000,https://foodpanda.com.bd/restaurant/xpyb/juicy-juice-bar-xpyb
aid3,80418,Muslim Biriyani,,Dhaka,Shahbag,0.27,Rice Dishes,2.0,9,50.0,0.0,0.0,23.73839425,90.39291475,"Beside of Bangladesh Museum,    7 no, Ajij Super Market , Shabag",1000,https://foodpanda.com.bd/restaurant/aid3/muslim-biriyani-aid3
ldfm,128959,Home Made,,Dhaka,Dhanmondi 2,1.32,,0.0,0,50.0,0.0,35.0,23.73423663,90.36543456,"Gojmohal Road, 3",1209,https://foodpanda.com.bd/restaurant/ldfm
evaa,127755,Aklima's Kitchen,,Dhaka,Elephant Road,0.49,,0.0,0,50.0,0.0,35.0,23.7426614,90.3847263,"Green Road, Green Square 10B",1209,https://foodpanda.com.bd/restaurant/evaa/aklimas-kitchen-evaa
x8vs,126729,Deshi swad,,Dhaka,Panthapath,0.1,,0.0,0,50.0,0.0,35.0,23.7518466,90.3865847,Panthapath,1215,https://foodpanda.com.bd/restaurant/x8vs/deshi-swad
la8f,129652,CP Five Star - Panthapath,,Dhaka,Green Road,0.1,,0.0,0,50.0,0.0,35.0,23.7516705,90.3856011,"152/2/G, Panthapath, (Beside Health and Hope Hospital) Dhaka 1205, Bangladesh.",1207,https://foodpanda.com.bd/restaurant/la8f/cp-five-star-panthapath
ep6q,76037,Mithai- Mohammadpur Bosila 40 feet,Mithai - Dhaka,Dhaka,Bosila,0.44,Dessert|Doi,4.2,28,50.0,0.0,38.0,23.75307903,90.35222347,"lat 1/5 road showpno Dhara housing, 40 Feet Muhammadpur, Dhaka",1216,https://foodpanda.com.bd/restaurant/ep6q/mithai-mohammadpur-bosila-40-feet
rj87,74305,Bakers Plus - Shia Masjid,Bakers Plus,Dhaka,Japan Garden City,0.21,Snacks|Bakery,4.6,62,50.0,0.0,38.0,23.76228892,90.35884572,"Shop - Ga - 8, 17, Mohammadia Housing, Kacha Bazar, Mohammadpur",1207,https://foodpanda.com.bd/restaurant/rj87/bakers-plus-shia-masjid
n2qc,70251,Delifrance - Dhanmondi,Delifrance Gulshan Avenue,Dhaka,Science Lab,0.44,Cakes|Snacks|Beverage|Cafe|Dessert,4.7,1578,50.0,0.0,30.0,23.7383397,90.3779659,"Location: Plot# 37, Road# 02, Dhanmondi, Dhaka 1st Floor",1209,https://foodpanda.com.bd/restaurant/n2qc/delifrance-dhanmondi
e39r,76513,Tehari Ghor Orchid - Sukrabad,Tehari Ghor Orchid,Dhaka,Dhanmondi 27,0.23,Indian|Biryani|Bangladeshi|Asian,3.6,105,50.0,0.0,25.0,23.75261905,90.37817,"97/1 শুক্রাবাদ ঢাকা ১২০7,",1207,https://foodpanda.com.bd/restaurant/e39r/tehari-ghor-orchid-sukrabad
d1cq,72622,Domino's Dhanmondi-Late Night,Domino's Pizza,Dhaka,Lalmatia,0.32,Italian|Mediterranean|Pizza|Western,4.6,428,0.0,39.0,20.0,23.75471643,90.37085897,"House No.36, Road No.16, OLD) Dhanmondi R/A, Dhaka 1209, Bangladesh",1209,https://foodpanda.com.bd/restaurant/d1cq/dominos-dhanmondi-late-night
gn0j,72900,Mithai- Jigatola,Mithai - Dhaka,Dhaka,Dhanmondi 2,0.55,Cakes|Dessert|Doi|Fast Food,4.7,163,50.0,0.0,0.0,23.7395504,90.3721364,Jigatola puran kacha bazar,1209,https://foodpanda.com.bd/restaurant/gn0j/mithai-jigatola
cn8q,72980,Puro Pastry & Bakery - Hatirpool,Puro Pastry & Bakery - Dhaka,Dhaka,Shahbag,0.54,Cakes|Dessert|Fast Food,4.7,317,50.0,0.0,0.0,23.74169815,90.3910436,"Waz Uddin Tower,Shop no: 2,Kudrat-E-khuda Road, Hatirpool,Dhaka-1205",1215,https://foodpanda.com.bd/restaurant/cn8q/puro-pastry-and-bakery-hatirpool
lzk4,74839,CP Five Star - Rahin Food Corner - New Market,CP Five Star,Dhaka,Nilkhet,0.28,Chicken|Meat|Fast Food|Fried Chicken,3.4,28,50.0,0.0,0.0,23.7338711,90.3826516,"32/2, haji johir sweet home, shop no- 1,biswas builders city cpmplex, dhaka 1205,",1205,https://foodpanda.com.bd/restaurant/lzk4/cp-five-star-rahin-food-corner-new-market
e101,68795,Shumi's Hot Cake - Dhanmondi 27,Shumi's Hot Cake,Dhaka,Dhanmondi 27,0.44,Cakes|Dessert|Fast Food,4.9,335,50.0,0.0,38.0,23.7547439,90.3728853,"352/A, Road-27,(New Road 16), Dhanmondi, Dhaka, 1209",1209,https://foodpanda.com.bd/restaurant/e101/shumis-hot-cake-dhanmondi-27
f4tf,26915,Mithai-Panthapath,Mithai - Dhaka,Dhaka,Green Road,0.2,Cakes|Dessert|Doi|Fast Food,4.6,696,50.0,0.0,35.0,23.7526815,90.3844332,"House: No: 44/15
Road Name: Near Bir Uttam Kazi Nuruzzaman Rd, Dhaka 1215
Area : West Panthapath Near West  panthapath Masjid 
Region : Dhaka 2",1205,https://foodpanda.com.bd/restaurant/f4tf/mithai-panthapath
w1v1,68873,Shumi's Hot Cake - Kalabagan,Shumi's Hot Cake,Dhaka,Kalabagan,0.1,Cakes|Dessert|Fast Food,4.9,429,50.0,0.0,35.0,23.74731615,90.38049515,"Road-10, House-1, Shop No.-7, Altaf Plaza, Kolabagan, Dhanmondi, Dhaka",1209,https://foodpanda.com.bd/restaurant/w1v1/shumis-hot-cake-kalabagan
jf8v,68800,Shumi's Hot Cake - Asad Gate,Shumi's Hot Cake,Dhaka,Lalmatia,0.47,Cakes|Dessert|Fast Food,4.9,270,50.0,0.0,38.0,23.7601738,90.3682968,"3/11 Asad Avenue, Mohammadpur Dhaka.",1207,https://foodpanda.com.bd/restaurant/jf8v/shumis-hot-cake-asad-gate
p8xn,18990,Mithai - Kaderabad,Mithai - Dhaka,Dhaka,Rayer Bazar,0.72,Cakes|Dessert|Doi|Fast Food,4.4,702,50.0,0.0,38.0,23.754775,90.36046,"Plot No 10, Havani Bhaban, Road No 5, Kaderabad Housing Ltd, Katasur, Mohammadpur",1207,https://foodpanda.com.bd/restaurant/p8xn/mithai-kaderabad
wnfx,72746,Mithai- Farmgate-Tejturi Bazer,Mithai - Dhaka,Dhaka,Farmgate,0.11,Cakes|Dessert|Doi|Fast Food,4.7,37,50.0,0.0,35.0,23.75803855,90.3909134,"49/A, East Tejturi bazer, Farmgate, Tejgaon, Dhaka- 1215",1215,https://foodpanda.com.bd/restaurant/wnfx/mithai-farmgate-tejturi-bazer
xx80,68807,Shumi's Hot Cake - Tejgaon,Shumi's Hot Cake,Dhaka,Tejgaon,0.29,Cakes|Dessert|Fast Food,4.9,179,50.0,0.0,35.0,23.7620859,90.3894313,"Shop-78, Tejkunipara, Tejgoan, Dhaka. (Firmgate)",1215,https://foodpanda.com.bd/restaurant/xx80/shumis-hot-cake-tejgaon
q7un,26534,Tehari Ghar - Green Road,Tehari Ghar,Dhaka,Panthapath,0.24,Rice Dishes|Indian|Biryani|Bangladeshi|Asian,4.9,6982,50.0,0.0,35.0,23.75351355,90.3883491,6 sarder super market 73/1/ka green road Dhaka 1215,1215,https://foodpanda.com.bd/restaurant/q7un/tehari-ghar-green-road
jgrz,67012,Jannat Biriyani House,Jannat Biriyani House,Dhaka,Hatirjheel,0.46,Curry|Rice Dishes|Indian|Biryani|Asian,2.6,462,50.0,0.0,30.0,23.76052518,90.40456493,"20/1 Uttar begun bari, tejgaon 1208",1208,https://foodpanda.com.bd/restaurant/jgrz/jannat-biriyani-house
uja7,92202,Shuruve Kitchen,,Dhaka,Tejgaon,0.55,Bangladeshi|Asian,0.0,0,50.0,0.0,30.0,23.75884469,90.3968836,"12 no, 312 Bepari Goli, Goli 312 312,Nakhalpara,front of Mazar building, 1215 Tejgaon, Dhaka, Bangladesh",1215,https://foodpanda.com.bd/restaurant/uja7/shuruve-kitchen
ljyc,119030,Red Orchid,,Dhaka,Tejgaon,0.18,Bangladeshi|Asian,0.0,0,50.0,0.0,30.0,23.762122,90.3933022,"Mohsin Villa, Tejkunipara Nakhalpara Road,165/D,2A, 1215 Tejgaon, Dhaka, Bangladesh",1215,https://foodpanda.com.bd/restaurant/ljyc/red-orchid
fp4c,120607,Meal Bati,,Dhaka,Tejgaon,0.27,Bangladeshi|Asian,0.0,0,50.0,0.0,30.0,23.7633746,90.3913725,"167/1 Tejkuni Para, Dhaka 1215",1215,https://foodpanda.com.bd/restaurant/fp4c/meal-bati
kr4n,68802,Shumi's Hot Cake - Mohakhali,Shumi's Hot Cake,Dhaka,Mohakhali,0.29,Cakes|Dessert|Fast Food,4.9,791,50.0,0.0,0.0,23.78058635,90.4059503,"Rupayan Center, 72, Mohakhali C/A, Dhaka.",1213,https://foodpanda.com.bd/restaurant/kr4n/shumis-hot-cake-mohakhali-kr4n
dz8c,125316,The Kitchen,,Dhaka,Tejgaon Industrial Area,0.44,Bangladeshi|Asian,0.0,0,50.0,0.0,30.0,23.76676306,90.39647573,"পোড়াবাড়ি সংলগ্ন, 1215 তেজগাঁও, ঢাকা, Bangladesh",1215,https://foodpanda.com.bd/restaurant/dz8c
xvtd,77029,Seyam Biryani House - Nakhalpara,,Dhaka,Tejgaon Industrial Area,0.79,Rice Dishes|Indian|Biryani|Asian,3.1,103,50.0,0.0,30.0,23.76913674,90.39426664,"Jabbar Tower, West Nakhalpara Road, Lucas er More, West Nakhalpara, Dhaka - 1205",1205,https://foodpanda.com.bd/restaurant/xvtd/seyam-biryani-house-nakhalpara
pbde,78205,Pizza Captain,,Dhaka,Tejgaon Industrial Area,0.86,Snacks|Italian|Pasta|Beverage|Mediterranean|Pizza|Burgers|Western,4.7,94,50.0,0.0,30.0,23.7707218,90.3961043,"west nakhalpara 285 285, West Nakhalpara (Near Railgate), Tejgaon, Dhaka, 1215 Tejgaon, Dhaka, Bangladesh",1215,https://foodpanda.com.bd/restaurant/pbde/pizza-captain-pbde
ocrj,79367,Cloud Zone Restaurant,,Dhaka,Tejgaon Industrial Area,0.84,Rice Dishes|Burgers|Western|Fast Food,2.3,12,50.0,0.0,30.0,23.7707054,90.3964678,"273 W Nakhalpara, Tejgaon, Dhaka-1215",1215,https://foodpanda.com.bd/restaurant/ocrj/cloud-zone-restaurant
pq8c,76304,Smug Momo,,Dhaka,Nabisco,0.53,Chinese|Bangladeshi|Asian|Dumpling,4.5,58,50.0,0.0,30.0,23.7711288,90.3999723,"303 Karim Villa ,East Nakhalpara, Tejgaon, 1215 Tejgaon, Dhaka, Bangladesh 1215 Dhaka",1215,https://foodpanda.com.bd/restaurant/pq8c/smug-momo
a4wf,79835,Smart Tong,,Dhaka,Tejgaon Industrial Area,0.79,Snacks|Curry|Bangladeshi|Asian,0.0,0,50.0,0.0,30.0,23.769413,90.3947042,West Nakhalpara,1215,https://foodpanda.com.bd/restaurant/a4wf/smart-tong
nvf6,82164,Big Burger and Cafe,,Dhaka,Hatirjheel,0.27,Snacks|Fast Food,0.0,0,50.0,0.0,30.0,23.76183614,90.40827408,"Konipara bus stand, Modubag, Hatirjheel Bridge, Dhaka 1208",1215,https://foodpanda.com.bd/restaurant/nvf6/big-burger-and-cafe
iork,43304,Puro Pastry & Bakery - Mohakhali,Puro Pastry & Bakery - Dhaka,Dhaka,Mohakhali DOHS,0.45,Cakes|Dessert|Fast Food,4.9,757,50.0,0.0,0.0,23.7785457,90.3964287,"SKS Tower, Shop No. 35 (Ground Floor, VIP Rd,Mohakhali,Dhaka-1208",1208,https://foodpanda.com.bd/restaurant/iork/puro-pastry-and-bakery-mohakhali
t5in,7795,Allah'ar Dan Biryani House,Allah'r Dan Biryani House,Dhaka,Azimpur,0.33,Rice Dishes|Indian|Biryani|Asian,3.8,2754,50.0,0.0,40.0,23.72645385,90.3818492,"8 no Mosjid Market, New Market Kachabazar",1205,https://foodpanda.com.bd/restaurant/t5in/allahar-dan-biryani-house-t5in
krye,68803,Shumi's Hot Cake - Hatirpul,Shumi's Hot Cake,Dhaka,Shahbag,0.44,Cakes|Dessert|Fast Food,4.9,1008,50.0,0.0,0.0,23.7405611,90.3915149,"16, Bir Uttam C.R. Dutta Road, Hatirpul Bazar.Dhaka",1205,https://foodpanda.com.bd/restaurant/krye/shumis-hot-cake-hatirpul
wkpz,81217,Tasty Treat - New Elephant Road - Katabon,Tasty Treat,Dhaka,Shahbag,0.45,Cakes|Dessert|Fast Food|Bakery,4.5,35,50.0,0.0,0.0,23.7393254,90.3910705,"234/1, TT- New Elephant Road, Katabon",1205,https://foodpanda.com.bd/restaurant/wkpz/tasty-treat-new-elephant-road-katabon
uzlm,79283,Live Pizza Bahadur,,Dhaka,Ramna,0.37,Italian|Mediterranean|Pizza|Western,0.0,0,50.0,0.0,0.0,23.732755,90.395902,"Dhaka University Campus, Dhaka university TSC mor, New Market, Dhaka, Bangladesh",,https://foodpanda.com.bd/restaurant/uzlm/live-pizza-bahadur
l4ek,28914,Mithai - Bangla Motor,Mithai - Dhaka,Dhaka,Kawran Bazar,0.63,Cakes|Dessert|Doi|Fast Food,4.7,449,50.0,0.0,35.0,23.7458538,90.39385335,"27/5 link road,Bangla motor more, Adjacent to Navana Zohura Square,Dhaka-1000",1000,https://foodpanda.com.bd/restaurant/l4ek/mithai-bangla-motor
x574,79320,Ustadar Chicken Momo,,Dhaka,Bakshi Bazar,0.67,Chinese|Asian|Dumpling,0.0,0,50.0,0.0,0.0,23.7277233,90.3971478,"In front of Central Shaheed Minar (কেন্দ্রীয় শহীদ মিনারের সামনে ), Dhaka, Bangladesh",1000,https://foodpanda.com.bd/restaurant/x574/ustadar-chicken-momo
f3ri,77990,Meal 'N Deal,,Dhaka,Azimpur,0.18,Snacks|Rice Dishes|Italian|Pasta|Mediterranean|Chinese|Western|Asian|Dumpling,0.0,0,50.0,0.0,0.0,23.7285918,90.38543,"Azimpur,  139/2 Azimpur Mondir Goli,  2 nd floor, 1205 Lalbagh, Dhaka, Bangladesh",1205,https://foodpanda.com.bd/restaurant/f3ri/meal-n-deal
m0r7,77431,Ismail Biryani House,,Dhaka,Bakshi Bazar,0.48,Rice Dishes|Indian|Biryani|Asian,2.8,48,50.0,0.0,0.0,23.7244533,90.3971081,"44 Dhaka Medical rd, Side market, West side of masjid",1100,https://foodpanda.com.bd/restaurant/m0r7/ismail-biryani-house-m0r7
f817,77103,Kings Burger,,Dhaka,Bakshi Bazar,0.37,Italian|Mediterranean|Sandwiches|Noodles|Pizza|Burgers|Western|Fast Food,3.8,558,50.0,0.0,0.0,23.72403364,90.38896109,"Plot - 22/03/KA, Dhakeshwari Road, Near The Pabulum Polashi, Polashi, Dhaka - 1211",1211,https://foodpanda.com.bd/restaurant/f817/kings-burger-f817
rd27,77551,Whats On The Menu,,Dhaka,Bakshi Bazar,0.23,Snacks|Burgers|Western|Fast Food,0.0,0,50.0,0.0,0.0,23.7219776,90.3909094,"Shikkha board office gate no-2, 1205 Lalbagh, Dhaka, Bangladesh",1205,https://foodpanda.com.bd/restaurant/rd27/whats-on-the-menu
ucqu,77128,LA BELLA PIZZA,,Dhaka,Lalbagh,0.34,Italian|Mediterranean|Pizza|Western,0.0,0,50.0,0.0,0.0,23.721442,90.3889944,"Dhakeshwari Rd 4 Lalbag ibn sina hospital er pashe,Balu math er opposite, 1211 Lalbagh, Dhaka, Bangladesh",1211,https://foodpanda.com.bd/restaurant/ucqu/la-bella-pizza
odkz,76807,Burger Bros,,Dhaka,Bakshi Bazar,0.44,Burgers|Western,0.0,0,50.0,0.0,0.0,23.7200041,90.39449,"38 Umesh Datta road bakshibazer( Mojnur golir mor ) 1211 Lalbag, dhaka, Bangladesh",1211,https://foodpanda.com.bd/restaurant/odkz/burger-bros-odkz
gcy3,124826,KHC,,Dhaka,Lalbagh,0.45,Bangladeshi|Asian,4.7,15,50.0,0.0,35.0,23.721465,90.384963,"Zinnat Villa (4-B), West and High School,lalbagh, 1211 Lalbagh, Dhaka, Bangladesh",1211,https://foodpanda.com.bd/restaurant/gcy3
ra0q,76048,Dhaka Darber,,Dhaka,Azimpur,0.54,Snacks,3.0,31,50.0,0.0,0.0,23.7229394,90.38204035,"Azimpur Rd 24 Azimpur model.school er pase arfan vai der basha ground floor, 1205 Lalbagh, Dhaka, Bangladesh",1205,https://foodpanda.com.bd/restaurant/ra0q/dhaka-darber-ra0q
mwc0,70312,Sorai Khana,,Dhaka,Lalbagh,0.15,Curry|Rice Dishes|Beverage|Chinese|Asian|Fast Food,3.8,88,50.0,0.0,35.0,23.7198697,90.3881933,"32, 34 ka Lalbagh Rd, Ground Floor, Dhaka 1210 Lalbagh, Bangladesh",1211,https://foodpanda.com.bd/restaurant/mwc0/sorai-khana-mwc0
a3gh,81621,Bubbletime - Nazira Bazar,Bubbletime,Dhaka,Bangshal,0.26,Beverage,4.4,88,50.0,0.0,0.0,23.7208354,90.4059004,"31/1 Kazi Alauddin Road , Nazira bazar, Bangsal, Dhaka",1100,https://foodpanda.com.bd/restaurant/a3gh/bubbletime-nazira-bazar
l73e,117385,Homemade Heaven,,Dhaka,Bangshal,0.23,Fast Food,4.4,18,50.0,0.0,35.0,23.7199053,90.4055113,"3/2 Sikkatuly lane Nazira Bazar,Dhaka, 1100 Wari, Dhaka, Bangladesh",1100,https://foodpanda.com.bd/restaurant/l73e/homemade-heaven
g39b,120727,Brother's Kitchen,,Dhaka,Lalbagh,0.45,Bangladeshi|Asian,0.0,0,50.0,0.0,35.0,23.7204618,90.3840946,"Opposite Khan Muhammad Mridha Masjid, 301/1 Lalbagh Road, 1211 Lalbagh, Dhaka, Bangladesh",1211,https://foodpanda.com.bd/restaurant/g39b/brothers-kitchen-g39b
dppg,78196,Al Maidah Food Chain,,Dhaka,Bangshal,0.18,Italian|Pasta|Mediterranean|Indian|Biryani|Western|Asian,0.0,0,50.0,0.0,0.0,23.7205987,90.4073655,"Alu Bazar Choto Masjid, Haji Osman Gani Rd Hazi osman gani road, alu bazar choto moszid, Bangshal thana,dhaka1000, Bangladesh, 1000 Bailey Road, Dhaka, Bangladesh",1000,https://foodpanda.com.bd/restaurant/dppg/al-maidah-food-chain-dppg
qwad,98304,Mom's Kitchen,,Dhaka,Lalbagh,0.23,Bangladeshi|Asian,0.0,0,50.0,0.0,0.0,23.71809199,90.3902432,"26 no Hazi Rohim Box Lan Near shahi masjid,, 1211 Lalbagh, Dhaka, Bangladesh",1211,https://foodpanda.com.bd/restaurant/qwad/moms-kitchen-qwad
gyyf,77602,Nahid Food Place,,Dhaka,Azimpur,0.86,Snacks|Curry|Rice Dishes|Bangladeshi|Asian,0.0,0,50.0,0.0,0.0,23.7258176,90.3766642,"M. C. Roy Ln 10 Near BGB 1st gate and BGB cinemahall., 1211 Hazaribag, Dhaka, Bangladesh",1211,https://foodpanda.com.bd/restaurant/gyyf/nahid-food-place
hx9b,78268,Daal Bhat,,Dhaka,Lalbagh,0.67,Curry|Bangladeshi|Asian,4.8,325,50.0,0.0,0.0,23.7196527,90.3815119,"Beside Halima Sadia (Ra:) Mohila Madrasha, Jagannath Shaha Rd, 1211 Lalbagh, Dhaka, Bangladesh",1211,https://foodpanda.com.bd/restaurant/hx9b/daal-bhat
h5gi,114443,RS Home Food,,Dhaka,Azimpur,1.22,Curry|Rice Dishes,0.0,0,50.0,0.0,35.0,23.7263739,90.3730302,"House 79, Bhagalpur Lane, Hazaribagh Park, Hazaribagh, Dhaka 1205, Bangladesh",1205,https://foodpanda.com.bd/restaurant/h5gi
b6jt,78792,Wellbeing Kitchen,,Dhaka,Azimpur,1.28,Snacks|Rice Dishes|Bangladeshi|Asian,0.0,0,50.0,0.0,0.0,23.7272482,90.3724126,"New China Dental, Nilambar Saha Rd 1, 1205 Hazaribag, Dhaka, Bangladesh",1205,https://foodpanda.com.bd/restaurant/b6jt/wellbeing-kitchen
yrc1,78230,Bengali Aana Kitchen,,Dhaka,Bangshal,0.8,Rice Dishes|Bangladeshi|Asian,3.4,55,50.0,0.0,35.0,23.7206832,90.4151117,"40/3 Tara Goli - BCC road, Wari, Dhaka, Bangladesh",1203,https://foodpanda.com.bd/restaurant/yrc1/bengali-aana-kitchen
bi35,78948,Rizik Food Corner,,Dhaka,Wari,0.52,Snacks,0.0,0,50.0,0.0,0.0,23.71663077,90.41690379,"Near Sailor Showroom, Nawab Street, Wari, Dhaka - 1203",1203,https://foodpanda.com.bd/restaurant/bi35/rizik-food-corner-bi35
gez8,94400,Grill N Pan,,Dhaka,Wari,0.43,Snacks,0.0,0,50.0,0.0,0.0,23.7173111,90.4178204,"Male rose  10 Wyre Street Wari, Wire Street 10, 1203 Wari, Dhaka, Bangladesh",1203,https://foodpanda.com.bd/restaurant/gez8/grill-n-pan
cnrn,78943,Waffle Woo,,Dhaka,Wari,0.49,Beverage|Dessert,0.0,0,50.0,0.0,0.0,23.7167458,90.41721215,"Nawab Street, Near Sailor Showroom, Wari, Dhaka - 1203",1203,https://foodpanda.com.bd/restaurant/cnrn/waffle-woo
sh8l,79967,Sorifa's Kitchen,,Dhaka,Azimpur,1.84,Snacks|Bangladeshi|Asian,0.0,0,50.0,0.0,0.0,23.7229405,90.3674981,"Rabeya Villa 257/12Hasan Nagar,panna Battery 2 no get,Kamrangirchar",1211,https://foodpanda.com.bd/restaurant/sh8l/sorifas-kitchen-sh8l
o9sf,93065,Sweet Haven,,Dhaka,Azimpur,2.14,Dessert,0.0,0,50.0,0.0,0.0,23.7237317,90.364239,"Kamrangirchar, House no 66, 1211 Kamrangircar, Dhaka, Bangladesh",1211,https://foodpanda.com.bd/restaurant/o9sf/sweet-haven
w0qx,77952,Victor 36 Cafe,,Dhaka,Old Dhaka,0.2,Snacks|Burgers|Western,2.3,9,50.0,0.0,0.0,23.70926264,90.41257937,"Bahadur Shah Park, Johnson Rd Laxmi bazar, 1100 Wari, Dhaka, Bangladesh",1100,https://foodpanda.com.bd/restaurant/w0qx/victor-36-cafe
lw8k,77526,Chefy cafy - Wari,,Dhaka,Sutrapur,0.48,Snacks,0.0,0,50.0,0.0,0.0,23.7119039,90.4180392,"Narindra Kacha Bazar, Narinda Rd 2 Dokkhin mushondi Narinda kacha bazar, beside of kotok club, 1516 Wari, Dhaka, Bangladesh",1516,https://foodpanda.com.bd/restaurant/lw8k/chefy-cafy-wari
zsh6,77666,Freshop- Laxmibazar,Freshop - Mohammadpur,Dhaka,Old Dhaka,0.48,Juice Corner|Beverage,3.3,22,50.0,0.0,0.0,23.70852613,90.41531692,"21/1 Subhash Bose Avenue, Laxmi Bazar, Dhaka.",1203,https://foodpanda.com.bd/restaurant/zsh6/freshop-laxmibazar
sup6,77667,Farazi Food Cart,,Dhaka,Sutrapur,0.26,Italian|Mediterranean|Pizza|Western,0.0,0,50.0,0.0,0.0,23.70574,90.41942,"Gandaria, katherpool mor ,Dhaka -1204",1204,https://foodpanda.com.bd/restaurant/sup6/farazi-food-cart
wvka,77540,Madiha's Fast Food & kitchen,,Dhaka,Bakshi Bazar,0.3,Snacks|Curry|Bangladeshi|Asian,3.0,22,50.0,0.0,0.0,23.7238853,90.38954,"64/5B Buet tower Polashi Hajibeg jame mosjid, 1211 Lalbagh, Dhaka, Bangladesh",1211,https://foodpanda.com.bd/restaurant/wvka/madihas-fast-food-and-kitchen
wn7u,77554,Whats On The Kabab,,Dhaka,Bakshi Bazar,0.17,Turkish|Kebab|Middle Eastern,0.0,0,50.0,0.0,0.0,23.7220911,90.3917403,"Shikkha board office gate no-2, 1205 Lalbagh, Dhaka, Bangladesh",1205,https://foodpanda.com.bd/restaurant/wn7u/whats-on-the-kabab
vhzq,82676,Grand Kacchi,,Dhaka,Paltan,0.44,Rice Dishes|Indian|Biryani|Asian,3.0,20,50.0,0.0,0.0,23.7275252,90.4099149,"Toyenbee Circular Road  44 toyenbee, road ,1000",1000,https://foodpanda.com.bd/restaurant/vhzq/grand-kacchi
eq8p,77721,SACRED TASTE,,Dhaka,Azimpur,0.33,Dessert,0.0,0,50.0,0.0,0.0,23.72407165,90.38473867,"Azimpur Chapra Masjid, Azimpur Rd Azimpur chapra mosjid road, daira complex market 149/1,149/2  shop no.2, 1205 Lalbagh, Dhaka, Bangladesh",1205,https://foodpanda.com.bd/restaurant/eq8p/sacred-taste
eelr,75989,Rumana's Kitchen,,Dhaka,Azimpur,0.53,Curry|Rice Dishes|Bangladeshi|Asian,4.2,42,50.0,0.0,35.0,23.727685,90.37985495,"57/A khalek lane, Newpoltonline, Azimpur",1211,https://foodpanda.com.bd/restaurant/eelr/rumanas-kitchen-eelr
hggj,60561,Shera Shad,Shera Shad,Dhaka,Azimpur,0.52,Curry|Rice Dishes|Bangladeshi|Asian,4.6,292,50.0,0.0,0.0,23.7272575,90.3799055,"House 62/9, 2nd floor, Khalek Lane, Near Asrafi Mahal, Azimpur, Dhaka - 1205",1205,https://foodpanda.com.bd/restaurant/hggj/shera-shad-hggj
j1jc,27521,JP Fast Food,,Dhaka,Lalbagh,0.33,Snacks|Burgers|Western,4.0,35,50.0,0.0,0.0,23.7215125,90.38796805,"In front of Shahid Shah Majar, Lalbagh Road, Opposite Dhaka South City Corporation, Lalbagh, Dhaka - 1205",1205,https://foodpanda.com.bd/restaurant/j1jc/jp-fast-food
drih,77050,A Tale of Brew,,Dhaka,Lalbagh,0.27,Beverage,2.3,7,50.0,0.0,0.0,23.7202663,90.3897535,"Dhakeshwari Rd 34 3, Dhakeshwari Road, Lalbag, 1211 Lalbagh, Dhaka, Bangladesh",1211,https://foodpanda.com.bd/restaurant/drih/a-tale-of-brew
zig8,78240,Darbar-E-Ishq,,Dhaka,Bangshal,0.35,Snacks|Curry,4.7,25,50.0,0.0,0.0,23.72169807,90.40576926,"Kazi Alauddin Rd 37 opposite of beauty lacchi nazira bazar, 1100 Wari, Dhaka, Bangladesh",1100,https://foodpanda.com.bd/restaurant/zig8/darbar-e-ishq
omew,117520,Dalia's Kitchen,,Dhaka,Bangshal,0.43,Fast Food,0.0,0,50.0,0.0,35.0,23.7225516,90.4092394,"Siddikbazae, 146/6 siddiquebazar, dhaka 3rd floor, 1000 Paltan, Dhaka, Bangladesh",1000,https://foodpanda.com.bd/restaurant/omew
wro4,64952,New Burger Khor,New Burger Khor,Dhaka,Azimpur,0.65,Chicken|Snacks|Rice Dishes|Beverage|Soups|Meat|Burgers|Western,1.9,26,50.0,0.0,0.0,23.7244706,90.379279,208 No Medical Staff Quater Lalbagh Road 1205,1205,https://foodpanda.com.bd/restaurant/wro4/new-burger-khor-wro4
sc63,78236,Biryani Bilash,,Dhaka,Lalbagh,0.34,Rice Dishes|Indian|Biryani|Asian,1.4,18,50.0,0.0,0.0,23.7200398,90.3850998,"Lalbagh,  Lalbagh Rahmatullah Girls School road, 1211 Lalbagh, Dhaka, Bangladesh",1211,https://foodpanda.com.bd/restaurant/sc63/biryani-bilash
jtf1,76845,Burger Express,,Dhaka,Lalbagh,0.44,Bangladeshi|Asian,2.2,22,50.0,0.0,0.0,23.71986915,90.3839425,"H.0number-17/17,fokir
chan,Lalbagh Amligola,Hormohon
shil street, Lalbagh Dhaka",1211,https://foodpanda.com.bd/restaurant/jtf1/burger-express-jtf1
et3r,78213,Nusrat Kitchen,,Dhaka,Lalbagh,0.15,Snacks,0.0,0,50.0,0.0,0.0,23.7181758,90.3866074,"Lalbagh,  3,4,5,B.C.Das.Street.lalbag ( kazi masum r goli), 1211 Lalbagh, Dhaka, Bangladesh",1211,https://foodpanda.com.bd/restaurant/et3r/nusrat-kitchen-et3r
avwx,78111,Ghoroa Shaad Catering Service,,Dhaka,Bangshal,0.49,Rice Dishes,0.0,0,50.0,0.0,0.0,23.7209256,90.4117838,"Shahid tower (1st floor), 165 Nababpur road, Dhaka-1100",1232,https://foodpanda.com.bd/restaurant/avwx/ghoroa-shaad-catering-service
dgw9,77781,Dadi Bari,,Dhaka,Lalbagh,0.72,Snacks|Sandwiches|Burgers|Western,0.0,0,50.0,0.0,0.0,23.71897608,90.38092175,"Lalbagh,  shohid nagar 1no goli masterbari opposite, 1211 Lalbagh, Dhaka, Bangladesh",1211,https://foodpanda.com.bd/restaurant/dgw9/dadi-bari
pso3,78122,FLAVOUR DROPPED,,Dhaka,Lalbagh,0.42,Curry|Sandwiches|Burgers|Western,0.0,0,50.0,0.0,0.0,23.7164449,90.3845718,"D Road R.N 36 No R.N.D road lalbagh, 1211 Lalbagh, Dhaka, Bangladesh",1211,https://foodpanda.com.bd/restaurant/pso3/flavour-dropped
royq,107977,Khushi's Homemade Kitchen,,Dhaka,Chawk Bazar,0.06,Curry|Rice Dishes,4.8,5,50.0,0.0,35.0,23.7159817,90.4067457,"Noyabazar, 19/1, Hazi Abdul Rasid Lain,Noyabazar, Bangshal, 1100 Dhanmondi, Dhaka, Bangladesh",1100,https://foodpanda.com.bd/restaurant/royq/khushis-homemade-kitchen
vapr,78064,Dhakaiya Momo,,Dhaka,Wari,0.83,Chinese|Asian|Dumpling,0.0,0,50.0,0.0,0.0,23.7214716,90.4155188,"76 BCC Rd, BCC Road 76, 1203 Wari, Dhaka, Bangladesh",1203,https://foodpanda.com.bd/restaurant/vapr/dhakaiya-momo
v0p0,77969,Roadside Kitchen Wari,Roadside Kitchen,Dhaka,Wari,0.58,Chicken|Snacks|Meat,0.0,0,50.0,0.0,0.0,23.7183485,90.4164629,Rankin St,1203,https://foodpanda.com.bd/restaurant/v0p0/roadside-kitchen-wari
j96b,100010,ABCIK Kitchen,,Dhaka,Shakhari Bazar,0.35,Breakfast|Bangladeshi|Asian|Fast Food,0.0,0,50.0,0.0,35.0,23.71079834,90.40360811,"Billal Shah Medicine Tower., 8 No P.K Roy Lane, Babubazar Mazar., 1100 Lalbagh, Dhaka, Bangladesh",1100,https://foodpanda.com.bd/restaurant/j96b/abcik-kitchen
rf1a,77101,Hungryfy Live Pizza,,Dhaka,Wari,0.57,Italian|Beverage|Mediterranean|Pizza|Western|Fast Food,4.6,97,50.0,0.0,0.0,23.7169466,90.4164133,"Nawab Street, Nawab Street, opposite of Time Zone  Showroom, Wari, Dhaka - 1203",1203,https://foodpanda.com.bd/restaurant/rf1a/hungryfy-live-pizza
c9tw,76282,MOMO-TA,,Dhaka,Wari,0.5,Chinese|Asian|Dumpling,0.0,0,50.0,0.0,0.0,23.7167019,90.4170771,"Nawab St Near Sailor, Wari, 1203 Wari, Dhaka, Bangladesh",1203,https://foodpanda.com.bd/restaurant/c9tw/momo-ta
nxv6,76864,Naval Bay - Wari,Naval Bay,Dhaka,Wari,0.66,Snacks|Bangladeshi|Asian,4.7,17,50.0,0.0,0.0,23.71543915,90.41570025,"Graduates High School, 40 Tipu Sultan Road, Wari, Dhaka-1100",1000,https://foodpanda.com.bd/restaurant/nxv6/naval-bay-wari
s5mh,3764,C&B Biriyani House,,Dhaka,Wari,0.59,Rice Dishes|Indian|Biryani|Asian,5.0,78,50.0,0.0,0.0,23.7153918,90.41646145,"House No. 20/B, Tipu Sultan Road, Dhaka",1100,https://foodpanda.com.bd/restaurant/s5mh/candb-biriyani-house
hilx,77381,Twist & Taste,,Dhaka,Wari,0.43,Rice Dishes|Fast Food,4.5,75,50.0,0.0,0.0,23.7151267,90.4182731,"House - 24/B, Tipu Sultan Road, Near Turkey Kabab & Sea Food, Wari, Dhaka - 1100",1100,https://foodpanda.com.bd/restaurant/hilx/twist-and-taste-hilx
gmth,124421,Crumbs & Co.,,Dhaka,Old Dhaka,0.44,Bangladeshi|Asian,0.0,0,50.0,0.0,35.0,23.7124003,90.415009,"Dholaikhal, Lalmohan shah street , shardar bhaban, 1100 Wari, Dhaka, Bangladesh",1100,https://foodpanda.com.bd/restaurant/gmth/crumbs-and-co
bavc,76733,RajKo,,Dhaka,Old Dhaka,0.47,Dessert|Burgers|Western|Fast Food,4.9,99,50.0,0.0,0.0,23.70854739,90.41527342,"Lokkhi Bazar,  luxmibazar, Sutrapur,Dhaka 1100. beside beauti lassi and pasta club Opposite.",1100,https://foodpanda.com.bd/restaurant/bavc/rajko
s9k2,78096,Bite & Ride,,Dhaka,Sutrapur,0.46,Chicken|Meat|Burgers|Western|Fast Food,0.0,0,50.0,0.0,0.0,23.70853999,90.41556522,"Municipal Road, Opposite of Saint Albert School ( St. Albert School ), Luxmibazar, Dhaka - 1100",1100,https://foodpanda.com.bd/restaurant/s9k2/bite-and-ride
wjze,76542,Wood Fired Pizzaria,,Dhaka,Sutrapur,0.24,Italian|Mediterranean|Pizza|Western,3.3,84,50.0,0.0,0.0,23.7058209,90.4200365,"Near Dearm20 Restaurant, Distrilari Road, Katherpoll, Gandaria, Dhaka - 1204",1204,https://foodpanda.com.bd/restaurant/wjze/wood-fired-pizzaria
szmi,77130,Flaming Kabab,,Dhaka,Sutrapur,0.25,Turkish|Kebab|Middle Eastern,0.0,0,50.0,0.0,0.0,23.70574053,90.41997655,"Near Dream20 Restaurant, Katherpool, Gandaria, Dhaka - 1204",1204,https://foodpanda.com.bd/restaurant/szmi/flaming-kabab
ds0t,127629,Mithila's Kitchen,,Dhaka,Lalbagh,0.65,,0.0,0,50.0,0.0,35.0,23.71983272,90.38181746,Amligola 179/J.N Shaha Road Mistir Goli,1211,https://foodpanda.com.bd/restaurant/ds0t
w1ng,26914,Mithai-  Shahbag,Mithai - Dhaka,Dhaka,Shahbag,0.27,Cakes|Snacks|Dessert|Doi|Fast Food,4.4,250,50.0,0.0,0.0,23.73846415,90.3928746,"Shop No:05, Ground Floor, Aziz Super Market, Shahbag",1000,https://foodpanda.com.bd/restaurant/w1ng/mithai-shahbag
yvqq,43976,Indulge - Wari,Indulge,Dhaka,Wari,0.44,Beverage|Dessert|Fast Food,4.7,805,50.0,0.0,0.0,23.7198074,90.4189984,"Ground Floor & 1st Floor, City Park Lane, 19, Hatkhola Road,",1203,https://foodpanda.com.bd/restaurant/yvqq/indulge-wari
fa00,105466,Mom’s Ranna,,Dhaka,Islampur,0.22,Bangladeshi|Asian,3.0,12,50.0,0.0,35.0,23.7095999,90.4085918,"Kabiraj Goli, Basha Number 12, Dhaka Kotwali Thana, Patuatuli, 1100 Wari, Dhaka, Bangladesh",1100,https://foodpanda.com.bd/restaurant/fa00/moms-ranna
rhso,77353,Bhorta Bari Kitchen,,Dhaka,Sutrapur,0.48,Bangladeshi|Asian,0.0,0,50.0,0.0,0.0,23.7104697,90.4161585,"44/1 pach bai ghat len Dholai Khal , near KoltaBazar Choto Masjid",1212,https://foodpanda.com.bd/restaurant/rhso/bhorta-bari-kitchen-rhso
z23w,105348,Spice Darbar,,Dhaka,Islampur,0.19,,0.0,0,50.0,0.0,35.0,23.7103602,90.4093372,"Court house street, 17 kailashgosh lane 4th floor, 1100 Wari, Dhaka, Bangladesh",1100,https://foodpanda.com.bd/restaurant/z23w/spice-darbar
u6ps,18710,Mithai - Azimpur,Mithai - Dhaka,Dhaka,Azimpur,0.3,Cakes|Dessert|Doi|Fast Food,4.3,803,50.0,0.0,0.0,23.726628,90.382052,"37/5, A/1, Azimpur Road, Azimpur",1205,https://foodpanda.com.bd/restaurant/u6ps/mithai-azimpur
ogvy,72174,Mithai Lalbagh,Mithai - Dhaka,Dhaka,Lalbagh,0.28,Cakes|Dessert|Doi|Fast Food,4.8,156,50.0,0.0,0.0,23.7202708,90.3860498,"90. Lalbagh road, Lalvagh Dhaka. 1205",1205,https://foodpanda.com.bd/restaurant/ogvy/mithai-lalbagh-ogvy
mcm6,68813,Shumi's Hot Cake - Panthapath,Shumi's Hot Cake,Dhaka,Green Road,0.31,Cakes|Dessert|Fast Food,4.9,573,50.0,0.0,35.0,23.75284065,90.38268725,"Sundaram Plaza20/3 North Dhanmondi, West Panthapath, Dhaka.",1205,https://foodpanda.com.bd/restaurant/mcm6/shumis-hot-cake-panthapath-mcm6
v16i,68050,Domino's Pizza - Badda,Domino's Pizza,Dhaka,Merul Badda,0.62,Italian|Mediterranean|Pizza|Western,4.7,574,0.0,39.0,25.0,23.7731892,90.4254862,"Progoti Tower, F12/5, Main Road, Progoti Sarani, Badda, Dhaka-1212.",1212,https://foodpanda.com.bd/restaurant/v16i/dominos-pizza-badda
jj7x,71896,Mithai Merul Badda,Mithai - Dhaka,Dhaka,Merul Badda,0.72,Cakes|Dessert|Doi|Fast Food,4.6,203,50.0,0.0,0.0,23.77177526,90.42522495,F 12 /3 Marul Badda Dhaka 1212.Marul Badda,1212,https://foodpanda.com.bd/restaurant/jj7x/mithai-merul-badda
ioqr,68034,Domino's Pizza Banasree,Domino's Pizza,Dhaka,Banasree Block A,0.64,Italian|Mediterranean|Pizza|Western,4.8,888,0.0,39.0,25.0,23.761169,90.4362435,"Block E, House #48 Rd. 3, Dhaka 1219",1219,https://foodpanda.com.bd/restaurant/ioqr/dominos-pizza-banasree
l6dh,121447,Farjan's Kitchen,,Dhaka,Rampura,0.04,Chinese|Asian,4.7,8,50.0,0.0,35.0,23.76071579,90.42517747,"House: Alhamdulillah (208/D), East Rampura, 208/D puraton police fari panir pump er opposite building., 1219 Rampura, Dhaka, Bangladesh",1219,https://foodpanda.com.bd/restaurant/l6dh/farjans-kitchen
viiq,77428,Home Cuisine,,Dhaka,Rampura,0.12,Curry|Rice Dishes|Bangladeshi|Asian,4.1,29,50.0,0.0,35.0,23.7599621,90.4254671,"Pushposree Residential Area (Extension of Banasree C block), 1219 Rampura, Dhaka, Bangladesh",1219,https://foodpanda.com.bd/restaurant/viiq/home-cuisine-viiq
tw2s,78028,Home Foodie,,Dhaka,Rampura,0.14,Curry|Rice Dishes,0.0,0,50.0,0.0,35.0,23.75989144,90.42563345,"Mollabari Super Market (মোল্লা বাড়ি সুপার মার্কেট), Purba Rampura Road 215 169/5/A Pushposree R/A, 1219 Rampura, Dhaka, Bangladesh",1219,https://foodpanda.com.bd/restaurant/tw2s/home-foodie
eokd,97226,Yousuf Food Court,,Dhaka,Rampura,0.31,Fast Food,0.0,0,50.0,0.0,35.0,23.7582378,90.4254798,"চাঁদপুর জেনারেশন স্টোর, ৩৩০/খ পূর্ব রামপুরা টিভি লিংক রোড, 1219 রামপুরা, ঢাকা, Bangladesh",1219,https://foodpanda.com.bd/restaurant/eokd/yousuf-food-court
dno1,69879,Sara Pizza- Banasree-D,Sara Pizza,Dhaka,East Rampura,0.46,Snacks|Italian|Mediterranean|Pizza|Western,4.7,948,50.0,0.0,35.0,23.7593878,90.4295707,"House-2, Road-9, Bonesree-D, Khilgaon, Dhaka-1219",1205,https://foodpanda.com.bd/restaurant/dno1/sara-pizza-banasree-d
u5pa,18763,Mithai - Rampura,Mithai - Dhaka,Dhaka,West Rampura,0.49,Cakes|Dessert|Doi|Fast Food,4.7,802,50.0,0.0,35.0,23.762252,90.420147,"356 East Rampura, D.I.T. Road, Rampura",1219,https://foodpanda.com.bd/restaurant/u5pa/mithai-rampura
stbz,80415,Curved Cravings,,Dhaka,West Rampura,0.38,Chicken|Snacks|Meat|Burgers|Western,3.0,14,50.0,0.0,35.0,23.760689,90.419119,"East Rampura bazar, DIT Road, Front of Lotto Showroom, Rampura, Dhaka",1219,https://foodpanda.com.bd/restaurant/stbz/curved-cravings
x1af,78280,Onion Leaf Restaurant and Party Centre,,Dhaka,Rampura,0.61,Chicken|Rice Dishes|Soups|Seafood|Noodles|Vegetarian|Meat|Chinese|Asian|Fast Food,4.0,12,50.0,0.0,35.0,23.765541,90.4216218,"Onion Leaf Restaurant and Party Center, DIT Rd, 1219 Rampura, Dhaka, Bangladesh",1219,https://foodpanda.com.bd/restaurant/x1af/onion-leaf-restaurant-and-party-centre
lxrx,108192,All-In-One-Bite,,Dhaka,West Rampura,0.58,Snacks,4.0,21,50.0,0.0,35.0,23.76259665,90.4187125,"পশ্চিম রামপুরা, উলন রোড, ২৯৬ উলন রোড,  পশ্চিম রামপুরা, 1219 রামপুরা, ঢাকা, Bangladesh",1219,https://foodpanda.com.bd/restaurant/lxrx/all-in-one-bite
mxn6,41140,Puro Pastry & Bakery - Banasree,Puro Pastry & Bakery - Dhaka,Dhaka,East Rampura,0.17,Cakes|Dessert|Fast Food,4.9,1249,50.0,0.0,35.0,23.763194,90.431103,"House 33, Road 01, Block C, Banasree, Rampura,Dhaka-1212",1212,https://foodpanda.com.bd/restaurant/mxn6/puro-pastry-and-bakery-banasree
fr2i,67664,Delifrance - Rampura,Delifrance Gulshan Avenue,Dhaka,Rampura,0.68,Cakes|Snacks|Beverage|Dessert|Western,4.9,1167,50.0,0.0,35.0,23.7664707,90.42191675,"Islam Tower, Ground Floor, Rampura Bridge, Dhaka",1219,https://foodpanda.com.bd/restaurant/fr2i/delifrance-rampura
u3rp,17342,AlKaderia Cafe,Al Kaderia Cafe,Dhaka,West Rampura,0.36,Curry|Rice Dishes|Fast Food,4.5,7765,50.0,0.0,35.0,23.75953895,90.4183551,"257, West Rampura, DIT Road",1219,https://foodpanda.com.bd/restaurant/u3rp/alkaderia-cafe
u2qo,17354,Al Kaderia Restaurant,Al Kaderia Restaurant,Dhaka,West Rampura,0.35,Curry|Rice Dishes|Doi|Asian|Faluda,4.7,38014,50.0,0.0,35.0,23.75916485,90.4182712,2/3 East Rampura DIT Road,1219,https://foodpanda.com.bd/restaurant/u2qo/al-kaderia-restaurant-u2qo
kx65,110326,Al Medina Cake Makers,,Dhaka,East Rampura,0.28,Cakes|Dessert,0.0,0,50.0,0.0,35.0,23.7623428,90.4318963,"Anower villa, Road:5/2,house:68 block:D Road:5/2,house:68 block:D, 1219 Banasree, Dhaka, Bangladesh",1219,https://foodpanda.com.bd/restaurant/kx65/al-medina-cake-makers
kqxu,81070,StarBean'z Cafe,,Dhaka,Rampura,0.73,Beverage|Cafe,0.0,0,50.0,0.0,35.0,23.76650875,90.42118558,"Haidar ali, 463/2, 1219 Rampura, Dhaka, Bangladesh",1219,https://foodpanda.com.bd/restaurant/kqxu/starbeanz-cafe
hk63,122629,Family Kitchen,,Dhaka,East Rampura,0.51,Bangladeshi|Asian,0.0,0,50.0,0.0,35.0,23.75959001,90.43208991,"219/KA/1/1, Garden goli, Bhuiyanpara, Khilgaon, Bhuiyan para, 1219 Khilgaon, Dhaka, Bangladesh",1219,https://foodpanda.com.bd/restaurant/hk63/family-kitchen-hk63
xksr,79020,Pizza Frist,,Dhaka,East Rampura,0.75,Italian|Pasta|Beverage|Mediterranean|Sandwiches|Burgers|Western,0.0,0,50.0,0.0,35.0,23.7680958,90.4241591,"Road no: 2, Aftabnagar main Road, Jahurul islam Ave, Aftabnagar",1212,https://foodpanda.com.bd/restaurant/xksr/pizza-frist
irx0,88968,La Vera Pizza,,Dhaka,Rampura,0.82,Italian|Mediterranean|Western,0.0,0,50.0,0.0,35.0,23.7675689,90.4213736,"Sky View Selina Tower, Bondhunibash Abashik Elaka 16/1 Flat: 4-B, 465/16/1 (Sky View Selina Tower), West Rampura (Bandhunibash R/A), Dhaka-1219., 1219 Rampura, Dhaka, Bangladesh",1219,https://foodpanda.com.bd/restaurant/irx0/la-vera-pizza
isj3,79111,Tripti,,Dhaka,East Rampura,0.64,Snacks|Fast Food,0.0,0,50.0,0.0,35.0,23.7684651,90.4262344,"East West University, Jahurul Islam Ave 2, 1212 Badda, Dhaka, Bangladesh",1212,https://foodpanda.com.bd/restaurant/isj3/tripti
iwqk,76835,Move On,,Dhaka,East Rampura,0.39,Rice Dishes|Indian|Biryani|Dessert|Asian,3.6,24,50.0,0.0,35.0,23.7655928,90.4326264,"Aftab Nagar #C Block #Road 3 #house on 50, 1212 Badda, Dhaka, Bangladesh",1212,https://foodpanda.com.bd/restaurant/iwqk/move-on
soca,74702,Pizza Chocolaty,,Dhaka,West Rampura,0.46,Italian|Mediterranean|Pizza|Burgers|Western,3.5,20,50.0,0.0,35.0,23.7554958,90.4178711,মালিবাগ চৌধুরীপাড়া,১১৫৮/৩,https://foodpanda.com.bd/restaurant/soca/pizza-chocolaty
i9pe,78136,Volcano Restaurant,,Dhaka,West Rampura,0.52,Snacks|Fast Food,4.2,20,50.0,0.0,35.0,23.75367,90.41954,"Matir Masjid Road, Jamila Begom Villa, 2nd floor, Hold No - 431/B Matir Masjid Road, Khilgaon, Chowdhurypara, Dhaka, Bangladesh",,https://foodpanda.com.bd/restaurant/i9pe/volcano-restaurant
zbwn,78507,Cholo Kichu Khai From Tasmim'S Cuisine,,Dhaka,West Rampura,0.6,Curry|Rice Dishes|Bangladeshi|Asian,0.0,0,50.0,0.0,35.0,23.7525874,90.421852,"J. N. Garden, Taltola Rd 1219, 1218 Khilgaon, Dhaka, Bangladesh",1218,https://foodpanda.com.bd/restaurant/zbwn/cholo-kichu-khai-from-tasmims-cuisine
pebg,78038,People Helping Kitchen Team,,Dhaka,East Rampura,0.53,Snacks|Dessert,0.0,0,50.0,0.0,35.0,23.7627916,90.4346379,"Banasree main road Moddhopara Banasree, Meradiya Moddhopara Main Road - House no. 23, 1219 Rampura, Dhaka, Bangladesh",1219,https://foodpanda.com.bd/restaurant/pebg/people-helping-kitchen-team
txw0,76354,Masala Kebab,,Dhaka,West Rampura,0.67,Turkish|Kebab|Middle Eastern|Meat,4.6,59,50.0,0.0,35.0,23.75203239,90.42258429,"Taltola Mor 374/B 374/B Khilgaon taltola mor Dhaka, 1219 Khilgaon, Dhaka, Bangladesh",1219,https://foodpanda.com.bd/restaurant/txw0/masala-kebab
fw78,68801,Shumi's Hot Cake - Khilgaon Taltola,Shumi's Hot Cake,Dhaka,West Rampura,0.64,Cakes|Dessert|Fast Food,4.9,198,50.0,0.0,35.0,23.75222295,90.4215789,"House-380, Rd-955, Block-B, Khilgoan Taltola, Rampura, Dhaka.",1219,https://foodpanda.com.bd/restaurant/fw78/shumis-hot-cake-khilgaon-taltola
wul3,64087,Grind House,Grind House,Dhaka,West Rampura,0.74,Snacks|Curry|Rice Dishes|Italian|Pasta|Mediterranean|Western,1.5,13,50.0,0.0,35.0,23.7516599,90.4236664,"Sky View Nazma Tower ( 8th Floor ), Miniso Building, Shahid Baki Road, Khilgaon, Dhaka - 1219",1219,https://foodpanda.com.bd/restaurant/wul3/grind-house-wul3
q4ub,99669,Padma Paar Rannaghor,,Dhaka,West Rampura,0.64,Rice Dishes|Dessert,4.8,48,50.0,0.0,35.0,23.757723,90.415194,"Doyel Chaiya, 50/6/4, West Hazipara, Dhaka, 1219 Rampura, Dhaka, Bangladesh",1219,https://foodpanda.com.bd/restaurant/q4ub/padma-paar-rannaghor
y7m0,116280,Munni's kitchen,,Dhaka,West Rampura,0.78,Bangladeshi|Asian,4.8,97,50.0,0.0,35.0,23.76029,90.414299,"Mirbagh bekari goli, 1c/1a Mirbagh Hatirjhil Dhaka, 1217 মগবাজার, ঢাকা, Bangladesh",1217,https://foodpanda.com.bd/restaurant/y7m0
jidr,72713,Indulge - Khilgaon,Indulge,Dhaka,West Rampura,0.7,Beverage|Dessert|Fast Food,4.6,74,50.0,0.0,35.0,23.7524401,90.41825575,"582/C, Khilgaon Chowdhury Para, Shahid Baki Sarak, Khilgaon, Dhaka - 1220",1219,https://foodpanda.com.bd/restaurant/jidr/indulge-khilgaon
m7i5,79852,Taj Biriyani House,,Dhaka,West Rampura,0.7,Rice Dishes,4.4,79,50.0,0.0,35.0,23.754577,90.415696,"99/B, Opposite of Abul Hotel, DIT Road, Malibag Choudhury Para, Dhaka- 1219",1219,https://foodpanda.com.bd/restaurant/m7i5/taj-biriyani-house
fdg4,67743,Kacchi Bhai - Khilgaon,Kacchi Bhai,Dhaka,Malibagh,0.75,Curry|Rice Dishes|Indian|Biryani|Doi|Asian,4.9,9460,50.0,0.0,35.0,23.75200275,90.4172288,"589/C, Malibagh, Chowdhury Para, Dhaka-1219",1219,https://foodpanda.com.bd/restaurant/fdg4/kacchi-bhai-khilgaon
s0sg,2774,AlKaderia Express,Al Kaderia Express,Dhaka,Malibagh,0.74,Curry|Asian|Fast Food,4.5,3808,50.0,0.0,35.0,23.75219645,90.41680705,"Manama MW Heights, House No. 25, Block B, Khilgaon, Dhaka",1217,https://foodpanda.com.bd/restaurant/s0sg/alkaderia-express-s0sg
hpds,97122,Capri Caffe & Juice,,Dhaka,Banasree Block A,0.56,Fast Food,1.3,15,50.0,0.0,35.0,23.7598292,90.4382616,"Opposite side of El Dorado Moni Apartment building ,House no -36/38,Road no -06,Block -F,Rampura banasree, Dhaka -1219",1219,https://foodpanda.com.bd/restaurant/hpds/capri-caffe-and-juice
jeul,116659,Food Cake And Kitchen,,Dhaka,Taltola Khilgaon,0.56,Bangladeshi|Asian,0.0,0,50.0,0.0,35.0,23.7518923,90.4340251,"231/1, Dhaka,Khailgaon, Goran, M R Khan Lan, 1214 Khilgaon, Dhaka, Bangladesh",1214,https://foodpanda.com.bd/restaurant/jeul/food-cake-and-kitchen
qtvr,77379,Chef's Choice,,Dhaka,Taltola Khilgaon,0.19,Fast Food,1.1,5,50.0,0.0,35.0,23.7494367,90.4314645,"Chef's Choice,  North goran,khilgaon,Dhaka-1219, 1219 Khilgaon, Dhaka, Bangladesh",1219,https://foodpanda.com.bd/restaurant/qtvr/chefs-choice-qtvr
rd57,76755,Khai Khai Waffle,,Dhaka,Moghbazar,0.74,Dessert,0.0,0,50.0,0.0,35.0,23.7577656,90.4110432,"Modhubagh Play Ground, Old Elephant Road Same, 1217 Mogbazar, Dhaka, Bangladesh",1217,https://foodpanda.com.bd/restaurant/rd57/khai-khai-waffle
qtjj,77658,The King Kabab,,Dhaka,Banasree Block A,0.3,Turkish|Kebab|Curry|Middle Eastern,4.6,115,50.0,0.0,35.0,23.7623846,90.4393209,"House 05,Block G,Main Road, Banasree",1219,https://foodpanda.com.bd/restaurant/qtjj/the-king-kabab
ak4k,74460,Fuchka Express,,Dhaka,Taltola Khilgaon,0.09,Snacks|Chotpoti & Fuchka|Bangladeshi|Asian,4.4,12,50.0,0.0,35.0,23.747522,90.43118,"Sultan Bhuiyan Jame Masjid, Road dhaka khilgaon goran, 1219 Khilgaon, Dhaka, Bangladesh",1219,https://foodpanda.com.bd/restaurant/ak4k/fuchka-express
eyna,125541,Family Kitchen,,Dhaka,Moghbazar,0.36,Bangladeshi|Asian,0.0,0,50.0,0.0,35.0,23.752495,90.41188174,"575/2/B, 2nd Floor, Central Point Residential Area, 1217 Mogbazar, Dhaka, Bangladesh",1217,https://foodpanda.com.bd/restaurant/eyna
bb2p,78248,Nahar's Kitchen,,Dhaka,Taltola Khilgaon,0.29,Curry|Rice Dishes|Bangladeshi|Asian,0.0,0,50.0,0.0,35.0,23.74818,90.4333256,"Goran Tempo Stand, Goran Rd 215/1 south goran, 1219 Khilgaon, Dhaka, Bangladesh",1219,https://foodpanda.com.bd/restaurant/bb2p/nahars-kitchen-bb2p
l2dx,77415,Sharmin Foodpack,,Dhaka,Malibagh,0.37,Curry|Rice Dishes|Bangladeshi|Asian,0.0,0,50.0,0.0,35.0,23.7494625,90.4146341,"Malibagh Rail Gate,  malibagh rail gate",4,https://foodpanda.com.bd/restaurant/l2dx/sharmin-foodpack
vi0i,80678,Bangali Bhorta Ghor,,Dhaka,Banasree Block D,1.0,Curry|Bangladeshi|Asian,3.1,58,50.0,0.0,35.0,23.753179,90.439004,"House : 20 Road : 12/3 Block : J South Banasree, 1219 Rampura, Dhaka, Bangladesh, 1219 Dhaka, Bangladesh",1219,https://foodpanda.com.bd/restaurant/vi0i/bangali-bhorta-ghor-vi0i
tn18,122017,Naira’s Bhojon Bari,,Dhaka,Moghbazar,0.35,Bangladeshi|Asian,0.0,0,50.0,0.0,35.0,23.7544154,90.409787,"Civil Rawshan, 551 Noyatola road Civil Rawshan 1st floor (C-1/2), 1217 Mogbazar, Dhaka, Bangladesh",1217,https://foodpanda.com.bd/restaurant/tn18/nairas-bhojon-bari
oihg,75813,Night Chef,,Dhaka,Khilgaon,0.35,Snacks|Fast Food,1.3,11,50.0,0.0,35.0,23.74574905,90.4221556,"North Shahjahanpur 334 334, North Shahjahanpur (Beside Old Dynamic School Dhaka 1219 Bangladesh, 1217 Khilgaon, Dhaka, Bangladesh",1217,https://foodpanda.com.bd/restaurant/oihg/night-chef
mdy4,95322,Ghorer Ranna,,Dhaka,Banasree Block D,0.64,Bangladeshi|Asian,0.0,0,50.0,0.0,35.0,23.7558541,90.4411345,"৪ tola, Mainroad, South Banasree, House-B/52,flat-b/2, 1219 Banasree, Dhaka, Bangladesh",1219,https://foodpanda.com.bd/restaurant/mdy4/ghorer-ranna-mdy4
hm77,77707,Sultan Biryani Ghor,,Dhaka,Taltola Khilgaon,0.64,Rice Dishes,0.0,0,50.0,0.0,35.0,23.74949437,90.43661766,"Road No.8 170 Khilgaon, goran 8 number water pump,  house#200, 1219 Khilgaon, Dhaka, Bangladesh",1219,https://foodpanda.com.bd/restaurant/hm77/sultan-biryani-ghor
fb3p,129612,Mayer Doya Cafe House,,Dhaka,Moghbazar,0.38,Fast Food,0.0,0,50.0,0.0,35.0,23.75489513,90.40914186,"496 Chairmangoli (Chairman Golli), Dhaka 1217",1217,https://foodpanda.com.bd/restaurant/fb3p/mayer-doya-cafe-house
zwwu,81886,Bhola Biryani House,,Dhaka,Khilgaon,0.32,Turkish|Kebab|Curry|Rice Dishes|Middle Eastern|Bangladeshi|Doi|Asian,4.6,488,50.0,0.0,35.0,23.7454056,90.4277692,"298/A, Khilgaon Tilpapara, Dhaka, Bangladesh",1219,https://foodpanda.com.bd/restaurant/zwwu/bhola-biryani-house-zwwu
po9m,125524,Mayeder Ranna,,Dhaka,Malibagh,0.27,Bangladeshi|Asian,4.7,18,50.0,0.0,35.0,23.74876733,90.4139124,"Near Abujar Gifferi College, 1217 Malibag, Dhaka, Bangladesh",1217,https://foodpanda.com.bd/restaurant/po9m
dyuo,75960,Sumona's Kitchen,,Dhaka,Khilgaon,0.27,Curry|Bangladeshi|Asian,4.4,21,50.0,0.0,35.0,23.7451889,90.422655,"North Shahjahanpur 421 (2nd Floor), 1217 Khilgaon, Dhaka, Bangladesh",1217,https://foodpanda.com.bd/restaurant/dyuo/sumonas-kitchen-dyuo
gva0,77925,FOODIE ' DYNASTY,,Dhaka,Malibagh,0.25,Snacks|Rice Dishes,0.0,0,50.0,0.0,35.0,23.748694,90.4132241,"Malibagh First Ln 125 3rd floor ,A4, 1217 Motijheel, Dhaka, Bangladesh",1217,https://foodpanda.com.bd/restaurant/gva0/foodie-dynasty
k47m,73477,Prince Restora - Khilgaon,,Dhaka,Khilgaon,0.21,Curry|Faluda,4.4,1213,50.0,0.0,35.0,23.7445422,90.42695808,"290/3/A, Khilgaon Railgate, Nahar Tower, (Under Ground), Dhaka-1219",1219,https://foodpanda.com.bd/restaurant/k47m/prince-restora-khilgaon-k47m
v9kr,77126,Khaabar Station,,Dhaka,Malibagh,0.29,Fast Food,0.0,0,50.0,0.0,35.0,23.748998,90.4123556,"মালিবাগ রেলগেট, ডি আই টি সড়ক 116/A 116/1, ১২১৬ মালিবাগ, ঢাকা, Bangladesh",১২১৬,https://foodpanda.com.bd/restaurant/v9kr/khaabar-station
jqo5,73625,Fry Bucket- Banasree -G,Fry Bucket,Dhaka,Banasree Block D,0.9,Chicken|Snacks|Meat|Western|Fried Chicken,4.9,543,50.0,0.0,35.0,23.75283613,90.44103797,"House : 7,R-12,Block-G,South Banasree",1219,https://foodpanda.com.bd/restaurant/jqo5/fry-bucket-banasree-g
ob39,78206,Flocka,,Dhaka,Malibagh,0.59,Curry|Rice Dishes|Burgers|Western|Fast Food,4.6,74,50.0,0.0,35.0,23.7451712,90.418575,"Malibagh, santibagh moga hazir goli 151",1216,https://foodpanda.com.bd/restaurant/ob39/flocka
uga4,82145,Adib kitchen,,Dhaka,Moghbazar,0.34,Snacks|Curry|Rice Dishes,0.0,0,50.0,0.0,35.0,23.74950242,90.41099006,"Boro Moghbazar, Dr Goli  ,flat # 7B 163  mugh bazar, doctor's lane Dhaka 1217, 1217 Mogbazar, Dhaka, Bangladesh",1217,https://foodpanda.com.bd/restaurant/uga4/adib-kitchen-uga4
b2vj,78011,MoMade,,Dhaka,Banasree Block A,0.41,Snacks|Rice Dishes,4.5,7,50.0,0.0,35.0,23.76711045,90.44282855,"Regional Passport Office, Dhaka East, 4no road, (40-42 house),1st floor, blk -F,aftabnagar, 1212 Badda, Dhaka, Bangladesh",1212,https://foodpanda.com.bd/restaurant/b2vj/momade
juf5,124496,DeliStop,,Dhaka,Malibagh,0.08,Healthy,4.6,6,50.0,0.0,35.0,23.7469933,90.4135487,"Salma Village, 1st Lane, 135/2, 1217 Malibag, Dhaka, Bangladesh",1217,https://foodpanda.com.bd/restaurant/juf5/delistop
mxe4,116345,Burger Stop,,Dhaka,Malibagh,0.08,Fast Food,4.2,52,50.0,0.0,35.0,23.7469933,90.4135487,"Salma Village, 135/2 , 1st lane, 1217 Malibag, Dhaka, Bangladesh",1217,https://foodpanda.com.bd/restaurant/mxe4/burger-stop
uagz,77852,Nowshin's Kitchen,,Dhaka,Banasree Block D,0.87,Curry|Bangladeshi|Asian,4.6,5,50.0,0.0,35.0,23.7526492,90.44192495,"ব্লক- এইচ , রোড নং- ৭/৫ Rajia Monjil, 2nd floor, 1219 Khilgaon, Dhaka, Bangladesh",1219,https://foodpanda.com.bd/restaurant/uagz/nowshins-kitchen-uagz
s6ty,6506,Jhal Ghor,,Dhaka,Basabo,0.35,Chicken|Snacks|Beverage|Meat|Burgers|Western,4.5,45,50.0,0.0,35.0,23.7438412,90.4295413,"217/1/A, Tilpapara Kalvart Road, Tilpapara, Khilgaon, Dhaka",1219,https://foodpanda.com.bd/restaurant/s6ty/jhal-ghor
gzfj,72998,CP Five Star -Madina Trade and Food Int-Banasree,CP Five Star,Dhaka,Banasree Block C,0.14,Chicken|Snacks|Meat|Fast Food,4.1,66,50.0,0.0,35.0,23.7597104,90.4443249,"H Block, Road :8, Opposite of Apex, besides Of Swapno, Banasree",1219,https://foodpanda.com.bd/restaurant/gzfj/cp-five-star-madina-trade-and-food-int-banasree
txmr,78071,Delulu Foodies,,Dhaka,Moghbazar,0.28,Curry|Rice Dishes|Dessert|Bangladeshi|Asian,0.0,0,50.0,0.0,35.0,23.7538009,90.407272,"Nayatola Rd Noyatola park, Shahnuri mazar, 1217 Mogbazar, Dhaka, Bangladesh",1217,https://foodpanda.com.bd/restaurant/txmr/delulu-foodies
y2vb,81151,JolChowki,,Dhaka,Banasree Block D,0.9,Snacks|Curry|Rice Dishes,0.0,0,50.0,0.0,35.0,23.752247,90.441992,"House-36, Road-7/3, Block-H, Flat-1st Floor,(left Side), South Banasree, Dhaka",1219,https://foodpanda.com.bd/restaurant/y2vb/jolchowki
t86i,115545,Swaader Ghor,,Dhaka,Basabo,0.36,Bangladeshi|Asian,4.8,371,50.0,0.0,35.0,23.74360195,90.4301855,"North basabo road number 10, 55/5/A groud floor, North basabo road number 10 , 55/5/A , 1A, 1214 Khilgaon, Dhaka, Bangladesh",1214,https://foodpanda.com.bd/restaurant/t86i/swaader-ghor
n8xk,77965,Fresh & Hot Live Bakery- Banasree Kazibari,,Dhaka,Banasree Block D,0.49,Snacks|Dessert|Bakery,4.9,26,50.0,0.0,35.0,23.755589,90.443828,"House -02 ,Road 03, Block - N Banasree,khilgaon,Dhaka-1219",1219,https://foodpanda.com.bd/restaurant/n8xk/fresh-and-hot-live-bakery-banasree-kazibari
ft7c,77764,Dadu's Diner,,Dhaka,Basabo,0.46,Rice Dishes|Beverage|Dessert,0.0,0,50.0,0.0,35.0,23.7436018,90.4315019,"55/7/9, 1219 Khilgaon, Dhaka, Bangladesh",1219,https://foodpanda.com.bd/restaurant/ft7c/dadus-diner
lw4t,77548,Homemade Haven,,Dhaka,Moghbazar,0.51,Curry|Rice Dishes,5.0,151,50.0,0.0,35.0,23.7553432,90.4056891,"Gabtola 666 666/2 jahabox lane mogbazar, 1217 মগবাজার, ঢাকা, Bangladesh",1217,https://foodpanda.com.bd/restaurant/lw4t/homemade-haven
nkol,82706,Bilashi Cafe,,Dhaka,Malibagh,0.06,Juice Corner|Beverage,0.0,0,50.0,0.0,35.0,23.745988,90.4129697,"Malibagh 1st Ln 73 Malibagh College rd dhaka, 1217 Motijheel, Dhaka, Bangladesh",1217,https://foodpanda.com.bd/restaurant/nkol/bilashi-cafe
cgem,76672,Ghorer Khabar,,Dhaka,Moghbazar,0.2,Snacks|Curry|Rice Dishes|Bangladeshi|Asian,4.7,124,50.0,0.0,35.0,23.7520821,90.4066599,"541 house peyarabag masjid moghbazar,  moghbazar, Dhaka, 1217 Mogbazar, Dhaka, Bangladesh",1217,https://foodpanda.com.bd/restaurant/cgem/ghorer-khabar-cgem
ig49,75476,Khan's Bakery,,Dhaka,Moghbazar,0.35,Snacks|Dessert|Bakery,3.5,11,50.0,0.0,35.0,23.752464,90.405203,Outer Circular Road Eskaton Road Mogbazar Dhaka-1217,1217,https://foodpanda.com.bd/restaurant/ig49/khans-bakery
z338,95895,100 Bites,,Dhaka,Banasree Block C,0.41,Bangladeshi|Asian,0.0,0,50.0,0.0,35.0,23.7641281,90.4466991,"Aftab Nagar, House 15, 1212 Badda, Dhaka, Bangladesh",1212,https://foodpanda.com.bd/restaurant/z338/100-bites
vy0s,70536,Hazi Kacchi Bari,,Dhaka,Basabo,0.11,Rice Dishes,4.2,249,50.0,0.0,35.0,23.74015523,90.42858765,"230, Moddho Basabo, Sabujbagh, Dhaka",1214,https://foodpanda.com.bd/restaurant/vy0s/hazi-kacchi-bari
j98u,78984,Sharmins  Kitchen,,Dhaka,Mugda,0.07,Curry,0.0,0,50.0,0.0,35.0,23.7399826,90.4373123,"108/5,Shanto Nir (GOLAM MOSTAFA), patwarigoli, dhaka 1214",1214,https://foodpanda.com.bd/restaurant/j98u/sharmins-kitchen-j98u
lirv,78918,Royals Restaurant,,Dhaka,Sabujbagh,0.33,Curry|Rice Dishes|Soups|Chinese|Asian,0.0,0,50.0,0.0,35.0,23.744942,90.4443284,"19 Nandipara , Chapakhana , 5 No club Road , Dhaka, Bangladesh",1219,https://foodpanda.com.bd/restaurant/lirv/royals-restaurant-lirv
rfpi,78110,Labonno's Kitchen,,Dhaka,Sabujbagh,0.07,Curry|Rice Dishes|Dessert|Bangladeshi|Asian,0.0,0,50.0,0.0,35.0,23.7420732,90.4420104,"166/12  Ramijuddin Tawar, Addarsho para, Madertek,  Basabo,Sabujbagh, Dhaka-1214",1214,https://foodpanda.com.bd/restaurant/rfpi/labonnos-kitchen-rfpi
f77o,77804,Deli Food Kitchen,,Dhaka,Banasree Block C,0.87,Bangladeshi|Asian,3.8,12,50.0,0.0,35.0,23.7657426,90.451324,"4, Jahurul Islam Avenue, House- 2, Avenue- 10, Block-G, Aftabnagar, Dhaka-1212",1212,https://foodpanda.com.bd/restaurant/f77o/deli-food-kitchen
e23t,82151,Shanaz Kitchen,,Dhaka,Banasree Block D,1.03,Turkish|Kebab|Curry|Rice Dishes|Middle Eastern|Bangladeshi|Asian,0.0,0,50.0,0.0,35.0,23.764254,90.4546501,"Taltola, 24, 1212 Badda, Dhaka, Bangladesh",1212,https://foodpanda.com.bd/restaurant/e23t/shanaz-kitchen
foy9,116664,Mun Afrin’s Tasty Delights,,Dhaka,Sabujbagh,0.46,Snacks|Rice Dishes|Italian|Mediterranean|Sandwiches|Pizza|Western|Bangladeshi|Asian|Fast Food,0.0,0,50.0,0.0,35.0,23.7420875,90.4469531,"Near HK, Baitul Jannat Zame Masjid, Dakshingaon 2 no road, Opposite side of Chairman bari, Bashabo, Dhaka, https://maps.app.goo.gl/iyubtccEFroBamKY7, 1214 Khilgaon, Dhaka, Bangladesh",1214,https://foodpanda.com.bd/restaurant/foy9/mun-afrins-tasty-delights
c9m6,77982,Taste Like Home,,Dhaka,Mugda,0.54,Snacks|Rice Dishes,0.0,0,50.0,0.0,35.0,23.7356281,90.4403432,"West Rajarbag, School Road 1214No, 1214 Manda, Dhaka, Bangladesh",1214,https://foodpanda.com.bd/restaurant/c9m6/taste-like-home-c9m6
nnk0,127368,Sadia’s Kitchen,,Dhaka,West Rampura,0.73,,0.0,0,50.0,0.0,35.0,23.7525486,90.4175227,"398/B, Flat - 10B",1219,https://foodpanda.com.bd/restaurant/nnk0
seif,89921,Purple Bite,,Dhaka,Malibagh,0.27,,0.0,0,50.0,0.0,35.0,23.74883055,90.41239494,"116 W Malibagh, W Malibagh 116, 1229 Malibag, Dhaka, Bangladesh",1229,https://foodpanda.com.bd/restaurant/seif/purple-bite
asyt,127838,Bashar Bhayer Tehari,,Dhaka,Moghbazar,0.33,,0.0,0,50.0,0.0,35.0,23.7543422,90.4077292,"538/2 Shah Shaheb Bari, Noyatola",1217,https://foodpanda.com.bd/restaurant/asyt/bashar-bhayer-tehari
sp5b,130530,Muktadur Kitchen Home,,Dhaka,West Rampura,0.69,,0.0,0,50.0,0.0,35.0,23.7632994,90.4179629,Rampura dhaka ulon rood shimulbag 305/1,1219,https://foodpanda.com.bd/restaurant/sp5b/muktadur-kitchen-home
dt9y,130524,Cloud Kitchen,,Dhaka,Mugda,0.11,,0.0,0,50.0,0.0,35.0,23.73946368,90.43708344,"Patwari Goli Chowrasta, 6/A",1214,https://foodpanda.com.bd/restaurant/dt9y
fdul,127359,Lucky Crab Vuna Seafood,,Dhaka,Khilgaon,0.24,,0.0,0,50.0,0.0,35.0,23.7458184,90.423722,"Uttar Shahjahanpur, Jahaj Building, Dhaka-1217, Bangladesh",1208,https://foodpanda.com.bd/restaurant/fdul/lucky-crab-vuna-seafood
q6sr,78060,Lazoma,,Dhaka,Rampura,0.17,Middle Eastern|Shawarma,0.0,0,50.0,0.0,35.0,23.761443,90.4265497,"Titash Road, ১৮৭/১A বাঘ মার্কা গলি  তিতাস রোড, বনশ্রী, 1219 Rampura, Dhaka, Bangladesh",1219,https://foodpanda.com.bd/restaurant/q6sr/lazoma
aa6g,82169,Eastern Juice Point,,Dhaka,Rampura,0.2,Juice Corner|Beverage,4.8,11,50.0,0.0,35.0,23.762495,90.426159,"Eastern housing , beside Takeout banasree branch, road-7, block -b , Titash road Banasree Dhaka, 1219",1219,https://foodpanda.com.bd/restaurant/aa6g/eastern-juice-point
oesp,78036,Petpurti,,Dhaka,Rampura,0.24,Snacks|Chinese|Asian|Dumpling,4.6,22,50.0,0.0,35.0,23.7611113,90.4273959,"পেটপূর্তি | Pet Purti, Titash Rd, 1219 Rampura, Dhaka, Bangladesh",1219,https://foodpanda.com.bd/restaurant/oesp/petpurti-oesp
msjy,85990,La Carte,,Dhaka,Rampura,0.31,Bangladeshi|Asian,0.0,0,50.0,0.0,35.0,23.7582378,90.4254798,"purano police fari ( near green garden laboring high school),East Rampura, 225/Kha, purano police fari, east rampura, 1219 Rampura, Dhaka, Bangladesh",1219,https://foodpanda.com.bd/restaurant/msjy/la-carte
wt7k,76867,The Seafood Station,,Dhaka,Rampura,0.36,Seafood,4.3,27,50.0,0.0,35.0,23.76312255,90.42227626,"TV Rd 3 335/kha/2, Dipon Villa, TV Road, Panir Pump er pichone, 1219 Rampura, Dhaka, Bangladesh",1219,https://foodpanda.com.bd/restaurant/wt7k/the-seafood-station
dls3,77502,Bionecter Juice bar,,Dhaka,East Rampura,0.31,Juice Corner|Beverage,3.0,6,50.0,0.0,35.0,23.7646094,90.4267083,House-1 Road-3 Block-B banasree,1219,https://foodpanda.com.bd/restaurant/dls3/bionecter-juice-bar
pal1,76577,EFC,,Dhaka,West Rampura,0.44,Rice Dishes|Italian|Pasta|Mediterranean|Burgers|Western|Fast Food,4.3,8,50.0,0.0,35.0,23.75700811,90.42572248,"27/15 B, Moulovhirtak (Beside of Baitul Mamur Jame Masjid) Rampura,Dhaka 1219.",1219,https://foodpanda.com.bd/restaurant/pal1/efc-pal1
ft2t,75828,Ruzba's Bakery,,Dhaka,Rampura,0.47,Snacks|Rice Dishes|Soups,4.2,24,50.0,0.0,35.0,23.75854365,90.42874695,"Nobinbag, Titas Gas Rd 264/6/FA, Titus road, Nobinbag, Banasree, Opposite of Police Park",1219,https://foodpanda.com.bd/restaurant/ft2t/ruzbas-bakery
e2gm,79053,Hazi Khacchi Bari,,Dhaka,Rampura,0.49,Rice Dishes,0.0,0,50.0,0.0,35.0,23.758973,90.429242,"Block C, House 1, Road 13 Avenue Road, Dhaka 1219",1219,https://foodpanda.com.bd/restaurant/e2gm/hazi-khacchi-bari
ua1z,77651,Bake Hurry Live,,Dhaka,Rampura,0.5,Snacks,4.7,128,50.0,0.0,35.0,23.7585376,90.4290624,"Bake Hurry Live, Ave 3 180/6/23, Road- 14, Block- C, Banasree, Dhaka-1219, 1219 Banasree, Dhaka, Bangladesh",1219,https://foodpanda.com.bd/restaurant/ua1z/bake-hurry-live
p11p,78185,Wood Fire - Banasree,,Dhaka,East Rampura,0.31,Turkish|Kebab|Snacks|Italian|Middle Eastern|Pasta|Mediterranean|Pizza|Western,4.9,160,50.0,0.0,35.0,23.76528337,90.42714527,"1, Road Number 1, House-1, Road Number-1, block-b, banasree rampura dhaka",1212,https://foodpanda.com.bd/restaurant/p11p/wood-fire-banasree
alh2,79086,Meghdot - Riverside Rooftop,,Dhaka,East Rampura,0.38,Juice Corner|Snacks|Beverage,0.0,0,50.0,0.0,35.0,23.7657388,90.4266516,"Meghdot( Riverside Rooftop ), bonasree  A block main road, 1219 Banasree, Dhaka, Bangladesh",1219,https://foodpanda.com.bd/restaurant/alh2/meghdot-riverside-rooftop
kqlv,77724,Big Q - Banasree,THE BIG Q,Dhaka,East Rampura,0.45,Burgers|Western|Fast Food,4.7,122,50.0,0.0,35.0,23.7661174,90.42611745,"House - 9, Agora Building, Block - A, Main Road, Banasree, Dhaka - 1219",1219,https://foodpanda.com.bd/restaurant/kqlv/big-q-banasree
mhp3,77722,Chicken Buzz - Banasree,Chicken Buzz,Dhaka,East Rampura,0.45,Chicken|Meat|Burgers|Western|Fast Food,4.9,1281,50.0,0.0,35.0,23.76614515,90.42614235,"House - 9, Agora Building, Block - A, Main Road, Banasree, Dhaka - 1219",1219,https://foodpanda.com.bd/restaurant/mhp3/chicken-buzz-banasree
bsl5,77741,Sultan's Dine - Banasree,Sultan's Dine (Kitchen),Dhaka,East Rampura,0.45,Rice Dishes|Indian|Biryani|Bangladeshi|Asian,4.1,754,50.0,0.0,35.0,23.7661494,90.4261599,"House - 9, Agora Building, Block - A, Main Road, Banasree, Dhaka - 1219",1219,https://foodpanda.com.bd/restaurant/bsl5/sultans-dine-banasree
nm56,76288,Uncle Bobo's - Banasree,Uncle Bobo's,Dhaka,East Rampura,0.45,Chicken|Meat|Fast Food,4.8,435,50.0,0.0,35.0,23.76615175,90.42615455,"House - 9, Agora Building, Block - A, Main Road, Banasree, Dhaka - 1219",1219,https://foodpanda.com.bd/restaurant/nm56/uncle-bobos-banasree
igyx,77328,Alif Biryani,,Dhaka,East Rampura,0.2,Rice Dishes|Indian|Biryani|Asian,3.3,54,50.0,0.0,35.0,23.7621136,90.4307376,House-2 Road-4 Block-D Banasree Dhaka-1219,1219,https://foodpanda.com.bd/restaurant/igyx/alif-biryani
hua8,78186,New Dhaka Kacchi Dine,,Dhaka,West Rampura,0.39,Rice Dishes,2.5,19,50.0,0.0,35.0,23.7607721,90.4191261,House-318 DIT Road East Rampura Dhaka-1219,1219,https://foodpanda.com.bd/restaurant/hua8/new-dhaka-kacchi-dine
klz8,79011,Chicken Hungry,,Dhaka,East Rampura,0.14,Snacks|Rice Dishes|Beverage|Fast Food,0.0,0,50.0,0.0,35.0,23.7630684,90.4307604,"H#34R#2, Block -C, Banasree Rampura",1219,https://foodpanda.com.bd/restaurant/klz8/chicken-hungry
u2b6,66860,Nirjas Juice & Coffee - Banasree,Nirjas Juice & Coffee,Dhaka,East Rampura,0.18,Juice Corner|Beverage|Cafe,4.8,6,50.0,0.0,35.0,23.762536,90.4309653,"House#01, Road#03, Block#D  Rampura Banasree, Dhaka 1219.",1219,https://foodpanda.com.bd/restaurant/u2b6/nirjas-juice-and-coffee-banasree
mxjh,82693,SIP,,Dhaka,East Rampura,0.16,Juice Corner|Beverage|Cafe,0.0,0,50.0,0.0,35.0,23.76309792,90.43098429,"House 35, Road No 2, Block C, C & D Avenue, Banasree, Dhaka - 1219",1219,https://foodpanda.com.bd/restaurant/mxjh/sip
j6rf,100698,KhaiDai,,Dhaka,West Rampura,0.25,Healthy,4.1,50,50.0,0.0,35.0,23.758318,90.4190258,"Chowdhury vila, 42/a east hazipara rampura dhaka-1219 Hazipara jame mosjid er age.Moni ladies tailors er building, 1219 Rampura, Dhaka, Bangladesh",1219,https://foodpanda.com.bd/restaurant/j6rf/khaidai-j6rf
vi31,125023,Instant Break,,Dhaka,West Rampura,0.38,Bangladeshi|Asian,0.0,0,50.0,0.0,35.0,23.7597894,90.4183391,"1219 Rampura, Dhaka, Bangladesh (Ground Flood)",1219,https://foodpanda.com.bd/restaurant/vi31/instant-break
rdpj,98175,Traditional Khana Pina,,Dhaka,West Rampura,0.24,Bangladeshi|Asian,0.0,0,50.0,0.0,35.0,23.756742,90.419581,"Khilgaon chowdhury para near matir mosjid, ৮২ গলি,House 179, Block B,Flat 1, 1219 Khilgaon, Dhaka, Bangladesh",1219,https://foodpanda.com.bd/restaurant/rdpj/traditional-khana-pina
g20i,80394,Bhat Dal Bhorta,,Dhaka,West Rampura,0.62,Snacks|Beverage,3.1,5,50.0,0.0,35.0,23.76218745,90.41752825,Rampura wabda road jahaj building er pichone 174/1,1219,https://foodpanda.com.bd/restaurant/g20i/bhat-dal-bhorta
b6x9,77662,COZY CUP,,Dhaka,East Rampura,0.53,Dessert|Doi,4.4,91,50.0,0.0,35.0,23.7678195,90.427237,"House -36 , Road -2 , Block -A , Aftabnagar, badda Dhaka",1212,https://foodpanda.com.bd/restaurant/b6x9/cozy-cup
c2lq,39496,Dhaka Biryani Ghor,Dhaka Biryani Ghor,Dhaka,East Rampura,0.54,Snacks|Indian|Biryani|Bangladeshi|Asian,3.1,233,50.0,0.0,35.0,23.768007,90.427658,"56, Road Number 3 Block A, house no- 56, road no- 3, block- A, Aftabnagar, near assunnna foundation",1212,https://foodpanda.com.bd/restaurant/c2lq/dhaka-biryani-ghor
ansu,75475,Umm Cafe - Banasree,,Dhaka,East Rampura,0.43,Snacks|Beverage,4.9,20,50.0,0.0,35.0,23.7617042,90.4332384,"House - 41, Road - 03, Block - D, Next Shop of Sunnah E Kacchi Banasree, Banasree, Dhaka - 1219",1219,https://foodpanda.com.bd/restaurant/ansu/umm-cafe-banasree
s5tn,2735,Ideal Restaurant,,Dhaka,East Rampura,0.75,Chicken|Sandwiches|Meat|Western|Asian,4.7,41,50.0,0.0,35.0,23.768632,90.424689,"plot 2 a ,  Aftabnagar Police Fari, Dhaka",1217,https://foodpanda.com.bd/restaurant/s5tn/ideal-restaurant
rr05,77968,Ideal Sweets & Bakery- Aftabnagar,Ideal Sweets & Bakery,Dhaka,East Rampura,0.75,Snacks|Sweets|Dessert,0.0,0,50.0,0.0,35.0,23.7686506,90.4246834,"Aftabnogor, Beside East west university, Dhaka",1212,https://foodpanda.com.bd/restaurant/rr05/ideal-sweets-and-bakery-aftabnagar
f5p3,77930,Pizza Siszza,,Dhaka,East Rampura,0.66,Italian|Mediterranean|Pizza|Western,0.0,0,50.0,0.0,35.0,23.76866515,90.42624195,"Aftabnagor, besides of east west university, Block A, dhaka",1212,https://foodpanda.com.bd/restaurant/f5p3/pizza-siszza
cup9,75938,Vhinno Ghar,,Dhaka,East Rampura,0.39,Snacks|Beverage,4.1,146,50.0,0.0,35.0,23.76686985,90.4305544,Aftabnagar Black B road 4 house  46 A1,1212,https://foodpanda.com.bd/restaurant/cup9/vhinno-ghar
xw3d,77327,Ayesha Siddiqa Rannaghor,,Dhaka,Rampura,0.88,Curry|Rice Dishes|Dessert|Bangladeshi|Asian,3.6,6,50.0,0.0,35.0,23.7677301,90.4205427,Hosue-156 Purbo Ulon Hatirjheel Rampura -1217,1217,https://foodpanda.com.bd/restaurant/xw3d/ayesha-siddiqa-rannaghor
wkiz,110069,Butter & Better,,Dhaka,West Rampura,0.71,Dessert,0.0,0,50.0,0.0,35.0,23.76248757,90.41647106,"Rampura wapda road, 158/2, 1219 Rampura, Dhaka, Bangladesh",1219,https://foodpanda.com.bd/restaurant/wkiz/butter-and-better
x6x8,77918,Gilo Cafe and Restaurant,,Dhaka,East Rampura,0.69,Snacks|Rice Dishes|Italian|Mediterranean|Pizza|Burgers|Western,0.0,0,50.0,0.0,35.0,23.7689581,90.4263262,"GILO Cafe and Restaurant, House/Flat # 1276BADDA, BADDA,Aftabnagar east west university r pichone, 1212 Badda, Dhaka, Bangladesh",1212,https://foodpanda.com.bd/restaurant/x6x8/gilo-cafe-and-restaurant
gfi3,76451,Kacchi Boithok,,Dhaka,East Rampura,0.83,Rice Dishes,3.9,271,50.0,0.0,35.0,23.7690082,90.4240217,"aftabnogor maingate , near footover bridge, merul badda, Infront of east west university, Dhaka",1212,https://foodpanda.com.bd/restaurant/gfi3/kacchi-boithok
ls9h,76309,Afghani Kabuliwala,,Dhaka,West Rampura,0.54,Rice Dishes,2.3,6,50.0,0.0,35.0,23.7569628,90.4162691,"Rupayan Khan Tower, E Hajipara 51 Opposite of Hajipara Petrol Pump. Rupayan Khan Tower, Flat D 5, 1219 Khilgaon, Dhaka, Bangladesh",1219,https://foodpanda.com.bd/restaurant/ls9h/afghani-kabuliwala
jqbn,75857,GB Express - Khilgaon,,Dhaka,West Rampura,0.59,Turkish|Kebab|Chicken|Middle Eastern|Meat|Burgers|Western|Fast Food,4.2,43,50.0,0.0,35.0,23.75266085,90.42127339,"382/B khilkaon taltola, chowdhory para",1219,https://foodpanda.com.bd/restaurant/jqbn/gb-express-khilgaon
s1qg,1951,Cafe Green Apple Restaurant,Big Apple,Dhaka,West Rampura,0.67,Steak|Italian|Mediterranean|Pizza|Meat|Western,4.4,1785,50.0,0.0,35.0,23.7521522,90.4230061,"House No. 373/B, Shahid Baki Road, Khilgaon Taltola, Dhaka",1219,https://foodpanda.com.bd/restaurant/s1qg/cafe-green-apple-restaurant
lbqv,76353,Kebabistan,,Dhaka,West Rampura,0.62,Turkish|Kebab|Middle Eastern,4.9,438,50.0,0.0,35.0,23.7524441,90.4216884,"434, 1219 Taltola Rd, Dhaka",1219,https://foodpanda.com.bd/restaurant/lbqv/kebabistan-lbqv
ogbw,76474,Tehari Ghor,,Dhaka,Taltola Khilgaon,0.65,Rice Dishes|Bangladeshi|Asian,4.3,27,50.0,0.0,35.0,23.7513476,90.42528301,"Shop - 12, 19, House - Jha 13-14, Batayon Palace Shopping Complex, Block - A, Khilgaon Taltola, Khilgaon",1219,https://foodpanda.com.bd/restaurant/ogbw/tehari-ghor-ogbw
t65i,125530,NestDine,,Dhaka,West Rampura,0.64,Fast Food,0.0,0,50.0,0.0,35.0,23.75291581,90.41865334,"1219 Khilgaon, Dhaka, Bangladesh",1219,https://foodpanda.com.bd/restaurant/t65i
u8w5,76548,Smokey Live Pizza,,Dhaka,West Rampura,0.68,Italian|Mediterranean|Pizza|Western,4.8,29,50.0,0.0,35.0,23.7525474,90.4184565,"Plot - 394/B, Opposite of BRAC BANk & Pallima Sangsad Schoo, Near Cafe 3, Shahid Baki Road, Khilgaon, Dhaka - 1219",1219,https://foodpanda.com.bd/restaurant/u8w5/smokey-live-pizza
gobn,76155,Cafe 3,,Dhaka,West Rampura,0.68,Turkish|Kebab|Italian|Middle Eastern|Mediterranean|Pizza|Western,4.5,29,50.0,0.0,35.0,23.75252916,90.41846423,"In Front of Cafe 3, Plot - 394/B, Shahid Baki Road, Malibag Chowdhurypara, (Pallima School Opposite Side), Khilgaon, Dhaka - 1219",1219,https://foodpanda.com.bd/restaurant/gobn/cafe-3-gobn
bni7,79164,Kabri Bengali Cuisine,,Dhaka,West Rampura,0.72,Snacks|Curry,4.6,311,50.0,0.0,35.0,23.75189245,90.41922545,"Pallima Sangsad, Shahid Baki Rd 841 412/C, khilgaon,  in front of the 3rd gate of Pollima Sangsad, 1219 Khilgaon, Dhaka, Bangladesh",1219,https://foodpanda.com.bd/restaurant/bni7/kabri-bengali-cuisine
q1vb,71755,Greens & Seeds - Khilgaon,Greens & Seeds,Dhaka,West Rampura,0.7,Fast Food,4.3,341,50.0,0.0,35.0,23.75241345,90.4182714,"582/C, Khilgaon Chowdhury Para, Shahid Baki Sarak, Khilgaon, Dhaka - 1219",1219,https://foodpanda.com.bd/restaurant/q1vb/greens-and-seeds-khilgaon
u003,77835,DC Prime Cuisine & Restaurant,,Dhaka,West Rampura,0.73,Turkish|Kebab|Curry|Rice Dishes|Middle Eastern,4.0,16,50.0,0.0,35.0,23.7522345,90.4181255,"582/C, Malibagh Chowdhury Para, Shahid Baki Road, Khilgaon, Dhaka - 1219",1219,https://foodpanda.com.bd/restaurant/u003/dc-prime-cuisine-and-restaurant
hhln,77656,Krispy Kitchen,,Dhaka,West Rampura,0.74,Snacks|Rice Dishes|Beverage,2.7,16,50.0,0.0,35.0,23.752344,90.41765365,"586/C Shahid Baki Rd, Khilgaon, Dhaka - 1219",1219,https://foodpanda.com.bd/restaurant/hhln/krispy-kitchen
pbiw,75925,Rice and More,,Dhaka,Taltola Khilgaon,0.32,Snacks|Rice Dishes|Beverage|Bangladeshi|Asian,1.5,5,50.0,0.0,35.0,23.7507373,90.4296116,"N Goran Rd 280 Sipahibag club more, 1219 Khilgaon, Dhaka, Bangladesh",1219,https://foodpanda.com.bd/restaurant/pbiw/rice-and-more-pbiw
cxyh,77880,Momo Box,,Dhaka,Khilgaon,0.61,Beverage|Chinese|Asian|Dumpling,2.1,10,50.0,0.0,35.0,23.749423,90.42440115,"Khilgaon Khilgaon new Colony, 1219/-- 1/7, 1219 Khilgaon, Dhaka, Bangladesh",1219,https://foodpanda.com.bd/restaurant/cxyh/momo-box-cxyh
mls9,69217,Pure Dairy Farm Sweets and Bakery - Khilgaon,Pure Dairy Farm Sweets & Bakery - Mugda,Dhaka,Taltola Khilgaon,0.46,Sweets|Dessert,4.3,55,50.0,0.0,35.0,23.7493991,90.4262858,House-1409/A Khilgaon Chowrasta Khilgaon Dhaka-1219,1219,https://foodpanda.com.bd/restaurant/mls9/pure-dairy-farm-sweets-and-bakery-khilgaon
sxuv,88978,Rannar Jadu,,Dhaka,Taltola Khilgaon,0.29,Bangladeshi|Asian,0.0,0,50.0,0.0,35.0,23.7496074,90.4282237,"735/A cumilla hotel, khilgaon chourasta,dhaka",1219,https://foodpanda.com.bd/restaurant/sxuv/rannar-jadu
gmyq,81001,D'Crave,,Dhaka,Taltola Khilgaon,0.38,Turkish|Kebab|Snacks|Curry|Rice Dishes|Italian|Middle Eastern|Mediterranean|Pizza|Burgers|Western,3.0,97,50.0,0.0,35.0,23.7491667,90.4269778,"D’Crave, Khilgaon Ekota sorok 823/A, 1219 Khilgaon, Dhaka, Bangladesh",1219,https://foodpanda.com.bd/restaurant/gmyq/dcrave-gmyq
zw6q,121754,Live Kitchen,,Dhaka,Moghbazar,0.72,Bangladeshi|Asian,0.0,0,50.0,0.0,35.0,23.7527405,90.4154911,"Jai Somoy, 72/B, 1219 Malibag, Dhaka, Bangladesh",1219,https://foodpanda.com.bd/restaurant/zw6q
jiep,54766,Kureghor Kabab & Restaurant,Kureghor kabab (Main Brunch),Dhaka,Banasree Block A,0.4,Turkish|Kebab|Curry|Middle Eastern|Beverage,4.0,319,50.0,0.0,35.0,23.76182577,90.43852574,"House - 33, Road - 2, Block - F, Banasree",1219,https://foodpanda.com.bd/restaurant/jiep/kureghor-kabab-and-restaurant
wqr5,75904,Marsal Aquarium Restaurant,,Dhaka,Taltola Khilgaon,0.32,Snacks|Chinese|Asian|Fast Food,4.3,45,50.0,0.0,35.0,23.7499592,90.43280915,"Goran,  Khilgaw goran nobabi mor  198/b 2nd floor, 1219 Khilgaon, Dhaka, Bangladesh",1219,https://foodpanda.com.bd/restaurant/wqr5/marsal-aquarium-restaurant
nqaa,76635,Laboni's Kitchen,,Dhaka,Moghbazar,0.53,Snacks|Dessert,4.6,11,50.0,0.0,35.0,23.7547871,90.4122604,"E Nayatola Rd 25/C 3rd Floor, 1217 Mogbazar, Dhaka, Bangladesh",1217,https://foodpanda.com.bd/restaurant/nqaa/labonis-kitchen-nqaa
pjkn,59048,Bismillah Fast Food,,Dhaka,Khilgaon,0.63,Chotpoti & Fuchka|Bangladeshi|Asian,4.4,46,50.0,0.0,35.0,23.7481438,90.4207699,Shahjahanpur Jhilpar saifuliya Marke,1219,https://foodpanda.com.bd/restaurant/pjkn/bismillah-fast-food-pjkn
mf9a,124429,Modhubag Biryani and Kabab Station,,Dhaka,Moghbazar,0.68,Turkish|Kebab|Middle Eastern,3.7,8,50.0,0.0,35.0,23.75725236,90.41090209,"Modhubag Biryani and Kabab Station, 355, Hazi Tower Goli, Modhubag, Hatirjheel, 1217 Mogbazar, Dhaka, Bangladesh",1217,https://foodpanda.com.bd/restaurant/mf9a/modhubag-biryani-and-kabab-station
riqy,75983,Hungry Inn,,Dhaka,Taltola Khilgaon,0.25,Snacks|Italian|Beverage|Mediterranean|Pizza|Western,0.0,0,50.0,0.0,35.0,23.7477003,90.4280425,"568/A Ekata Sharok, Road No. 14 Tilpapara, Khilgaon Dhaka-1219.",1219,https://foodpanda.com.bd/restaurant/riqy/hungry-inn
ni2q,77414,Afghani Sea Food and Kebab House,,Dhaka,Taltola Khilgaon,0.14,Turkish|Kebab|Middle Eastern|Seafood,4.4,51,50.0,0.0,35.0,23.74756715,90.4292256,"তিলপাপাড়া সড়ক 16 107/1 rode 16 tilpapara,Khilgaon, 1219 খিলগাঁও, ঢাকা, Bangladesh",1219,https://foodpanda.com.bd/restaurant/ni2q/afghani-sea-food-and-kebab-house
tbbe,77555,Nowrin's Kitchen,,Dhaka,Khilgaon,0.34,Rice Dishes|Beverage|Bangladeshi|Asian,0.0,0,50.0,0.0,35.0,23.7469669,90.4242167,272/F north Shahjahanpur khilgaon bagicha bridge,1219,https://foodpanda.com.bd/restaurant/tbbe/nowrins-kitchen-tbbe
gx68,79025,Khushbu Biryani Kutir,,Dhaka,Taltola Khilgaon,0.05,Rice Dishes|Indian|Biryani|Asian,4.4,22,50.0,0.0,35.0,23.74756298,90.43026951,House-1048 Harvanga More Khilgaon Dhaka-1219,1219,https://foodpanda.com.bd/restaurant/gx68/khushbu-biryani-kutir
y8wm,77542,Sara Kitchen,Tasfia Kitchen,Dhaka,Khilgaon,0.3,Curry|Rice Dishes|Bangladeshi|Asian,4.3,140,50.0,0.0,35.0,23.7466546,90.4242935,"272/F Shahjahanpur,Dhaka",1217,https://foodpanda.com.bd/restaurant/y8wm/sara-kitchen-y8wm
ia7r,69787,Western Valley Cafe & Restaurant,,Dhaka,Banasree Block C,0.44,Snacks|Italian|Mediterranean|Pizza|Western|Fast Food,0.0,0,50.0,0.0,35.0,23.7581788,90.4415247,"House - 01, Road - 11, Block - L,  Opposite of 10 Tola Building, South Banasree, Dhaka - 1219",1219,https://foodpanda.com.bd/restaurant/ia7r/western-valley-cafe-and-restaurant
aksf,77200,Rafan's Mom Kitchen,,Dhaka,Taltola Khilgaon,0.88,Snacks|Curry|Rice Dishes,4.6,28,50.0,0.0,35.0,23.7514882,90.4382911,"60 house , Block F , 10/1 no road dokkhin banasree",1219,https://foodpanda.com.bd/restaurant/aksf/rafans-mom-kitchen
sni7,76633,FLASH Kitchen,,Dhaka,Khilgaon,0.36,Italian|Pasta|Mediterranean|Western,4.1,13,50.0,0.0,35.0,23.7457587,90.4220349,331 North Shahjahan Pur Dhaka-1217,1217,https://foodpanda.com.bd/restaurant/sni7/flash-kitchen
qzxr,76621,JK Noor's Kitchen,,Dhaka,Taltola Khilgaon,1.0,Snacks|Curry,4.2,37,50.0,0.0,35.0,23.7522372,90.4391933,"Road No. -9/7, House - 76 , Block - G, Dhokkhin Banesree , Rampura, Dhaka",1206,https://foodpanda.com.bd/restaurant/qzxr/jk-noors-kitchen
zdmn,78885,Brother’s Kitchen,,Dhaka,Malibagh,0.3,Curry|Bangladeshi|Asian,4.5,9,50.0,0.0,35.0,23.749053,90.413905,176 Malibagh Bazar Rd,1000,https://foodpanda.com.bd/restaurant/zdmn/brothers-kitchen-zdmn
l05f,78976,Touaam,,Dhaka,Banasree Block D,0.55,Chicken|Snacks|Beverage|Meat|Fried Chicken,0.0,0,50.0,0.0,35.0,23.75671908,90.44149076,"House - 360, Road - 14, Block - K, Opposite of Mamun Biriyani House, South Banasree, Dhaka - 1219",1219,https://foodpanda.com.bd/restaurant/l05f/touaam
yri0,76767,OverLoaded,,Dhaka,Khilgaon,0.3,Italian|Pasta|Mediterranean|Pizza|Burgers|Western|Fast Food,2.9,85,50.0,0.0,35.0,23.7454394,90.4225152,"357,North Shajahanpur, Bhuyain Tower (Lift-3), Dhaka - 1217, Bangladesh",1217,https://foodpanda.com.bd/restaurant/yri0/overloaded
zbip,75679,Rice N Curry Kitchen,,Dhaka,Khilgaon,0.22,Curry|Rice Dishes|Beverage|Bangladeshi|Asian,4.7,98,50.0,0.0,35.0,23.74531,90.4233832,"430/3, Uttor Shahjahanpur, Amtola Mosjider Golli, Dip Shikha School er Golli, Dhaka- 1217.",1217,https://foodpanda.com.bd/restaurant/zbip/rice-n-curry-kitchen
yylg,77849,Pizza Napoli,,Dhaka,Banasree Block C,0.35,Snacks|Italian|Mediterranean|Pizza|Western,4.5,11,50.0,0.0,35.0,23.75865075,90.4421743,"South Banasree, khilgaon thanda , Block-L House no-8, Road-9 , Dhaka -1219 Banasree, Dhaka, Bangladesh",Dhaka -1219,https://foodpanda.com.bd/restaurant/yylg/pizza-napoli-yylg
pkd3,77866,Harry Petuk,,Dhaka,Banasree Block D,0.49,Snacks|Fast Food,0.0,0,50.0,0.0,35.0,23.75715059,90.44188227,"Road-13, Block-L, South Banasree , Dhaka - 1219 ( Near Eastern Banabithi
Shopping Complex)",১২১৮,https://foodpanda.com.bd/restaurant/pkd3/harry-petuk
ir9v,76308,Tususru's Kitchen,,Dhaka,Khilgaon,0.38,Curry|Bangladeshi|Asian,4.8,311,50.0,0.0,35.0,23.7450946,90.4214444,"400/1 North Shahjahanpur, (Near Dipshikha school)., 1217 Khilgaon, Dhaka, Bangladesh",1217,https://foodpanda.com.bd/restaurant/ir9v/tususrus-kitchen
lnba,77195,New Bismillah Biryani and Kabab House,,Dhaka,Khilgaon,0.1,Curry|Rice Dishes,2.8,31,50.0,0.0,35.0,23.74440822,90.42586841,"187, North Shahajadpur, Dhaka",1217,https://foodpanda.com.bd/restaurant/lnba/new-bismillah-biryani-and-kabab-house
qz10,82897,Tiny Treats,,Dhaka,Moghbazar,0.59,Cakes,2.5,9,50.0,0.0,35.0,23.7567262,90.4073323,"Ambagan bazar mur., 257/D, Ambagan bazarmur,  Noyatola. (Ambagan mur-er rikshawar garrage-er pichone,  vater hoteler sathe golir prothom buiding-er niche dariye call dilei hobe.), 1217 Mogbazar, Dhaka, Bangladesh",1217,https://foodpanda.com.bd/restaurant/qz10/tiny-treats
ifmg,77808,Food Squad,,Dhaka,Banasree Block A,0.27,Snacks|Beverage|Burgers|Western,3.2,5,50.0,0.0,35.0,23.7657761,90.442965,"Road 1, Sector 2, Block F, House 31, Johirul Islam City, Aftab nagar Rampura 1211., 1211 Rampura, Dhaka, Bangladesh",1211,https://foodpanda.com.bd/restaurant/ifmg/food-squad-ifmg
uvvi,78270,Cooked By Asma,,Dhaka,Taltola Khilgaon,0.69,Curry,3.6,32,50.0,0.0,35.0,23.74809446,90.43730398,"house no#309,road no#10,(usha garments er goli), east goran,khilgaon, dhaka-1219 Near by Bhuyan Fashion, Dhaka, Bangladesh",1219,https://foodpanda.com.bd/restaurant/uvvi/cooked-by-asma
mw8b,77330,Cafe Boyati - Kabab & Sea Food,,Dhaka,Banasree Block D,0.99,Turkish|Kebab|Middle Eastern|Beverage,4.6,200,50.0,0.0,35.0,23.75189825,90.44102695,"South Banasree Central Jame Masjid, Rd No-12 House 79, Block - B, 1219 Khilgaon, Dhaka, Bangladesh",1219,https://foodpanda.com.bd/restaurant/mw8b/cafe-boyati-kabab-and-sea-food
mi0f,79056,Sabina's Kitchen,,Dhaka,Banasree Block D,0.57,Curry|Rice Dishes|Bangladeshi|Asian,0.0,0,50.0,0.0,35.0,23.7552853,90.4428044,"South banasree, 18/218/B, 1219 Banasree, Dhaka, Bangladesh",1219,https://foodpanda.com.bd/restaurant/mi0f/sabinas-kitchen-mi0f
qwjr,76448,Le Delicia - Banasree,LE DELICIA,Dhaka,Banasree Block D,0.22,Dessert|Doi,4.9,177,50.0,0.0,35.0,23.758592,90.4440736,"Plot: M-2, Road No-8, Block-L, South Banasree, Dhaka-1219",1219,https://foodpanda.com.bd/restaurant/qwjr/le-delicia-banasree
nkm1,106746,Evergreen Food Zone,,Dhaka,Taltola Khilgaon,0.44,Italian|Pasta|Mediterranean|Western,0.0,0,50.0,0.0,35.0,23.74477156,90.4330354,"House# 322/1/B, (Floor: D-4) Road 7, South Goran, Shantipur, 1219 Khilgaon, Dhaka, Bangladesh",1219,https://foodpanda.com.bd/restaurant/nkm1/evergreen-food-zone
g98r,77998,The Bridge Restaurant,,Dhaka,Banasree Block C,0.04,Chicken|Italian|Pasta|Beverage|Mediterranean|Pizza|Meat|Burgers|Western|Fast Food,0.0,0,50.0,0.0,35.0,23.7606243,90.4444705,"1st floor, House: 2, Road: 3, Block J, Banasree, Meradia bazar",1219,https://foodpanda.com.bd/restaurant/g98r/the-bridge-restaurant
d0fy,122870,Hungry Max,,Dhaka,Malibagh,0.08,Fast Food,0.0,0,50.0,0.0,35.0,23.74636042,90.41376094,"147, malibagh, 1217 Malibag, Dhaka, Bangladesh",1217,https://foodpanda.com.bd/restaurant/d0fy
fvv4,77294,The Fuchka & Chotpoti House,,Dhaka,Sabujbagh,0.69,Chotpoti & Fuchka|Bangladeshi|Asian,3.1,15,50.0,0.0,35.0,23.74779855,90.43899449,"316/2/B,East Goran,Road No-10,Khilgaon, Dhaka-1219, 1219 Goran, Dhaka, Bangladesh",1219,https://foodpanda.com.bd/restaurant/fvv4/the-fuchka-and-chotpoti-house
v6u9,76333,Aht Hungry,,Dhaka,Basabo,0.37,Italian|Mediterranean|Pizza|Western,0.0,0,50.0,0.0,35.0,23.743299,90.4306349,"35B/1/1 north basabo, 1214 Khilgaon, Dhaka, Bangladesh Near by Aponar Dokan, North Basabo Road# 10, Dhaka, Bangladesh",1214,https://foodpanda.com.bd/restaurant/v6u9/aht-hungry
qn7p,78026,Spicy Kitchen,,Dhaka,Banasree Block A,0.35,Curry|Rice Dishes,0.0,0,50.0,0.0,35.0,23.7644193,90.4453265,"Tanin Beauty parlour, Aftab Nagar Main Rd, ১২১৯, BD",1212,https://foodpanda.com.bd/restaurant/qn7p/spicy-kitchen-qn7p
xl6d,78119,Ghrill & Thrill,,Dhaka,Banasree Block A,0.49,Turkish|Kebab|Middle Eastern,0.0,0,50.0,0.0,35.0,23.7670942,90.4448467,"ADDAR MORE (আড্ডার মোড়), N - S Rd 47c, 1212 Badda, Dhaka, Bangladesh",1212,https://foodpanda.com.bd/restaurant/xl6d/ghrill-and-thrill
m183,81459,Gram Bangla Bhorta Bhat Restaurant,,Dhaka,Moghbazar,0.19,Bangladeshi|Asian,0.0,0,50.0,0.0,35.0,23.75170984,90.40666973,"Mogbazar Pyarabag  Jama Masjid-537 মগবাজার পেয়ারাবাগ জামে মসজিদ বাসা-৫৩৭, 1217 Mogbazar, Dhaka, Bangladesh",1217,https://foodpanda.com.bd/restaurant/m183/gram-bangla-bhorta-bhat-restaurant
xa7x,75467,Cha With Ta - Mogbazar,Cha with Ta,Dhaka,Moghbazar,0.31,Snacks|Beverage|Burgers|Western,3.3,10,50.0,0.0,35.0,23.7529893,90.4059337,"""681 (Noor Bhaban) Boro moghbazar 
(Near red crescent society)""",1217,https://foodpanda.com.bd/restaurant/xa7x/cha-with-ta-mogbazar
yqq3,78266,Khokon Food Corner,,Dhaka,Mugda,0.56,Snacks|Rice Dishes|Beverage|Cafe,4.9,68,50.0,0.0,35.0,23.7435673,90.4341517,"333/D/A, Hawai Goli (Opposite of Hawai Chuck), South Goran, Khilgao",1219,https://foodpanda.com.bd/restaurant/yqq3/khokon-food-corner
q1bj,98220,Shadey Sondha,,Dhaka,Mugda,0.55,Fast Food,3.3,15,50.0,0.0,35.0,23.7435239,90.4341517,"Howai Goli, House no 333/D/A, 1219 Goran, Dhaka, Bangladesh",1219,https://foodpanda.com.bd/restaurant/q1bj/shadey-sondha
gpyi,76709,Shakeholic P,,Dhaka,Moghbazar,0.29,Juice Corner|Beverage|Fast Food,2.2,16,50.0,0.0,35.0,23.7488662,90.4084796,Hose-27 Grand Plaza shopping mall Mogbazar Dhaka-1217,1217,https://foodpanda.com.bd/restaurant/gpyi/shakeholic-p
pmoy,50013,Hawai Kebab,,Dhaka,Mugda,0.54,Turkish|Kebab|Snacks|Middle Eastern,2.6,12,50.0,0.0,35.0,23.743287,90.4341495,"House - - 334/6, Hawai Goli, Opposite of BD NAGA FOOD & JUICE, South Goran, Khilgaon, Dhaka - 1219",1219,https://foodpanda.com.bd/restaurant/pmoy/hawai-kebab
gcw0,78166,Seli's Homemade Food,,Dhaka,Sabujbagh,0.83,Curry,0.0,0,50.0,0.0,35.0,23.7499847,90.4430239,"6 Nandipara Rd, Nandipara Rd 6, 1202 Khilgaon, Dhaka, Bangladesh",1202,https://foodpanda.com.bd/restaurant/gcw0/selis-homemade-food
vpbn,77581,Meshwaal,,Dhaka,Mugda,0.5,Bangladeshi|Asian,4.2,83,50.0,0.0,35.0,23.74247775,90.43391895,"45 ,basaboo ছায়াবীথি মসজিদের পিছনের গলি, বি ব্লক, sobujbag thana ,",1219,https://foodpanda.com.bd/restaurant/vpbn/meshwaal
e3pa,76923,Afroza Kitchen,,Dhaka,Mugda,0.49,Rice Dishes,4.5,204,50.0,0.0,35.0,23.7423263,90.4338659,"basaboo chayaabithi b block , mosjid er piche madrashar sather bari, 1214 Goran, Dhaka, Bangladesh",1214,https://foodpanda.com.bd/restaurant/e3pa/afroza-kitchen-e3pa
zon3,78030,Best Kitchen,,Dhaka,Basabo,0.2,Curry|Rice Dishes|Bangladeshi|Asian,0.0,0,50.0,0.0,35.0,23.7408258,90.429914,"160 Central Basabo, Central Basabo 160, 1214 Khilgaon, Dhaka, Bangladesh",1214,https://foodpanda.com.bd/restaurant/zon3/best-kitchen-zon3
n6xd,76887,Shujon Vai Snacks Bar,,Dhaka,Basabo,0.1,Chicken|Beverage|Meat|Burgers|Western|Fast Food|Fried Chicken,0.0,0,50.0,0.0,35.0,23.7401545,90.4277188,"House - 221, North of Sabujbag Thana, Middle Bashabo, Khilgaon",1214,https://foodpanda.com.bd/restaurant/n6xd/shujon-vai-snacks-bar
c8uw,77296,Apurbo Hotel,,Dhaka,Moghbazar,0.39,Snacks|Curry|Rice Dishes|Bangladeshi|Asian,4.5,1019,50.0,0.0,35.0,23.74879395,90.40601711,"Apurbo Hotel, Jomidar Goli Ad din Hospital goli, 1217 Mogbazar, Dhaka, Bangladesh",1217,https://foodpanda.com.bd/restaurant/c8uw/apurbo-hotel
od0i,76716,Natural Dairy & Juice Mart,Natural Dairy & Juice Mart,Dhaka,Basabo,0.13,Juice Corner|Snacks|Beverage,4.9,9,50.0,0.0,35.0,23.73985208,90.42773457,"Basabo Moha sorok jame mosjid Market, Sobujbag, Dhaka",1219,https://foodpanda.com.bd/restaurant/od0i/natural-dairy-and-juice-mart
u3xt,19394,Aiba R Khaiba,,Dhaka,Sabujbagh,0.3,Snacks|Rice Dishes|Italian|Mediterranean|Pizza|Burgers|Western,2.1,33,50.0,0.0,35.0,23.7433221,90.4397126,"Holding no: 69, Madertek Chourasta, Sobujbag",1214,https://foodpanda.com.bd/restaurant/u3xt/aiba-r-khaiba
fqsq,81609,Daisy's Home Flavors,,Dhaka,Sabujbagh,0.33,Snacks|Curry|Rice Dishes,3.5,32,50.0,0.0,35.0,23.7430239,90.4393114,"Madartek Chowrasta, 74 Daisy's Home Flavor, 1214 Khilgaon, Dhaka, Bangladesh",1214,https://foodpanda.com.bd/restaurant/fqsq/daisys-home-flavors
ylvs,77777,Cooking Corner,,Dhaka,Mugda,0.06,Snacks|Curry|Rice Dishes,0.0,0,50.0,0.0,35.0,23.7405313,90.4377465,"119/1 East Bassabo, Patwari goli,Dhaka 1214",1214,https://foodpanda.com.bd/restaurant/ylvs/cooking-corner-ylvs
x4if,81514,Momos Kitchen House,,Dhaka,Basabo,0.44,Juice Corner|Beverage|Chinese|Asian|Dumpling,4.4,89,50.0,0.0,35.0,23.7380779,90.430978,Basabo Buddho Mondir Rd,1214,https://foodpanda.com.bd/restaurant/x4if/momos-kitchen-house
cn5v,127834,Farhana Cakes Lover,,Dhaka,Moghbazar,0.3,,0.0,0,50.0,0.0,35.0,23.7502476,90.4058531,273/1 Battar Goly Chuduri bila,1217,https://foodpanda.com.bd/restaurant/cn5v
wqqy,128217,J K Briyani Halal Khan Sustho Thakun,,Dhaka,Rampura,0.3,,0.0,0,50.0,0.0,35.0,23.75833659,90.42537365,মেরাদিয়া জামতলা কবরস্থান রোড খিলগাঁও ঢাকা,1000,https://foodpanda.com.bd/restaurant/wqqy/j-k-briyani-halal-khan-sustho-thakun
oxpa,128698,Elyza's Kitchen,,Dhaka,Taltola Khilgaon,0.22,,0.0,0,50.0,0.0,35.0,23.74951466,90.43186774,"369 North Goran, Adarshabag Rd.",1219,https://foodpanda.com.bd/restaurant/oxpa/elyzas-kitchen
ryxs,36457,Mithai - Hazipara,Mithai - Dhaka,Dhaka,West Rampura,0.38,Cakes|Snacks|Dessert|Doi,4.6,350,50.0,0.0,35.0,23.7582806,90.4177849,"68/A, East Hazipara, Rampura,Dhaka 1212",1212,https://foodpanda.com.bd/restaurant/ryxs/mithai-hazipara
xyfk,74949,Platter's Lab- Khilgaon,Platter's Lab,Dhaka,West Rampura,0.59,Beverage|Burgers|Western|Fast Food,0.0,0,50.0,0.0,35.0,23.7528513,90.419993,"tal-tola Road, back side of vut er adda restaurant (left sight), 426/B Chowdhury para, Dhaka-1219",1219,https://foodpanda.com.bd/restaurant/xyfk/platters-lab-khilgaon
thhq,74493,Reawazz,,Dhaka,Basabo,0.04,Snacks|Burgers|Western|Fast Food,0.0,0,50.0,0.0,35.0,23.7406261,90.4279617,"Sobujbag Thana Road, Sobujbag Thana Rd Basabo Sobujbag new thana road, 1214 Khilgaon, Dhaka, Bangladesh",1214,https://foodpanda.com.bd/restaurant/thhq/reawazz
o9jx,19033,Mithai - Banasree Block C,Mithai - Dhaka,Dhaka,East Rampura,0.16,Cakes|Dessert|Doi|Fast Food,4.5,355,50.0,0.0,35.0,23.763295,90.431064,"House No: 33, Road No: 01, Block-C, Banasree, Rampura",1219,https://foodpanda.com.bd/restaurant/o9jx/mithai-banasree-block-c-o9jx
p0gc,62355,Mithai - Banasree Block G,Mithai - Dhaka,Dhaka,Banasree Block A,0.43,Cakes|Snacks|Dessert|Doi,4.7,456,50.0,0.0,35.0,23.7612937,90.438515,"House No-1, Road-3,Block-G,Banasree,Khilgaon,Dhaka-1219",1219,https://foodpanda.com.bd/restaurant/p0gc/mithai-banasree-block-g
ksd0,68809,Shumi's Hot Cake - Banasree,Shumi's Hot Cake,Dhaka,East Rampura,0.25,Cakes|Dessert|Fast Food,4.9,664,50.0,0.0,35.0,23.7613543,90.43034015,"House-2, Road-6, Block-D, Banasree, Rampura, (Beside Global Ideal School & College) Dhaka-1219",1219,https://foodpanda.com.bd/restaurant/ksd0/shumis-hot-cake-banasree-ksd0
u42i,71706,Mithai- Banasree-J,Mithai - Dhaka,Dhaka,Banasree Block D,0.18,Cakes|Dessert|Doi|Fast Food,4.7,154,50.0,0.0,35.0,23.7592735,90.4442593,"Block-J ,Road-07, House-1,Banasree, Khilgaon,Dhaka",1219,https://foodpanda.com.bd/restaurant/u42i/mithai-banasree-j
kicr,68185,Domino’s Pizza - Shantinagar,Domino's Pizza,Dhaka,Kakrail,0.53,Italian|Mediterranean|Pizza|Western,4.7,723,0.0,39.0,30.0,23.7409925,90.4123616,“MOMOTER CHOWA” Starpath Holdings Ltd. 13 Shantinagar,1205,https://foodpanda.com.bd/restaurant/kicr/dominos-pizza-shantinagar
sava,72748,Sara Pizza- Khilgaon,Sara Pizza,Dhaka,Khilgaon,0.17,Italian|Mediterranean|Western,4.3,403,50.0,0.0,35.0,23.74466874,90.42655029,"90/4 A, niloy plaza, Atish Deepankar Rd, Dhaka 1219",1219,https://foodpanda.com.bd/restaurant/sava/sara-pizza-khilgaon
gy3s,68020,Mithai- Khilgaon 2,Mithai - Dhaka,Dhaka,Khilgaon,0.18,Cakes|Sweets|Dessert|Doi|Fast Food,4.5,155,50.0,0.0,35.0,23.7446165,90.4265923,"Niloy Plaza-324 & 325, Khilgaon Rail Gate, Dhaka-1219",1219,https://foodpanda.com.bd/restaurant/gy3s/mithai-khilgaon-2
fpzt,68804,Shumi's Hot Cake - Khilgaon,Shumi's Hot Cake,Dhaka,Taltola Khilgaon,0.4,Cakes|Dessert|Fast Food,4.9,583,50.0,0.0,35.0,23.7488494,90.426697,"401/A, Khilgaon, Dhaka.",1219,https://foodpanda.com.bd/restaurant/fpzt/shumis-hot-cake-khilgaon
zjkw,91808,Taste With Maisha,,Dhaka,Malibagh,0.24,Bangladeshi|Asian,0.0,0,50.0,0.0,35.0,23.7468638,90.4153081,"Malibag pabna coloni, 222/12/b/5th floor, 1217 Motijheel, Dhaka, Bangladesh",1217,https://foodpanda.com.bd/restaurant/zjkw/taste-with-maisha
nthn,78207,HUMAIRA'S Kitchen,,Dhaka,Shantinagar,0.57,Curry|Rice Dishes|Bangladeshi|Asian,4.2,6,50.0,0.0,35.0,23.7384212,90.4167528,115 shantinagar Rupayan Z A Tower Dhaka..(opposite of white house hotel),1217,https://foodpanda.com.bd/restaurant/nthn/humairas-kitchen-nthn
rb3q,79075,Breado,,Dhaka,Shantinagar,0.58,Juice Corner|Snacks|Beverage|Burgers|Western|Fast Food,0.0,0,50.0,0.0,35.0,23.7388144,90.4161907,"156 Shantinogor,  dhaka",1217,https://foodpanda.com.bd/restaurant/rb3q/breado
x48o,78189,KOYO,,Dhaka,Shantinagar,0.61,Sushi|Japanese|Chinese|Asian|Dumpling,4.5,232,50.0,0.0,35.0,23.73927555,90.41576025,"House - 158, Shantinagar Road, Shantinagar",1217,https://foodpanda.com.bd/restaurant/x48o/koyo
whyb,116854,Handi Mandi,,Dhaka,Malibagh,0.58,Asian,0.0,0,50.0,0.0,35.0,23.75030439,90.41695665,"Handi Mandi, 688/C, 1217 Malibag, Dhaka, Bangladesh",1217,https://foodpanda.com.bd/restaurant/whyb/handi-mandi
uqqy,66859,Nirjas Juice & Coffee - Basabo,Nirjas Juice & Coffee,Dhaka,Mugda,0.3,Juice Corner|Beverage,4.8,44,50.0,0.0,35.0,23.7411815,90.4352972,"PCRP+C3X, 1/gha middle Basabo, Arong Building, Dhaka 1214",1214,https://foodpanda.com.bd/restaurant/uqqy/nirjas-juice-and-coffee-basabo
npu6,100404,Haniam Mariya by Guest,,Dhaka,Malibagh,0.29,Bangladeshi|Asian|Khichuri,0.0,0,50.0,0.0,35.0,23.74399651,90.41391586,"Malibag More, Malibag More Opposite of CID, close to Kacchi Ghor, adjacent to traffic light, 1217 Malibag, Dhaka, Bangladesh",1217,https://foodpanda.com.bd/restaurant/npu6/haniam-mariya-by-guest
jlgz,77635,Shader Khaber,,Dhaka,Malibagh,0.5,Snacks,4.8,30,50.0,0.0,35.0,23.7420818,90.4141152,"Sundarban Courier Service, Chamelibagh, Chamelibag 1st Lane 15/4, chamalibag, shantinagar, Dhaka, 1217 Motijheel, Dhaka, Bangladesh",1217,https://foodpanda.com.bd/restaurant/jlgz/shader-khaber
cq5s,122025,Munshiana,,Dhaka,Motijheel,0.33,Bangladeshi|Asian,0.0,0,50.0,0.0,35.0,23.7358758,90.417949,"T&T Colony, G 4/3/2 Motijheel T&T colony mosjid gate ,fakirapul, 1223 Motijheel, Dhaka, Bangladesh",1223,https://foodpanda.com.bd/restaurant/cq5s/munshiana
v1e9,111969,KFC SUPER - Baily Road,,Dhaka,Malibagh,0.12,Western|American,0.0,0,50.0,0.0,35.0,23.74563716,90.41371293,"Malibhag Shahi Maszid, Malibhag Shahi Maszid, 1217 Bailey Road, Dhaka, Bangladesh",1217,https://foodpanda.com.bd/restaurant/v1e9/kfc-super-baily-road
pk6e,76750,Dreams Food BD,,Dhaka,Motijheel,0.23,Juice Corner|Italian|Western|Snacks|Curry|Rice Dishes|Pasta|Beverage|Mediterranean|Sandwiches|Burgers|Fast Food,0.0,0,50.0,0.0,0.0,23.7347368,90.4181617,"G-5/1/5,T&T Colony, Motijheel, Dhaka",1000,https://foodpanda.com.bd/restaurant/pk6e/dreams-food-bd
kcmu,81597,Tasty Treat-Kulsum Tower-Shantinagar,Tasty Treat,Dhaka,Malibagh,0.4,Cakes|Dessert|Fast Food,4.8,31,50.0,0.0,35.0,23.74287,90.41281,"Kulsum Tower, 40-41, Siddeshsari Circular Road, Shantinagar, Dhaka",1000,https://foodpanda.com.bd/restaurant/kcmu/tasty-treat-kulsum-tower-shantinagar
irxk,78210,Puro Pastry & Bakery – Shantinagar,Puro Pastry & Bakery - Dhaka,Dhaka,Kakrail,0.54,Cakes|Dessert|Fast Food,4.8,146,50.0,0.0,35.0,23.74077657,90.41309855,"42/A, Chamelibagh First Lane, Shantinagor, Dhaka South City Corporation, 1205",1217,https://foodpanda.com.bd/restaurant/irxk/puro-pastry-and-bakery-shantinagar
iyhb,78462,Bismillah Chotpoti House,,Dhaka,Malibagh,0.44,Chotpoti & Fuchka|Bangladeshi|Asian,2.6,14,50.0,0.0,35.0,23.7425796,90.4124017,"Opposite of twin tower,  Bailey road near easy showroom, Baily Road",1217,https://foodpanda.com.bd/restaurant/iyhb/bismillah-chotpoti-house-iyhb
xmxs,98223,Nazma’s Kitchen,,Dhaka,Kakrail,0.55,Bangladeshi|Asian,4.9,21,50.0,0.0,35.0,23.7410409,90.4127209,"SHANTINAGAR, 13 STARPATH HOLDING LTD(মমতার ছোয়া), 1217 ঢাকা, Bangladesh",1217,https://foodpanda.com.bd/restaurant/xmxs/nazmas-kitchen-xmxs
fyln,93027,Zaika e Nawab and Catering Service,,Dhaka,Motijheel,0.21,Asian,4.7,10,50.0,0.0,0.0,23.73476825,90.41634195,"37 Naya Paltan, Naya Paltan 37 Pubali Bank and Sonali Bank Fakirapool Brach Er Opposite Golir Vitor, 1000 Motijheel, Dhaka, Bangladesh",1000,https://foodpanda.com.bd/restaurant/fyln/zaika-e-nawab-and-catering-service
bars,77384,Doi Ghor,,Dhaka,Shantinagar,0.28,Dessert,4.5,7,50.0,0.0,35.0,23.7364668,90.4144061,"AR Khan trade center( basement)
40/1 Naya palton Dhaka",1000,https://foodpanda.com.bd/restaurant/bars/doi-ghor-bars
mjol,43176,Let's Eat Home Made Food,,Dhaka,Motijheel,0.12,Cakes|Dessert,0.0,0,50.0,0.0,0.0,23.73319649,90.41813573,"Plot - 268/1, Commissioner Lane, NearFakirapool Bazar Siddiqia Jame Masjid,   Fokirapool, Motijheel, Dhaka - 1000",1000,https://foodpanda.com.bd/restaurant/mjol/lets-eat-home-made-food
t2xp,6846,Shangri-La Inn Restaurant,,Dhaka,Shantinagar,0.26,Chicken|Snacks|Soups|Seafood|Meat|Chinese|Asian|Thai,4.7,118,50.0,0.0,0.0,23.73625198,90.41315362,"Plot - 30, Naya Paltan, VIP Road, 1st Floor, Dhaka - 1000",1000,https://foodpanda.com.bd/restaurant/t2xp/shangri-la-inn-restaurant
byw5,123974,Adila’s kitchen,,Dhaka,Malibagh,0.49,Bangladeshi|Asian,0.0,0,50.0,0.0,35.0,23.7427229,90.4104442,"Baily Ritz,Apartment, 1 No New Baily Road,Baily Ritz,J-4, 1217 Bailey Road, Dhaka, Bangladesh",1217,https://foodpanda.com.bd/restaurant/byw5/adilas-kitchen
cwf1,69321,Frenzzo,,Dhaka,Shantinagar,0.1,Snacks|Italian|Beverage|Mediterranean|Pizza|Western|Fast Food,4.4,82,50.0,0.0,0.0,23.7349249,90.41419465,House-15/1 Feni Super market  Naya Paltan Mosques Goli Paltan Dhaka-1100,1100,https://foodpanda.com.bd/restaurant/cwf1/frenzzo
a38i,77343,Ghuri Rooftop,,Dhaka,Kakrail,0.45,Turkish|Kebab|Curry|Rice Dishes|Italian|Middle Eastern|Pasta|Beverage|Mediterranean|Pizza|Western,4.6,42,50.0,0.0,35.0,23.740523,90.4107327,"Holdin No122, Lift 09, Mokka Eye Hospital, Bir Uttam Samsul Alam Road, Beside Habibullah Bahar University College,Dhaka 1205",1217,https://foodpanda.com.bd/restaurant/a38i/ghuri-rooftop
ecdi,119392,Spoonlight Restaurant,,Dhaka,Kakrail,0.21,Chinese|Asian,0.0,0,50.0,0.0,35.0,23.7365028,90.4125928,"35/A Purana Paltan Line, VIP Road, 1000 Paltan, Dhaka, Bangladesh",1000,https://foodpanda.com.bd/restaurant/ecdi/spoonlight-restaurant
bsfh,80965,Baily Waffle & Juice Bar,,Dhaka,Malibagh,0.57,Beverage|Dessert,0.0,0,50.0,0.0,35.0,23.7422239,90.4098767,"KFC Goli Baily Road, Natok Sharoni 10, 1217 Bailey Road, Dhaka, Bangladesh",1217,https://foodpanda.com.bd/restaurant/bsfh/baily-waffle-and-juice-bar
q3zy,78572,Fresh Food and Juice Bar 2,,Dhaka,Arambagh,0.08,Juice Corner|Snacks|Beverage|Dessert,2.0,8,50.0,0.0,0.0,23.7308082,90.4196718,House-8 Dallas Goli Arambagh DHaka-1000,1100,https://foodpanda.com.bd/restaurant/q3zy/fresh-food-and-juice-bar-2
haye,77943,Deshi Rannaghor,,Dhaka,Malibagh,0.43,Curry|Rice Dishes|Bangladeshi|Asian,0.0,0,50.0,0.0,35.0,23.74517855,90.40902795,"Pacific Hut, Khondokar goli, Siddheswari Rd 32 32,pacific hut,khondokar goli,Siddheswari road,Dhaka, 1217 Mogbazar, Dhaka, Bangladesh",1217,https://foodpanda.com.bd/restaurant/haye/deshi-rannaghor-haye
mtfg,80662,Kachari Bari Restaurant,,Dhaka,Kakrail,0.61,Turkish|Kebab|Curry|Rice Dishes|Middle Eastern|Beverage|Asian,4.7,39,50.0,0.0,35.0,23.7418201,90.40899815,"Kachari Bari Restaurant, New Bailey Road, 1000 Bailey Road, Dhaka, Bangladesh",1000,https://foodpanda.com.bd/restaurant/mtfg/kachari-bari-restaurant
va3r,117890,Nimbo,,Dhaka,Malibagh,0.44,Bangladeshi|Asian,3.8,5,50.0,0.0,35.0,23.745387,90.4088842,"House 34, Khondokar Goli, Bailey Road, 1206 Bailey Road, Dhaka, Bangladesh",1206,https://foodpanda.com.bd/restaurant/va3r/nimbo
mgcr,79181,Foodwala,,Dhaka,Motijheel,0.23,Burgers|Western|Fast Food,0.0,0,50.0,0.0,0.0,23.7316448,90.41526,"Infront Of Fulkoli, 167/01 DIT extension road, monir tower, Fookirapool, motijheel, Dhaka-1000",1000,https://foodpanda.com.bd/restaurant/mgcr/foodwala-mgcr
auf5,104529,Chotpoti and Fuska Villa,,Dhaka,Rampura,0.32,Bangladeshi|Asian,4.9,6,50.0,0.0,35.0,23.759422,90.4275712,"Safa Marwa, 180/6/4 Titash Road Bankloni East Rampura, Dhaka Shukriya House, 1219 Rampura, Dhaka, Bangladesh",1219,https://foodpanda.com.bd/restaurant/auf5/chotpoti-and-fuska-villa
e4l4,112879,ADi'S Spices,,Dhaka,Moghbazar,0.24,Snacks|Italian|Pasta|Mediterranean|Western,0.0,0,50.0,0.0,35.0,23.7493571,90.4089838,"Shahestha monjil, 32/3/A purbonoatola dhaka 1217 Blue gate, 1217 মগবাজার, ঢাকা, Bangladesh",1217,https://foodpanda.com.bd/restaurant/e4l4
p69y,77590,Shine Creations,,Dhaka,Kakrail,0.29,Snacks|Fast Food,0.0,0,50.0,0.0,35.0,23.73865884,90.40894786,"Bir Uttam Samsul Alam Road 89 90-kakrail,musafir tower,the building of agora, dhaka-1000, 1000 Motijheel, Dhaka, Bangladesh",1000,https://foodpanda.com.bd/restaurant/p69y/shine-creations
yivr,115337,Home Flavors Kitchen,,Dhaka,Banasree Block D,1.01,Curry|Bangladeshi|Asian,0.0,0,50.0,0.0,35.0,23.75313638,90.43898211,"House : 19 Road : 12/3 Block : J South Banasree Dhaka, 1219 খিলগাঁও, ঢাকা, Bangladesh",1219,https://foodpanda.com.bd/restaurant/yivr/home-flavors-kitchen
jpfd,78043,American Food,,Dhaka,Malibagh,0.62,Snacks,0.0,0,50.0,0.0,35.0,23.7437591,90.4076769,52 siddeshwari (Gazi Samsunnahar girls schoo & collage) (Near monoara hospital ),1217,https://foodpanda.com.bd/restaurant/jpfd/american-food-jpfd
hh1a,74798,Wingman,,Dhaka,Kakrail,0.63,Chicken|Meat,0.0,0,50.0,0.0,35.0,23.7416025,90.4077301,Baily road in front of Viquarunnessa,1217,https://foodpanda.com.bd/restaurant/hh1a/wingman-hh1a
tk3z,76698,Pizzafy - Bailyroad,Pizzafy - Bailyroad,Dhaka,Kakrail,0.7,Italian|Pasta|Mediterranean|Pizza|Burgers|Western,3.6,35,50.0,0.0,35.0,23.7421687,90.40751375,"Number-2, Natok Shoroni, Bailyroad",1217,https://foodpanda.com.bd/restaurant/tk3z/pizzafy-bailyroad
tjx1,76751,Bailey Star Fast Food,,Dhaka,Kakrail,0.68,Italian|Pasta|Beverage|Mediterranean|Chinese|Burgers|Western|Asian|Fast Food|Dumpling,4.2,83,50.0,0.0,35.0,23.7419984,90.407488,"Opposite of Girls Guide Assosiation, Rod Oven, Live Kitchen! Cafe, Baily Road, Dhaka",1205,https://foodpanda.com.bd/restaurant/tjx1/bailey-star-fast-food
c1kd,76059,Shapla Hotel and Restaura,,Dhaka,Fakirapool,0.08,Curry|Fish|Seafood|Bangladeshi|Asian,2.9,27,50.0,0.0,0.0,23.72828676,90.41766027,"Plot - 99, Karim Chamber, Near Mama Hotel & Restaurant, Back Side of Biman Bangladesh Office, Bokchottor, Motijheel C/A, Dhaka - 1000",1000,https://foodpanda.com.bd/restaurant/c1kd/shapla-hotel-and-restaura
ik62,77774,Philistin Biriyani,,Dhaka,Fakirapool,0.14,Indian|Biryani|Asian,5.0,5,50.0,0.0,0.0,23.7281029,90.4164754,"Plot - 115/116, Adamji Court, Near Bok Chottor & Biman Bangladesh Office, Motijheel, Dhaka - 1000",1000,https://foodpanda.com.bd/restaurant/ik62/philistin-biriyani
ia82,76234,CP five Star - Western Fried Chicken-Purana Polton,CP Five Star,Dhaka,Paltan,0.2,Chicken|Snacks|Meat|Fast Food,4.4,89,50.0,0.0,0.0,23.7308567,90.4118864,"55,Siddik Mansion,Shop no.-09,Purana polton,Dhaka-1000",1000,https://foodpanda.com.bd/restaurant/ia82/cp-five-star-western-fried-chicken-purana-polton
pyic,60752,Tehari Ghar - Paltan,Tehari Ghar,Dhaka,Paltan,0.2,Rice Dishes|Indian|Biryani|Bangladeshi|Asian,4.9,8249,50.0,0.0,0.0,23.7306211,90.41167495,"22/11,Housebuilding,Puran Paltan,Dhaka",1000,https://foodpanda.com.bd/restaurant/pyic/tehari-ghar-paltan
licl,75786,Saida's Kitchen,,Dhaka,Segunbagicha,0.21,Curry|Bangladeshi|Asian,4.7,103,50.0,0.0,0.0,23.73314045,90.4075208,"Nakshi Homes, Topkhana Road 1/A 6/1/A Shegunba,Nakshi Homes, flatt11B, 1000 Paltan, Dhaka, Bangladesh",1000,https://foodpanda.com.bd/restaurant/licl/saidas-kitchen
dbbo,75868,Easy Cheesy,,Dhaka,Segunbagicha,0.09,Italian|Mediterranean|Pizza|Western,4.9,16,50.0,0.0,0.0,23.73468875,90.40618445,"Bangladesh Shilpakala Academy, Segun Bagicha Rd 3 Concord segun bagicha, 1000 Bijoy Nagar, Dhaka, Bangladesh",1000,https://foodpanda.com.bd/restaurant/dbbo/easy-cheesy
mcef,102732,Homemade Cravings,,Dhaka,Moghbazar,0.6,Bangladeshi|Asian,0.0,0,50.0,0.0,35.0,23.7495748,90.4029828,"Surjomukhi, Eskaton garden Navy officer's quater flat no4B, 1217 Mogbazar, Dhaka, Bangladesh",1217,https://foodpanda.com.bd/restaurant/mcef/homemade-cravings-mcef
l87l,76978,Addiction,,Dhaka,Moghbazar,0.69,Snacks|Fast Food,4.4,5,50.0,0.0,35.0,23.7484556,90.4026411,"Ispahani Girls' School and College, New Eskaton Road 3 Ispahani girls school gate, moghbazar, 1217 Mogbazar, Dhaka, Bangladesh",1217,https://foodpanda.com.bd/restaurant/l87l/addiction-l87l
an97,76774,Abacus Canteen,,Dhaka,Shahbag,0.86,Curry|Rice Dishes|Bangladeshi|Asian,0.0,0,50.0,0.0,35.0,23.7446627,90.4012858,"Red Crescent Borak Tower, Eskaton Garden Rd 3 37/3/A, Eskaton Garden Brorak Tower Ramna Dhaka 1000, 1000 Mogbazar, Dhaka, Bangladesh",1000,https://foodpanda.com.bd/restaurant/an97/abacus-canteen
cijh,77174,Loaf & Layer,,Dhaka,Kawran Bazar,0.48,Sandwiches|Western,4.9,106,50.0,0.0,35.0,23.747886,90.3959896,"Biam Road, 45/2 new Eskaton, 4th floor  Flat no : 4A,oppisite of ppisite of Noor Nagar Jam-e-Mosque, haque shaheeb er basha, 1205 ঢাকা, Bangladesh",1205,https://foodpanda.com.bd/restaurant/cijh/loaf-and-layer
fs6a,128563,Ja Khushi Ta,,Dhaka,Kakrail,0.6,,0.0,0,50.0,0.0,35.0,23.74032033,90.41471606,"55/6,Chamelibag 3rd lane , Shanti Nogor Dhaka ,1217 Bangladesh",1217,https://foodpanda.com.bd/restaurant/fs6a/ja-khushi-ta
ljda,96178,Food Architect,,Dhaka,Shantinagar,0.55,,0.0,0,50.0,0.0,35.0,23.73875275,90.41558415,"118/2 Shantinagar Rd, Shantinagar Rd 118/2, 1217 Motijheel, Dhaka, Bangladesh",1217,https://foodpanda.com.bd/restaurant/ljda/food-architect
finj,126712,Tahsina's Homemade Food,,Dhaka,Motijheel,0.23,,3.1,5,50.0,0.0,35.0,23.73488955,90.4160606,"Apex shop/Pakhir goli, near Fakirapool mor, 38, Naya Paltan 7th floor, flat no: 701, Dhaka - 1000",1000,https://foodpanda.com.bd/restaurant/finj/tahsinas-homemade-food
oby4,78537,Mithai - Khilgaon Tilpapara,Mithai - Dhaka,Dhaka,Taltola Khilgaon,0.21,Cakes|Snacks|Sweets|Dessert|Doi,4.7,37,50.0,0.0,35.0,23.7477055,90.4284384,House -101/A Tilpapara Khilgaon Dhaka -1219,1207,https://foodpanda.com.bd/restaurant/oby4/mithai-khilgaon-tilpapara
l72j,81400,CP Five Star- Maisha Food Palace-Rampura,CP Five Star,Dhaka,West Rampura,0.5,Snacks|Chinese|Asian|Fast Food,4.6,106,50.0,0.0,35.0,23.76227335,90.419965,"365 East, Rampura",1219,https://foodpanda.com.bd/restaurant/l72j/cp-five-star-maisha-food-palace-rampura
dz5v,76660,Mithai- Mouchak Moor,Mithai - Dhaka,Dhaka,Malibagh,0.04,Cakes|Dessert|Doi|Fast Food,4.5,61,50.0,0.0,35.0,23.7463949,90.4125844,"72/2 Mouchak More Malibagh,Dhaka",1216,https://foodpanda.com.bd/restaurant/dz5v/mithai-mouchak-moor
sh4w,68799,Shumi's Hot Cake - Baily Road,Shumi's Hot Cake,Dhaka,Malibagh,0.56,Cakes|Dessert|Fast Food,4.9,1308,50.0,0.0,35.0,23.7418545,90.4107743,"Holding No 1, Baily Road, (Natok Sharani), Dhaka",1205,https://foodpanda.com.bd/restaurant/sh4w/shumis-hot-cake-baily-road
nxtg,68019,Sara Pizza - Mogbazar,Sara Pizza,Dhaka,Moghbazar,0.62,Snacks|Italian|Mediterranean|Pizza|Western,4.3,1195,50.0,0.0,35.0,23.74879895,90.4032161,"Razzak plaza, Mogbazar,chowrasta",1217,https://foodpanda.com.bd/restaurant/nxtg/sara-pizza-mogbazar
myu3,36455,Mithai - Mogbazar Wireless,Mithai - Dhaka,Dhaka,Moghbazar,0.21,Cakes|Dessert|Doi|Fast Food,4.0,356,50.0,0.0,35.0,23.7496575,90.4083849,"Plot No-205 Road-05,Boro Mogbazar Warles,Dhaka-1217",1217,https://foodpanda.com.bd/restaurant/myu3/mithai-mogbazar-wireless
gvgo,68826,Shumi's Hot Cake - Rampura,Shumi's Hot Cake,Dhaka,West Rampura,0.61,Cakes|Dessert|Fast Food,4.9,648,50.0,0.0,35.0,23.7557359,90.41605685,"Holding No-08, Plot-20 B/A DIT Rd Malibhag Chowdhury Para, Dhaka",1219,https://foodpanda.com.bd/restaurant/gvgo/shumis-hot-cake-rampura-gvgo
dnd0,88644,Bhujonika Express,,Dhaka,Jatrabari,0.7,Bangladeshi|Asian,0.0,0,50.0,0.0,0.0,23.706848,90.440138,"যাত্রাবাড়ী মাদ্রাসা বই বাজার, যাত্রাবাড়ি মাদ্রাসা রোড, 1111 যাত্রাবাড়ী, ঢাকা, Bangladesh",1111,https://foodpanda.com.bd/restaurant/dnd0/bhujonika-express
pmks,36811,Mithai - Paltan,Mithai - Dhaka,Dhaka,Shantinagar,0.28,Cakes|Dessert|Doi|Fast Food,4.6,447,50.0,0.0,35.0,23.736472,90.413699,"Inner Circular, VIP Rd, Paltan,Dhaka 1000",1000,https://foodpanda.com.bd/restaurant/pmks/mithai-paltan
vzq4,77140,Halal Rizq,,Dhaka,Fakirapool,0.27,Juice Corner|Curry|Beverage,0.0,0,50.0,0.0,0.0,23.7279819,90.4198984,Motijheel Rd 67 Beside WW tower and DCCI,1000,https://foodpanda.com.bd/restaurant/vzq4/halal-rizq
aa2m,121752,Yummy Bites,,Dhaka,Gopibagh,0.43,Dessert,0.0,0,50.0,0.0,35.0,23.7293008,90.4239419,"11-3/A, Navana Edenton, Kabi Jashim Uddin Road, Komlapur, Dhaka - 1351, (Flat No: B-3)",1351,https://foodpanda.com.bd/restaurant/aa2m/yummy-bites-aa2m
ep4m,76857,Natural Dairy & Juice Mart- Motijheel,Natural Dairy & Juice Mart,Dhaka,Gopibagh,0.44,Juice Corner|Snacks|Beverage,3.7,6,50.0,0.0,0.0,23.7291638,90.42462781,"7 No. Kamalapur Bazar Road, Commissioner Goli, Besides national homeo hall, Motijheel Dhaka.",1000,https://foodpanda.com.bd/restaurant/ep4m/natural-dairy-and-juice-mart-motijheel
q7d9,77899,Lunch Box Express,,Dhaka,Gopibagh,0.28,Snacks|Bangladeshi|Asian,0.0,0,50.0,0.0,0.0,23.7268246,90.4253353,"South Kamalapur,  Dhaka, Mothijeel, South kamalapur, Building Number 164, 1217 Motijheel, Dhaka, Bangladesh",1217,https://foodpanda.com.bd/restaurant/q7d9/lunch-box-express
wc0k,76949,Plan B Cafe,,Dhaka,Gopibagh,0.69,Snacks|Sandwiches|Chinese|Burgers|Western|Asian|Dumpling,2.0,9,50.0,0.0,0.0,23.7273875,90.4294219,"PCGH+XQ3,  79,80 South mugdapara, garments goli, Dada villa apartment,  Dhaka 1214., 1214 Mugda, Dhaka, Bangladesh",1214,https://foodpanda.com.bd/restaurant/wc0k/plan-b-cafe
i2jz,77987,Jheelpar Restaurant,,Dhaka,Basabo,1.07,Snacks,0.0,0,50.0,0.0,0.0,23.7319419,90.4315602,"47/ka, uttor mugda,",1214,https://foodpanda.com.bd/restaurant/i2jz/jheelpar-restaurant
jv52,120270,Roshuiye Roshna Bilash,,Dhaka,Sayedabad,0.44,Bangladeshi|Asian,0.0,0,50.0,0.0,35.0,23.7211648,90.4258887,"Hai mansion Lift 3  Flat Number 3D, 61/R k mission road Gopibag George Lane, 1203 Wari, Dhaka, Bangladesh",1203,https://foodpanda.com.bd/restaurant/jv52/roshuiye-roshna-bilash
i9v6,92285,Bunny Bakes,,Dhaka,Sayedabad,1.09,Dessert,0.0,0,50.0,0.0,0.0,23.729078,90.4339693,"Bashar Tower Shopping Mall, Araf Tower, 1214 Mugda, Dhaka, Bangladesh",1214,https://foodpanda.com.bd/restaurant/i9v6/bunny-bakes
ni1k,80709,Esho Kichu Khai,,Dhaka,Wari,0.2,Curry|Rice Dishes|Bangladeshi|Asian,0.0,0,50.0,0.0,0.0,23.7170161,90.4239405,"Shajan-2, 64/1, Shamibagh Lane. 7th Floor Mitali School Goli, 1203 Wari, Dhaka, Bangladesh",1203,https://foodpanda.com.bd/restaurant/ni1k/esho-kichu-khai
dtyx,99176,Pakshala,,Dhaka,Mugda,0.86,Bangladeshi|Asian,0.0,0,50.0,0.0,35.0,23.7326209,90.4354979,"Feni tower, Modinabag, 1214 Mugda, Dhaka, Bangladesh",1214,https://foodpanda.com.bd/restaurant/dtyx/pakshala-dtyx
gbiq,76514,Asha Home Kitchen,,Dhaka,Sayedabad,0.97,Snacks|Curry|Rice Dishes|Bangladeshi|Asian,4.6,6,50.0,0.0,0.0,23.7276777,90.4344965,"Bank Colony 2 Mugda bank colony 128/3, 1214 Mugda, Dhaka, Bangladesh",1214,https://foodpanda.com.bd/restaurant/gbiq/asha-home-kitchen
gumq,115248,Barisailla kitchen,,Dhaka,Sayedabad,1.16,Rice Dishes,0.0,0,50.0,0.0,35.0,23.7292182,90.435343,"Momotaj monjil,khalpar, Mugda manda thana road, 1214 Mugda, Dhaka, Bangladesh",1214,https://foodpanda.com.bd/restaurant/gumq/barisailla-kitchen
iqqm,78719,Baksobondi Shaad,,Dhaka,Sayedabad,0.63,Snacks|Curry|Rice Dishes|Bangladeshi|Asian,2.2,5,50.0,0.0,35.0,23.724555,90.4336179,"55/2/1, Maniknagar Wasa Road. Dhaka",1214,https://foodpanda.com.bd/restaurant/iqqm/baksobondi-shaad
uuqa,83958,Ghorer Flavor,,Dhaka,Sayedabad,0.92,Bangladeshi|Asian,0.0,0,50.0,0.0,0.0,23.726447,90.435625,"PCHP+72X, 1st Goli Manda, 1214 Mugda, Dhaka, Bangladesh",1214,https://foodpanda.com.bd/restaurant/uuqa/ghorer-flavor
bvta,78754,Mood On Cafe,,Dhaka,Mugda,1.19,Snacks|Rice Dishes|Beverage,0.0,0,50.0,0.0,0.0,23.729347,90.4375495,"Mugda , Manda ,Beside Sheba dental Care",1219,https://foodpanda.com.bd/restaurant/bvta/mood-on-cafe
muh4,78818,Tong Food,,Dhaka,Sayedabad,0.28,Snacks|Beverage|Burgers|Western,3.0,7,50.0,0.0,0.0,23.7176848,90.4311025,"Dholpur Community Center, Dholpur New Rd, 1203 Jatrabari, Dhaka, Bangladesh",1203,https://foodpanda.com.bd/restaurant/muh4/tong-food
o4hq,79189,Raw House,,Dhaka,Sayedabad,0.33,Dessert,0.0,0,50.0,0.0,0.0,23.7174066,90.4315939,"Dholpur Community Center, Dholpur New Rd, 1204 Demra, Dhaka, Bangladesh",1204,https://foodpanda.com.bd/restaurant/o4hq/raw-house
oaba,82085,Banglar Rannagor,Shad Roti,Dhaka,Sayedabad,1.16,Curry|Rice Dishes|Bangladeshi|Asian,0.0,0,50.0,0.0,0.0,23.7265242,90.43893678,"817 Dokkhin Manda, Hiru Miya Road",1218,https://foodpanda.com.bd/restaurant/oaba/banglar-rannagor
cin6,77900,Dhaka Biriyani,,Dhaka,Jatrabari,0.47,Rice Dishes|Bangladeshi|Asian,1.6,19,50.0,0.0,0.0,23.7140942,90.43183195,"Singer plus Dholpur, বউ বাজার রোড Dholpur Bow Bazar, 1204 Jatrabari, Dhaka, Bangladesh",1204,https://foodpanda.com.bd/restaurant/cin6/dhaka-biriyani
cnfw,78168,Yummy Cakes Spot,,Dhaka,Jatrabari,0.71,Dessert,4.5,51,50.0,0.0,35.0,23.710725,90.428021,"Doyagonj New Road, Doyagonj New Road, Rana Enterprise's building, 1204 Jatrabari, Dhaka, Bangladesh",1204,https://foodpanda.com.bd/restaurant/cnfw/yummy-cakes-spot
pxxc,77134,Hungry Bro,,Dhaka,Sutrapur,0.25,Snacks|Rice Dishes,1.1,7,50.0,0.0,0.0,23.70578815,90.42006465,"Near Dream20 Restaurant, Distrilari Road, Katherpool, Gandarai, Dhaka - 1204",1204,https://foodpanda.com.bd/restaurant/pxxc/hungry-bro-pxxc
ybxi,78172,Annondo Biryani House,,Dhaka,Sutrapur,0.27,Rice Dishes|Beverage|Cafe|Indian|Biryani|Asian,2.3,6,50.0,0.0,35.0,23.7058783,90.42124737,"15, Distilary Road, Gendariya",",",https://foodpanda.com.bd/restaurant/ybxi/annondo-biryani-house
x7pg,124450,Ghorer Ghran,,Dhaka,Sutrapur,0.58,Bangladeshi|Asian,0.0,0,50.0,0.0,35.0,23.7059643,90.4252521,"48 Distillery Road Gandaria, 1204 Jatrabari, Dhaka, Bangladesh",1204,https://foodpanda.com.bd/restaurant/x7pg/ghorer-ghran
fb0e,77817,Kacchi Live,,Dhaka,Sutrapur,0.61,Rice Dishes,0.0,0,50.0,0.0,0.0,23.7025868,90.4212259,"অক্ষয় দাস লেন Dhaka gendaria, 1204 Wari, Dhaka, Bangladesh",1204,https://foodpanda.com.bd/restaurant/fb0e/kacchi-live
lz3e,78049,Sonia's Kitchen,,Dhaka,Sutrapur,0.94,Snacks|Curry|Rice Dishes|Bangladeshi|Asian,0.0,0,50.0,0.0,0.0,23.70046701,90.42413928,"Gandaria High School, Satish Sarkar Rd 24 62/K-A, Dhalkanagor",1236,https://foodpanda.com.bd/restaurant/lz3e/sonias-kitchen-lz3e
tu5r,79241,Petuk Wala,,Dhaka,Sutrapur,1.01,Fast Food,3.0,29,50.0,0.0,35.0,23.70102734,90.42635312,"47 , Satish Sarkar Road, Dhaka, Bangladesh",1204,https://foodpanda.com.bd/restaurant/tu5r/petuk-wala
mga9,76549,Niri's Kitchen,,Dhaka,Jatrabari,1.2,Fast Food,3.0,36,50.0,0.0,0.0,23.7110598,90.44680515,"Jatrabari - Demra Road, Near Al Mughni Restaurant, Sheakhdi, Vangapress, Jatrabari, Dhaka - 1362",1362,https://foodpanda.com.bd/restaurant/mga9/niris-kitchen
wotg,80934,Fry Master,,Dhaka,Jatrabari,1.27,Snacks,0.0,0,50.0,0.0,0.0,23.69980297,90.43231779,"MA Villa, House/Holding- 59/1, 1204 Jurain, Dhaka, Bangladesh",1204,https://foodpanda.com.bd/restaurant/wotg/fry-master
rh6c,77926,Kacchi Buzz,,Dhaka,Jatrabari,1.46,Rice Dishes,4.8,10,50.0,0.0,0.0,23.6982706,90.4313603,"217/3 Murshid Mohol,
Munshibari Jurain Dhaka- 1204",1204,https://foodpanda.com.bd/restaurant/rh6c/kacchi-buzz
axfs,77661,Friends Corner & Agro,,Dhaka,Jatrabari,1.15,Healthy|Beverage,4.1,5,50.0,0.0,0.0,23.7022116,90.4409104,"Sorai Jame mosjid Road, Sorai Jame mosjid Rd Bright School and College (Sarail Campus), Sarai Mosjid Road, Dhonia - Dholaipar Rd, Dhaka 1236, 1236 Jatrabari, Dhaka, Bangladesh",1236,https://foodpanda.com.bd/restaurant/axfs/friends-corner-and-agro
dnng,78003,Yum Bee Yum Yum,,Dhaka,Jatrabari,1.22,Fast Food,0.0,0,50.0,0.0,0.0,23.702351,90.442422,"617, Hasan Trade Valley, Opposite of Mithai, Dholaipar Road, Donia, Dhaka 1236",1236,https://foodpanda.com.bd/restaurant/dnng/yum-bee-yum-yum
wk0v,127047,Fast Flavour,,Dhaka,Jatrabari,0.04,,0.0,0,50.0,0.0,35.0,23.7106102,90.4349092,Rayerbag Palashpur 6 No Road,1202,https://foodpanda.com.bd/restaurant/wk0v/fast-flavour
mfu9,127737,Sohag's Kitchen,,Dhaka,Mugda,0.74,,0.0,0,50.0,0.0,35.0,23.735195,90.4329697,35/E/1 DARKER HOUSE,1214,https://foodpanda.com.bd/restaurant/mfu9/sohags-kitchen
kros,128706,Mota Muti Kitchen,,Dhaka,Jatrabari,1.14,,0.0,0,50.0,0.0,35.0,23.7046625,90.4437656,"East Rasulpur(j.m lpg shop),Dania,Jatrabari",1236,https://foodpanda.com.bd/restaurant/kros/mota-muti-kitchen
f73l,73952,Mithai Palton Mor,Mithai - Dhaka,Dhaka,Paltan,0.12,Cakes|Dessert|Doi|Fast Food,4.7,41,50.0,0.0,0.0,23.73043155,90.41023255,"12 No Purana Palton,Dhaka-1000",1000,https://foodpanda.com.bd/restaurant/f73l/mithai-palton-mor
t4y0,72791,Tehari Ghar - Motijheel,Tehari Ghar,Dhaka,Gopibagh,0.29,Rice Dishes|Indian|Biryani|Asian,4.7,820,50.0,0.0,0.0,23.7276024,90.4213463,"52/B, Motijheel,Dhaka-1000",1000,https://foodpanda.com.bd/restaurant/t4y0/tehari-ghar-motijheel
ksjr,75508,Mithai- North Kamlapur,Mithai - Dhaka,Dhaka,Arambagh,0.32,Cakes|Dessert|Doi|Fast Food,3.3,53,50.0,0.0,0.0,23.7319396,90.4231123,"1/C, North Kamlapur, Motijheel, Dhaka",1000,https://foodpanda.com.bd/restaurant/ksjr/mithai-north-kamlapur
co10,68825,Shumi's Hot Cake - Wari,Shumi's Hot Cake,Dhaka,Wari,0.44,Cakes|Dessert|Fast Food,4.9,571,50.0,0.0,0.0,23.7194747,90.4186237,"1/2, Chandi Charan Bosh Street, Wari, Dhaka",1100,https://foodpanda.com.bd/restaurant/co10/shumis-hot-cake-wari-co10
b9ao,19026,Mithai - Bijoynagar,Mithai - Dhaka,Dhaka,Paltan,0.13,Cakes|Dessert|Doi|Fast Food,4.7,421,50.0,0.0,0.0,23.732679,90.409999,"204, Shahid Syed Nazrul Islam Sharoni, Bijoynagar",1000,https://foodpanda.com.bd/restaurant/b9ao/mithai-bijoynagar
u5yx,18834,Mithai- Maniknagar,Mithai - Dhaka,Dhaka,Sayedabad,0.27,Cakes|Dessert|Doi|Fast Food,4.1,659,50.0,0.0,0.0,23.722166,90.4287976,"১/এ মানিকনগর, বিশ্বরোড, মানিকনগর জামে মসজিদে পাশে, ঢাকা ১২০৩।",1236,https://foodpanda.com.bd/restaurant/u5yx/mithai-maniknagar-u5yx
gnre,81595,Tasty Treat - Khalpar Maniknagar,Tasty Treat,Dhaka,Sayedabad,0.57,Cakes|Dessert|Fast Food,3.1,11,50.0,0.0,0.0,23.7230994,90.4344739,"16/A, East Manikngar Road, New Road, Maniknagar, Dhaka",1219,https://foodpanda.com.bd/restaurant/gnre/tasty-treat-khalpar-maniknagar
c8u2,77023,CP Five Star - Jannat Food - Gandaria,CP Five Star,Dhaka,Sutrapur,0.58,Chicken|Snacks|Meat|Fast Food,4.5,51,50.0,0.0,0.0,23.7041184,90.4238132,"16/D/ 1, Dinanath shen road, Gendaria, Dhaka - 1204",1204,https://foodpanda.com.bd/restaurant/c8u2/cp-five-star-jannat-food-gandaria
fsle,77455,Lima kitchen,,Dhaka,Jatrabari,1.74,Curry|Bangladeshi|Asian,0.0,0,50.0,0.0,0.0,23.6953446,90.4340178,"Khandokar Road, West Jurain, Shyampur, Dhaka 1204 , near মাদ্রাসা, আশরাফিয়া আরাবিয়া জুরাইন মাদ্রাস.",1204,https://foodpanda.com.bd/restaurant/fsle/lima-kitchen
u3qe,18751,Mithai - Middle Basabo,Mithai - Dhaka,Dhaka,Basabo,0.4,Cakes|Dessert|Doi|Fast Food,4.4,868,50.0,0.0,35.0,23.740369,90.431863,"12, Malibagh Chowdhuripara",1214,https://foodpanda.com.bd/restaurant/u3qe/mithai-middle-basabo
aq9m,75762,Mithai - East Madartek,Mithai - Dhaka,Dhaka,Sabujbagh,0.22,Dessert|Doi,4.4,49,50.0,0.0,35.0,23.7445177,90.44234115,"23/A East Mothertech, Project Mukh, Sabujbagh, Dhaka.",1219,https://foodpanda.com.bd/restaurant/aq9m/mithai-east-madartek
qng9,31898,Mithai - Motijheel,Mithai - Dhaka,Dhaka,Gopibagh,0.36,Cakes|Dessert|Doi|Fast Food,4.6,548,50.0,0.0,35.0,23.7285737,90.424022,"17/18,02 Kamlapur Bazar Road, Dhaka-1217",1217,https://foodpanda.com.bd/restaurant/qng9/mithai-motijheel
n4kd,31010,Mithai - North Jatrabari,Mithai - Dhaka,Dhaka,Jatrabari,0.38,Cakes|Dessert|Doi|Fast Food,4.1,509,50.0,0.0,0.0,23.7092669,90.4317708,"Plot - 99, Near Tony Tower, Shahid Faroque R0ad, Dhaka - 1204",1204,https://foodpanda.com.bd/restaurant/n4kd/mithai-north-jatrabari
b321,68819,Shumi's Hot Cake - Tipu Sultan,Shumi's Hot Cake,Dhaka,Wari,0.52,Cakes|Dessert|Fast Food,4.9,466,50.0,0.0,0.0,23.7151118,90.4172828,"22/A Tipu Sultan Road, Wari, Dhaka.",1204,https://foodpanda.com.bd/restaurant/b321/shumis-hot-cake-tipu-sultan
tcfo,76906,Snacko,,Dhaka,Demra,0.28,Beverage|Burgers|Western|Fast Food,1.2,9,50.0,0.0,30.0,23.7143784,90.4702664,"287,Khaleda Rashid Villa,Shahjalal road, konapara, Demra, Bangladesh",1360,https://foodpanda.com.bd/restaurant/tcfo/snacko
aqs0,81593,Bismillah Ranna Ghar,,Dhaka,Demra,0.28,Snacks|Rice Dishes,0.0,0,50.0,0.0,30.0,23.7134825,90.4702895,"Konapara, Chistiya road,  shoshan er goli, 1362 Demra, Dhaka, Bangladesh",1362,https://foodpanda.com.bd/restaurant/aqs0/bismillah-ranna-ghar
q5x1,74657,Pizza Bro,,Dhaka,Demra,0.29,Italian|Mediterranean|Pizza|Burgers|Western,2.4,13,50.0,0.0,30.0,23.7144174,90.4701756,"87 Shshjalal Road, Konapara Demra
Dhaka",1361,https://foodpanda.com.bd/restaurant/q5x1/pizza-bro-q5x1
hlp2,77904,Sunrise Mini Resturant,,Dhaka,Demra,0.37,Snacks|Rice Dishes|Italian|Pasta|Beverage|Mediterranean|Pizza|Dessert|Western,3.8,44,50.0,0.0,30.0,23.7128565,90.469582,"Konapara apex, 1362 Demra, Dhaka, Bangladesh",1362,https://foodpanda.com.bd/restaurant/hlp2/sunrise-mini-resturant
tirk,77695,Fuchka Vai,,Dhaka,Demra,0.4,Snacks|Italian|Mediterranean|Chotpoti & Fuchka|Pizza|Western|Bangladeshi|Doi|Asian,4.2,45,50.0,0.0,30.0,23.71227706,90.46957299,"Dotala mosjid,Konapara, Demra, Dhaka",1362,https://foodpanda.com.bd/restaurant/tirk/fuchka-vai
hkbr,31678,Mithai - Demra Konapara,Mithai - Dhaka,Dhaka,Demra,0.47,Cakes|Dessert|Doi|Fast Food,3.9,724,50.0,0.0,30.0,23.7108462,90.4698753,"30 Momenbag - Arabari Road, Momebagh Chowrasta, Paradogair, Konapara, Near Tasty Treat",1361,https://foodpanda.com.bd/restaurant/hkbr/mithai-demra-konapara
zlna,78809,Bakebee food kitchen,,Dhaka,Demra,0.49,Snacks|Rice Dishes,0.0,0,50.0,0.0,30.0,23.7162001,90.4688706,"Konapara Bus stand, Demra, Dhaka",1360,https://foodpanda.com.bd/restaurant/zlna/bakebee-food-kitchen
kgb8,76746,Master Hotel and Restaurant,,Dhaka,Demra,0.79,Turkish|Kebab|Snacks|Rice Dishes|Middle Eastern|Bangladeshi|Asian,4.2,89,50.0,0.0,30.0,23.7076021,90.46956715,"Adarshabag Ali Mohammad Khan Rd# 1 ,Adarshabag, Demra,Dhaka, 1362 Demra, Dhaka, Bangladesh",1362,https://foodpanda.com.bd/restaurant/kgb8/master-hotel-and-restaurant
j920,97273,PY Sweets & Cafe,,Dhaka,Demra,0.89,Snacks|Beverage|Sweets|Dessert|Burgers|Western|Doi,0.0,0,50.0,0.0,30.0,23.7077065,90.4783814,"Dogair poschim para near dogair model school, 170 Sohid milon road, 66 no ward, 1361 Demra, Dhaka, Bangladesh",1361,https://foodpanda.com.bd/restaurant/j920/py-sweets-and-cafe
rshm,96327,Ghoroya Ranna Ghar,,Dhaka,Demra,1.05,Dessert,0.0,0,50.0,0.0,30.0,23.7046883,90.4713055,"138/3 ওয়াটার ক্যানেল রোড,দঃরহমতপুর, ১৩৮/৩, 1362 ডেমরা, ঢাকা, Bangladesh",1362,https://foodpanda.com.bd/restaurant/rshm/ghoroya-ranna-ghar
o2bq,125255,Homemade Heaven,,Dhaka,Demra,1.47,Bangladeshi|Asian,0.0,0,50.0,0.0,30.0,23.71256254,90.48738505,"Borobanga, Staff quater, Demra,Dhaka, 1361 Demra, Dhaka, Bangladesh",1361,https://foodpanda.com.bd/restaurant/o2bq/homemade-heaven-o2bq
hrox,78277,Aladdin Restaurant & Party Center,,Dhaka,Demra,1.54,Snacks|Italian|Mediterranean|Pizza|Burgers|Western|Fast Food,4.2,65,50.0,0.0,30.0,23.71174419,90.48791024,"Borobhanga, Demra, Dhaka",1360,https://foodpanda.com.bd/restaurant/hrox/aladdin-restaurant-and-party-center
mmc7,77858,Tray Story-Demra,,Dhaka,Demra,1.89,Snacks|Curry|Rice Dishes,4.4,45,50.0,0.0,30.0,23.7153249,90.4915307,"295, M. A. Rashid Master Complex Staff Quarter- Near Haji Moyajjem School, Boro Vanga Link Road., Dhaka, Bangladesh",1360,https://foodpanda.com.bd/restaurant/mmc7/tray-story-demra
goe0,78269,Beans & Butter Cafe,,Dhaka,Demra,1.9,Beverage|Dessert,4.6,26,50.0,0.0,30.0,23.720336,90.490325,"225, Second Floor, M.A Gafor Squre Market, Staff-Quarter, Demra, Dhaka.",1361,https://foodpanda.com.bd/restaurant/goe0/beans-and-butter-cafe
f0wu,103816,Mom’s Fry Kitchen,,Dhaka,Demra,2.05,Chicken|Rice Dishes|Meat|Fast Food|Fried Chicken,3.9,19,50.0,0.0,30.0,23.71624935,90.49299589,"Kashem Tower, Al Amin Road, Staff Quarter, Demra, Dhaka, Ground Floor, 1361 Demra, Dhaka, Bangladesh",1361,https://foodpanda.com.bd/restaurant/f0wu/moms-fry-kitchen
sdc7,90514,Owl Cafe,,Dhaka,Demra,2.17,Snacks,0.0,0,50.0,0.0,30.0,23.6946907,90.475774,"Tamirul Millat Mohila Kamil Madrasah, DFL-1, Road 1, 1360 Demra, Dhaka, Bangladesh",1360,https://foodpanda.com.bd/restaurant/sdc7/owl-cafe
tjly,75680,Laziz Cuisine,,Dhaka,Demra,2.17,Chinese|Asian,3.9,105,50.0,0.0,30.0,23.694561,90.47500439,"Hazi Badsha mia road, Demra, Dhaka",1340,https://foodpanda.com.bd/restaurant/tjly/laziz-cuisine
rlgy,118352,Joly Biryani House,,Narayanganj,Demra,2.18,Bangladeshi|Asian,0.0,0,50.0,0.0,30.0,23.6945736,90.475758,"Manik miah Joly biraniy house, Manik  miah 10 1420 A4 Narayanganj hazigonj shajala road 13, 1420 Narayanganj Sadar, Narayanganj, Bangladesh",1420,https://foodpanda.com.bd/restaurant/rlgy/joly-biryani-house
kdk6,78061,Home Made Food,,Dhaka,Demra,2.21,Curry|Rice Dishes|Beverage|Dessert|Fast Food,1.1,7,50.0,0.0,30.0,23.7005679,90.4890545,"Sorkar bari more, Sanarpar, G1, 1360 Demra, Dhaka, Bangladesh",1360,https://foodpanda.com.bd/restaurant/kdk6/home-made-food-kdk6
fvhe,115499,Ma Home Kitchen,,Narayanganj,Fatullah,2.06,Curry|Bangladeshi|Asian,4.8,6,50.0,0.0,30.0,23.6975155,90.4905016,"moddho, sanarpar, Shiddhirganj , Narayanganj, milon cottage, modhho sanarpar, bridge songlogno road, 1430 Shiddhirganj, Narayanganj, Bangladesh",1430,https://foodpanda.com.bd/restaurant/fvhe
ph8m,89899,Ghorowa Khabar,,Narayanganj,Fatullah,2.1,Bangladeshi|Asian,0.0,0,50.0,0.0,30.0,23.6928154,90.4853881,"Jora Bridge,Shahebpara, Rahima Vaban first floor, 1430 Shiddhirganj, Narayanganj, Bangladesh",1430,https://foodpanda.com.bd/restaurant/ph8m/ghorowa-khabar-ph8m
pnur,126149,Nafija's Kitchen,,Dhaka,Demra,2.72,Fast Food,0.0,0,50.0,0.0,30.0,23.689752,90.4763336,"Bismillah Twin Tower, Giridhara Saddam Market, Jatrabari",1236,https://foodpanda.com.bd/restaurant/pnur/nafijas-kitchen
u2x7,109453,Khuda lagse,,Narayanganj,Fatullah,2.56,Bangladeshi|Asian,3.3,132,50.0,0.0,30.0,23.68969585,90.478985,"Kms tower, Sign Board Road no 5, 1410 Shiddhirganj, Narayanganj, Bangladesh",1410,https://foodpanda.com.bd/restaurant/u2x7/khuda-lagse-u2x7
kjix,116350,Rijik,,Narayanganj,Fatullah,2.56,Snacks|Curry|Rice Dishes|Bangladeshi|Asian,2.6,83,50.0,0.0,30.0,23.6896222,90.478942,"Shantidhara, 05/Shanti nibash/4A, 1430 Shiddhirganj, Narayanganj, Bangladesh",1430,https://foodpanda.com.bd/restaurant/kjix
itv4,77787,Moyour's Kitchen,,Narayanganj,Fatullah,1.45,Snacks|Curry|Rice Dishes,3.3,38,50.0,0.0,30.0,23.69319365,90.4940576,"House- 190, Word : 02, Block- C, Mouchak, Siddhirganj, Narayanganj, postal code - 1420",1430,https://foodpanda.com.bd/restaurant/itv4/moyours-kitchen
dtc3,76705,Friends Life Pizza,,Narayanganj,Fatullah,1.67,Italian|Mediterranean|Pizza|Western,3.3,116,50.0,0.0,30.0,23.69776,90.5000035,"Madaninagar chowrasta, Shanarpar, Shiddhirganj, Narayanganj",1400,https://foodpanda.com.bd/restaurant/dtc3/friends-life-pizza
c2yb,123333,Rodi's Kitchen,,Narayanganj,Fatullah,1.01,Bangladeshi|Asian,0.0,0,50.0,0.0,30.0,23.6876833,90.4945045,"Mouchak Mizmizi Madrasa Road (Cumilla Tower), Siddhirganj, Narayanganj, Bangladesh",1430,https://foodpanda.com.bd/restaurant/c2yb/rodis-kitchen
rn2i,80954,Big Bite Nest,,Narayanganj,Fatullah,0.99,Snacks|Chinese|Asian|Dumpling,0.0,0,50.0,0.0,30.0,23.6919072,90.5039126,"Shapla Chottor, Painadi, House - 469, 1430 Shiddhirganj, Narayanganj, Bangladesh",1430,https://foodpanda.com.bd/restaurant/rn2i/big-bite-nest
tfxx,122062,Snack Hub,,Narayanganj,Fatullah,1.25,Fast Food,0.0,0,50.0,0.0,30.0,23.6938594,90.5062935,"Painadi, Mizi Tower,Baganbari,, 1430 Shiddhirganj, Narayanganj, Bangladesh",1430,https://foodpanda.com.bd/restaurant/tfxx/snack-hub
tydb,77782,R Momo Time,,Narayanganj,Fatullah,1.05,Chinese|Asian|Dumpling,2.4,7,50.0,0.0,30.0,23.692149,90.5055733,"Hirajheel, Chittagong Road PM mor, ABC chottor, Chittagong road, Narayanganj, 1430 Shiddhirganj, Narayanganj, Bangladesh",1430,https://foodpanda.com.bd/restaurant/tydb/r-momo-time
o2kd,124467,Juice Corner and Fast Food,,Narayanganj,Fatullah,0.87,Bangladeshi|Asian,0.0,0,50.0,0.0,30.0,23.6880533,90.5095833,"Juice Corner & Fast Food, MizMizi T.C. Road Head, Tera Market Mor (South Side), Shiddhirganj 1430, Narayanganj, Bangladesh",1430,https://foodpanda.com.bd/restaurant/o2kd/juice-corner-and-fast-food
xspm,126873,Bangali Bites,,Dhaka,Demra,2.08,,0.0,0,50.0,0.0,30.0,23.7089503,90.4927134,Konapara,1361,https://foodpanda.com.bd/restaurant/xspm/bangali-bites
lho3,127147,Al Baraka Restaurant,,Dhaka,Demra,2.61,,0.0,0,50.0,0.0,30.0,23.7064024,90.4972329,"Sarulia, Demra, Dhaka",1361,https://foodpanda.com.bd/restaurant/lho3/al-baraka-restaurant
dbum,130757,Food Brother,,Dhaka,Demra,0.28,,0.0,0,50.0,0.0,30.0,23.7134825,90.4702895,কোনাপাড়া,1361,https://foodpanda.com.bd/restaurant/dbum
vhhn,44357,Mithai -  Jhonson Road,Mithai - Dhaka,Dhaka,Old Dhaka,0.26,Cakes|Snacks|Dessert|Doi,4.4,277,50.0,0.0,0.0,23.71289633,90.41164746,"42 - Sharfuddin Manson, Jonson Road, Dhaka - 1100",1100,https://foodpanda.com.bd/restaurant/vhhn/mithai-jhonson-road
yqsb,76190,CP Five Star-Istimam Fast Food-BANGSHAL,CP Five Star,Dhaka,Chawk Bazar,0.49,Chicken|Snacks|Meat|Fast Food,4.4,93,50.0,0.0,0.0,23.7174448,90.40216,"32 Abul Hasnat Rd, Dhaka 1100",1100,https://foodpanda.com.bd/restaurant/yqsb/cp-five-star-istimam-fast-food-bangshal
ih8y,75761,Mithai - Tikatoli,Mithai - Dhaka,Dhaka,Wari,0.45,Dessert|Doi,4.5,81,50.0,0.0,0.0,23.72001825,90.4249418,3/B/1 R.K Mition Road Tikatuli,1000,https://foodpanda.com.bd/restaurant/ih8y/mithai-tikatoli
ztx4,77964,Cp Five Star - Aristocrat Food & Drinks,CP Five Star,Dhaka,Azimpur,0.34,Chicken|Snacks|Meat|Fast Food,3.3,86,50.0,0.0,0.0,23.72399055,90.384499,"Azimpur Sapra Mosjid, Azimpur, Dhaka.",1230,https://foodpanda.com.bd/restaurant/ztx4/cp-five-star-aristocrat-food-and-drinks
m958,76989,Delifrance Express,Delifrance Gulshan Avenue,Dhaka,Science Lab,0.47,Beverage|Sandwiches|Western,2.6,9,50.0,0.0,0.0,23.7379938,90.3774708,"Road no 2, Shimanto square, Meena Bazar - ground floor Dhanmondi, Dhaka 1205",1205,https://foodpanda.com.bd/restaurant/m958/delifrance-express
p24c,37443,Mithai - Baksi Bazer,Mithai - Dhaka,Dhaka,Bakshi Bazar,0.34,Cakes|Dessert|Doi|Fast Food,4.6,1258,50.0,0.0,0.0,23.72453,90.3956184,"19/1,19/2 Helicon Garden  Bakshi Bazar Road Lalbagh Dhaka 1211",1211,https://foodpanda.com.bd/restaurant/p24c/mithai-baksi-bazer
qru4,73951,Mithai-Lokkhi Bazar,Mithai - Dhaka,Dhaka,Old Dhaka,0.44,Cakes|Dessert|Doi|Fast Food,4.5,75,50.0,0.0,0.0,23.708593,90.414945,Lokkhi Bazar,1100,https://foodpanda.com.bd/restaurant/qru4/mithai-lokkhi-bazar
nprz,76399,Press Cafe,,Savar,Savar,0.57,Snacks|Curry,4.6,72,50.0,0.0,35.0,23.85506821,90.262414,"Shimultola Zonal Office, Dhaka Palli Bidyut Samity-3, C R P Rd 64 Savar crp road palli bidyut er age mosjid goli 97/6, 1340 Savar Sadar, Savar, Bangladesh",1340,https://foodpanda.com.bd/restaurant/nprz/press-cafe-nprz
wwbu,77594,Rupa's kitchen,,Savar,Savar,1.85,Bangladeshi|Asian,0.0,0,50.0,0.0,35.0,23.8459472,90.2544606,"Bank Colony,  15/4 Bank colony, Savar, Dhaka., 1430 Savar Sadar, Savar, Bangladesh",1430,https://foodpanda.com.bd/restaurant/wwbu/rupas-kitchen-wwbu
xe9a,123204,4S food,,Savar,Savar,1.87,Bangladeshi|Asian,3.9,19,50.0,0.0,35.0,23.846,90.25415,"Sajuri, D-14 Bank colony মা বাবার দোয়া দোকান (এসেড স্কুল - ২), 1340 Savar Sadar, Savar, Bangladesh",1340,https://foodpanda.com.bd/restaurant/xe9a/4s-food
h2dn,77936,Hungry Haaven,,Savar,Savar,2.09,Snacks|Burgers|Western,0.0,0,50.0,0.0,35.0,23.84470601,90.25248202,"Usha Garden City, Bank Colony road,Savar . (Beside Madrasha)",1340,https://foodpanda.com.bd/restaurant/h2dn/hungry-haaven
u8ic,18747,Mithai - Savar,Mithai - Dhaka,Savar,Savar,2.64,Cakes|Dessert|Doi|Fast Food,4.5,848,50.0,0.0,35.0,23.83848445,90.25216435,"13, Talbag, Thana Road (Opposite of Enam Medical College & Hospital)",1340,https://foodpanda.com.bd/restaurant/u8ic/mithai-savar
y74n,78041,Dhaka Hazi Biriyani House,,Savar,Savar,2.72,Rice Dishes|Indian|Biryani|Asian,3.1,34,50.0,0.0,35.0,23.8446245,90.2445944,"Savar Nama Bazar , Boro Bridge Road, Savar, Dhaka.",1340,https://foodpanda.com.bd/restaurant/y74n/dhaka-hazi-biriyani-house-y74n
koy8,77708,Bangla Food,,Savar,Savar,0.54,Curry|Rice Dishes|Bangladeshi|Asian,0.0,0,50.0,0.0,35.0,23.8549704,90.2629115,"Shimultola Zonal Office, Dhaka Palli Bidyut Samity-3, C R P Rd 64 Savar CRP Road Polli Biddut Office Masjid Goli, 1340 Savar Sadar, Savar, Bangladesh",1340,https://foodpanda.com.bd/restaurant/koy8/bangla-food-koy8
lw1v,77544,P.N Food Corner,,Savar,Savar,0.56,Rice Dishes,0.0,0,50.0,0.0,35.0,23.8531305,90.2685728,"Chapain - Dewga Rd chapain near New SR high school, 1343 Savar Sadar, Savar, Bangladesh",1343,https://foodpanda.com.bd/restaurant/lw1v/p-n-food-corner
i8wp,78940,Kasmiri Kacchi Ghor,,Dhaka,Savar,0.57,Snacks|Curry|Rice Dishes,4.2,9,50.0,0.0,35.0,23.855136,90.2623019,"Savar Shimultola, CRP Road, beside the Polli Bidyut office, in the lane of Kendrio Jame Masjid",1212,https://foodpanda.com.bd/restaurant/i8wp/kasmiri-kacchi-ghor
f9rl,80956,Ranna Station,,Savar,Savar,0.83,Snacks|Bangladeshi|Asian,0.0,0,50.0,0.0,35.0,23.8542229,90.2599377,"Haque villa, CRP Road Younus Diagnostic Center এর পাশে রাস্তায়।, 1340 Savar Sadar, Savar, Bangladesh",1340,https://foodpanda.com.bd/restaurant/f9rl/ranna-station
jkd7,80623,ARAVEA,,Savar,Savar,1.18,Bangladeshi|Asian,0.0,0,50.0,0.0,35.0,23.84812263,90.26277452,"Shahibag Road, Mohila Madrasha Goli, 1340 Savar Sadar, Savar, Bangladesh",1340,https://foodpanda.com.bd/restaurant/jkd7/aravea
y7mj,80064,Food Planet,,Savar,Savar,1.4,Beverage,0.0,0,50.0,0.0,35.0,23.84888076,90.25753975,"Rajjak Plaza, Savar",1340,https://foodpanda.com.bd/restaurant/y7mj/food-planet
ei3m,81196,Snacks Station,,Savar,Savar,1.49,Snacks|Rice Dishes,1.7,16,50.0,0.0,35.0,23.8485202,90.2566152,"Malancha, Wapda road, Savar",1340,https://foodpanda.com.bd/restaurant/ei3m/snacks-station-ei3m
m430,77574,Star Canteen,,Savar,Savar,2.38,Snacks,0.0,0,50.0,0.0,35.0,23.839347,90.2555865,"Dokan No. A- 11, A- 88, Shamsuddin Market, BaganBari r pase, Savar, Dhaka",1340,https://foodpanda.com.bd/restaurant/m430/star-canteen
wsl7,77859,KS Home Kitchen,,Savar,Savar,2.46,Curry|Rice Dishes,0.0,0,50.0,0.0,35.0,23.84655161,90.24635764,"House: 93, Ward no: 03, Uttarpara, Savar Bazar Road, Savar",1340,https://foodpanda.com.bd/restaurant/wsl7/ks-home-kitchen
nt30,81215,Darjeeling Momo Station Bangladesh- Savar,Darjeeling Momo Station Bangladesh,Savar,Savar,2.46,Snacks|Meat|Chinese|Asian|Dumpling,4.6,59,50.0,0.0,35.0,23.8387619,90.2550332,"Holding-D/90, Road-Talbagh, South Doriopur, Savar-1340, Dhaka",1340,https://foodpanda.com.bd/restaurant/nt30/darjeeling-momo-station-bangladesh-savar
wyp7,77617,Jahapanah Cuisine,,Savar,Savar,2.48,Curry|Rice Dishes|Indian|Asian,0.0,0,50.0,0.0,35.0,23.83865939,90.25484597,"Jahapanah Cuisine, Thana Rd Thana Rd, Savar 1340, 1340 Savar Sadar, Savar, Bangladesh",1340,https://foodpanda.com.bd/restaurant/wyp7/jahapanah-cuisine
sjpg,77583,Bekoo Live Bakery,,Savar,Savar,2.49,Cakes|Snacks|Bakery,4.9,31,50.0,0.0,35.0,23.83878315,90.2544825,"E/93,Thana road, Savar (Beside Sultan's Dine)",1340,https://foodpanda.com.bd/restaurant/sjpg/bekoo-live-bakery
w9i8,78102,Mr Juice,,Savar,Savar,2.67,Juice Corner|Beverage,0.0,0,50.0,0.0,35.0,23.83838486,90.25183948,"Savar Thana Road, Savar. (Beside Sumaiya Food Palace)",1340,https://foodpanda.com.bd/restaurant/w9i8/mr-juice-w9i8
uggb,77961,Priotoma Momo Corner,,Savar,Savar,2.81,Chinese|Asian|Dumpling,0.0,0,50.0,0.0,35.0,23.83707005,90.25157685,"Tarapur, Eidgah Field, Muktir mor, Thana Road, Savar",1340,https://foodpanda.com.bd/restaurant/uggb/priotoma-momo-corner
bn8h,75649,Oven Pizza & Tacos-Joydebpur,,Gazipur,Gazipur,0.17,Snacks,4.9,552,50.0,0.0,0.0,23.99748562,90.41953328,"Arjada building, Big Mosque Road, East side of BRT Station), Shivbari, Joydebpur, Gazipur",1700,https://foodpanda.com.bd/restaurant/bn8h/oven-pizza-and-tacos-joydebpur
fmrd,46201,Mithai - Joydevpur,Mithai - Dhaka,Gazipur,Gazipur,0.98,Cakes|Dessert|Doi|Fast Food,4.4,812,50.0,0.0,0.0,24.0000928,90.4295719,"D181,Rajbari road,Joorpukurpar,Joydebpur,Gazipur",1700,https://foodpanda.com.bd/restaurant/fmrd/mithai-joydevpur
lxrv,75130,Barakah Live Bakers & Sweets,,Gazipur,Gazipur,1.04,Italian|Mediterranean|Sandwiches|Pizza|Burgers|Western,4.7,26,50.0,0.0,0.0,23.99956016,90.4301743,"D 184/1, kabi Nazrul Soroni, Jorepukur, Gazipur Sadar, Gazipur 1700, 1700 Gazipur Sadar, Gazipur, Bangladesh",1700,https://foodpanda.com.bd/restaurant/lxrv/barakah-live-bakers-and-sweets
fsma,77680,Shahnaz Kitchen,,Gazipur,Gazipur,1.04,Snacks|Rice Dishes|Dessert|Bangladeshi|Asian,0.0,0,50.0,0.0,0.0,24.00333,90.429059,"230/1, Uttar Chayabithi Road, Uttar Chayabithi, Janata Sharok Road, Basha no -155/2 Khan Villa, Joydebpur Sadar, Gazipur",1700,https://foodpanda.com.bd/restaurant/fsma/shahnaz-kitchen-fsma
bp6r,76318,Pizza Inn Gazipur,,Gazipur,Gazipur,1.12,Snacks|Curry|Italian|Mediterranean|Pizza|Western,4.1,71,50.0,0.0,0.0,24.0007628,90.4308642,"Pizza Inn Gazipur chinese & fast food, Uttar Chayabithi Rd 262J+885 Uttar Chayabithi Rd Gazipur 1700, 1700 Joydebpur Sadar, Gazipur, Bangladesh",1700,https://foodpanda.com.bd/restaurant/bp6r/pizza-inn-gazipur
nxah,76860,Yummy Yummy Food,,Gazipur,Gazipur,1.27,Rice Dishes|Dessert|Bangladeshi|Asian,4.8,5,50.0,0.0,0.0,24.00021828,90.43244013,"Jaman tower 197/9 block -D
Joydebpur, jor pukur par, Gazipur",১৭০০,https://foodpanda.com.bd/restaurant/nxah/yummy-yummy-food-nxah
ocjq,76782,Hungry Spoon,,Gazipur,Gazipur,1.42,Snacks|Curry|Rice Dishes,4.8,37,50.0,0.0,30.0,23.9935067,90.4326251,"২০/১৮/ক, ফনির টেক,  দক্ষিণ ছায়াবীথি,  বেনসন মুজিবের বাসার সাথের গলিতে। 
20/18/Ka, Fonir Tek, Dakkhin Chayabithi, Benson Mujiber bashar sather goli.",1700,https://foodpanda.com.bd/restaurant/ocjq/hungry-spoon-ocjq
o25u,80152,Shad Ghoroa Ranna Ghor,,Gazipur,Gazipur,3.05,Bangladeshi|Asian,0.0,0,50.0,0.0,0.0,23.988633,90.3922534,"Shohid Barkat Soroni, Charming Villa, Bhasha Shohid Barkat Sworoni, Bashon, Gazipur, 1702 Chourasta, Gazipur, Bangladesh",1702,https://foodpanda.com.bd/restaurant/o25u/shad-ghoroa-ranna-ghor
enib,80682,Garden Glass,,Gazipur,Gazipur,3.42,Snacks|Beverage,3.7,15,50.0,0.0,0.0,24.0287071,90.4287142,"Fawkal,Joydebpur-1703, Ward-24, Zone-4, Gazipur Sadar, Gazipur City corporation, Gazipur",1700,https://foodpanda.com.bd/restaurant/enib/garden-glass
xrsx,96730,Yumly,,Gazipur,Gazipur,4.06,Bangladeshi|Asian,0.0,0,50.0,0.0,0.0,23.9892119,90.3815442,"Banarupa Road., 1700 Chourasta, Gazipur, Bangladesh",1700,https://foodpanda.com.bd/restaurant/xrsx/yumly
edi3,127582,Taste by Himanto,,Gazipur,Gazipur,4.53,,0.0,0,50.0,0.0,30.0,23.9791934,90.3810461,"Gazipur zilla school and cadet academy, joydebpur railgate",1700,https://foodpanda.com.bd/restaurant/edi3/taste-by-himanto
l72u,68033,Domino's Pizza Narayanganj,Domino's Pizza,Narayanganj,Narayanganj,0.22,Italian|Mediterranean|Pizza|Western,4.7,261,0.0,39.0,25.0,23.6248883,90.5018452,"Aman Bhaban, 155 Bangabondhu Road, Narayanganj",1400,https://foodpanda.com.bd/restaurant/l72u/dominos-pizza-narayanganj
j0ax,19209,Mithai - Santona Market,Mithai - Dhaka,Narayanganj,Narayanganj,0.1,Cakes|Dessert|Doi|Fast Food,4.5,1247,50.0,0.0,35.0,23.623907,90.499023,"Al Joynal Trade Center, Chashara, Narayanganj",1400,https://foodpanda.com.bd/restaurant/j0ax/mithai-santona-market
l8tg,107050,Dripzy Restuarant BD,,Narayanganj,Narayanganj,0.29,Burgers|Western,4.9,38,50.0,0.0,35.0,23.62209675,90.4978243,"Allama iqbal road , Collage road, chasara, allama iqbal Road, 1400 Narayanganj Sadar, Narayanganj, Bangladesh",1400,https://foodpanda.com.bd/restaurant/l8tg/dripzy-restuarant-bd
i4ey,76924,Mom's Kitchen,,Narayanganj,Narayanganj,0.36,Dessert,2.6,6,50.0,0.0,35.0,23.62121919,90.49787972,"Govt. Tolaram College, Allama Iqbal Rd College Road 23/1 allama iqubal road tolaram collageroad Narayanganj, 1400 Narayanganj Sadar, Narayanganj, Bangladesh",1400,https://foodpanda.com.bd/restaurant/i4ey/moms-kitchen-i4ey
hmks,79073,Fast Bites,,Narayanganj,Narayanganj,0.61,Beverage|Dessert|Fast Food,0.0,0,50.0,0.0,35.0,23.6270481,90.5047865,"Khanpur Hospital Road, Khanpur,Narayanganj",1400,https://foodpanda.com.bd/restaurant/hmks/fast-bites
ek1a,78400,Owasaynath Momos,,Narayanganj,Narayanganj,0.76,Snacks|Beverage|Chinese|Asian|Dumpling,0.0,0,50.0,0.0,35.0,23.6264554,90.5069244,"Khanpur Hospital Road, Khanpur, Narayanganj",1361,https://foodpanda.com.bd/restaurant/ek1a/owasaynath-momos
t5yw,7125,New Pizza Express - Narayanganj,The Corn Dog,Narayanganj,Narayanganj,0.84,Fast Food,4.0,847,50.0,0.0,35.0,23.62603225,90.49217215,"Jamtoal near chabaw restaurant, Narayanganj, Bangladesh",1400,https://foodpanda.com.bd/restaurant/t5yw/new-pizza-express-narayanganj
mloo,80718,Food' Z  Point,,Narayanganj,Narayanganj,1.04,Snacks|Rice Dishes,0.0,0,50.0,0.0,35.0,23.6144305,90.5007013,"Sheikh Rasel Park, Deowbog Pakka Rd 1400, 1400 Narayanganj Sadar, Narayanganj, Bangladesh",1400,https://foodpanda.com.bd/restaurant/mloo/food-z-point
uevz,75208,Rufaida Biriyani House-BD Jeon Foods,,Narayanganj,Narayanganj,1.32,Indian|Biryani|Asian,1.2,5,50.0,0.0,35.0,23.6121334,90.49753995,"2 no baburail, Sheikh Rasel park, Narayanganj",1400,https://foodpanda.com.bd/restaurant/uevz/rufaida-biriyani-house-bd-jeon-foods
mfj7,76063,Deshi Kitchen,,Narayanganj,Narayanganj,2.33,Rice Dishes|Bangladeshi|Asian,4.4,65,50.0,0.0,35.0,23.6029364,90.4974062,"নারায়ণগঞ্জ সদর উপজেলা,  Paikpara master goli, 1400 নারায়ণগঞ্জ সদর, নারায়ণগঞ্জ, Bangladesh",1400,https://foodpanda.com.bd/restaurant/mfj7/deshi-kitchen-mfj7
e70y,99315,Daily Meal,,Narayanganj,Narayanganj,2.4,Chicken|Snacks|Curry|Indian|Biryani|Meat|Bengali|Bangladeshi|Asian,2.3,53,50.0,0.0,35.0,23.6429336,90.4891202,"Makka Tower, Narayanganj,  Shibu Market,  Kather Pur, 1420 Shiddhirganj, Narayanganj, Bangladesh",1420,https://foodpanda.com.bd/restaurant/e70y/daily-meal-e70y
agb6,125298,Food Vibe,,Narayanganj,Narayanganj,2.44,Snacks|Bangladeshi|Asian,0.0,0,50.0,0.0,35.0,23.63267102,90.47807619,"1421 নারায়ণগঞ্জ, Bangladesh",1421,https://foodpanda.com.bd/restaurant/agb6
nrcf,122634,Habib kitchen,,Narayanganj,Narayanganj,2.93,Bangladeshi|Asian,0.0,0,50.0,0.0,35.0,23.6471445,90.5133783,"লাকি বাজার, চৌধুরী বাড়ি লাকিবাজার তালুকদার বাড়ি কুতুবপুর, 2030 Narayanganj, Bangladesh",2030,https://foodpanda.com.bd/restaurant/nrcf
h7mx,127571,Faris Kitchen,,Narayanganj,Narayanganj,0.67,,0.0,0,50.0,0.0,35.0,23.62726945,90.49463377,New chasara jamtola mosjid road,1400,https://foodpanda.com.bd/restaurant/h7mx/faris-kitchen
upng,126359,Baked Delight,,Narayanganj,Narayanganj,0.06,Dessert,0.0,0,50.0,0.0,35.0,23.6234303,90.499607,"1400 Narayanganj Sadar, Narayanganj, Bangladesh",1400,https://foodpanda.com.bd/restaurant/upng/baked-delight
pnbd,76149,Pizza D'italia,,Narayanganj,Narayanganj,0.06,Rice Dishes|Fast Food,0.0,0,50.0,0.0,35.0,23.6236427,90.4994486,"Baily Tower, shop No.1, Chasara, Narayanganj",1400,https://foodpanda.com.bd/restaurant/pnbd/pizza-ditalia
gink,78264,Pizza Koi- Chashara,Pizza Koi,Narayanganj,Narayanganj,0.09,Snacks|Italian|Mediterranean|Pizza|Western,0.0,0,50.0,0.0,35.0,23.6230965,90.4995518,"Balur Math, Chasara, Narayanganj",1400,https://foodpanda.com.bd/restaurant/gink/pizza-koi-chashara
kcm6,76099,Freshin Live Bakery,,Narayanganj,Narayanganj,0.18,Snacks|Fast Food|Bakery,4.1,121,50.0,0.0,35.0,23.62397196,90.49822848,"Beside Govt Mohilla College,Chashara; Narayanganj; Bangladesh",1400,https://foodpanda.com.bd/restaurant/kcm6/freshin-live-bakery
sv48,81968,SoulBowl,,Narayanganj,Narayanganj,0.27,Snacks,4.9,5,50.0,0.0,35.0,23.6250387,90.5022848,"Ayesha Bhaban, Mission Para, Narayanganj
Narayanganj - 1460",1460,https://foodpanda.com.bd/restaurant/sv48/soulbowl
pu8m,81969,Smash Burger,,Narayanganj,Narayanganj,0.28,Middle Eastern|Shawarma|Burgers|Western,3.9,9,50.0,0.0,35.0,23.625084,90.502351,"Ayesha Bhaban, Mission Para, Narayanganj
Narayanganj - 1460",1460,https://foodpanda.com.bd/restaurant/pu8m/smash-burger-pu8m
dqtb,78150,Dripzy,,Narayanganj,Narayanganj,0.28,Snacks|Beverage|Burgers|Western,0.0,0,50.0,0.0,35.0,23.62217862,90.49785573,"Near T&T Colony, Allama Iqbal Rd (College Road), 1400 Narayanganj Sadar, Narayanganj, Bangladesh",1400,https://foodpanda.com.bd/restaurant/dqtb/dripzy
b3ql,78394,Pure Bites,,Narayanganj,Narayanganj,0.32,Snacks|Dessert|Burgers|Western,2.9,20,50.0,0.0,35.0,23.62301921,90.50306716,"Adv. HUMAYUN KABIR. 
24/12 Hk benarji road, Narayanganj housing society, Amlapara, Narayanganj",1461,https://foodpanda.com.bd/restaurant/b3ql/pure-bites
zjln,122633,Sweet Tooth,,Narayanganj,Narayanganj,0.49,Dessert,0.0,0,50.0,0.0,35.0,23.62280825,90.49530005,"Rockeya Khatun, Hera Community Centre, Priyanka Armour Goli, Jamtola, Narayanganj 1400, Bangladesh",1400,https://foodpanda.com.bd/restaurant/zjln/sweet-tooth
sxzy,79065,3N Cafe- Garden Area,,Narayanganj,Narayanganj,0.64,Snacks|Curry|Rice Dishes|Italian|Beverage|Mediterranean|Pizza|Western,0.0,0,50.0,0.0,35.0,23.6264087,90.5055572,"Jora tank, Khanpur, Narayanganj",1600,https://foodpanda.com.bd/restaurant/sxzy/3n-cafe-garden-area
ccz0,78257,Adda Khana,,Narayanganj,Narayanganj,0.84,Snacks|Rice Dishes|Beverage,0.0,0,50.0,0.0,35.0,23.6270734,90.50742149,"Khanpur Hospital Road, Khanpur, Narayanganj",1400,https://foodpanda.com.bd/restaurant/ccz0/adda-khana-ccz0
kqtx,76588,The Seven 36,,Narayanganj,Narayanganj,0.85,Turkish|Kebab|Snacks|Middle Eastern|Indian|Soups|Biryani|Asian|Fast Food,3.8,7,50.0,0.0,35.0,23.6261779,90.4920497,"Octo office , Narayanganj, Bangladesh",1400,https://foodpanda.com.bd/restaurant/kqtx/the-seven-36
preg,78021,KABABI- Octo Office,Kababi,Narayanganj,Narayanganj,0.87,Turkish|Kebab|Curry|Middle Eastern|Bangladeshi|Asian,3.6,51,50.0,0.0,35.0,23.6262418,90.4918643,"Octo office, masdair, Narayanganj",1400,https://foodpanda.com.bd/restaurant/preg/kababi-octo-office
s6nl,4234,Fat boy,Fat Boy,Narayanganj,Narayanganj,1.04,Italian|Mediterranean|Pizza|Western|Fast Food,3.2,1487,50.0,0.0,35.0,23.6145055,90.5012398,"Opposite of Morgan Girl's School ,Rhidom Plaza,ground floor, Narayanganj.",1400,https://foodpanda.com.bd/restaurant/s6nl/fat-boy
seme,78272,Himaloy Chinese & Community Center,,Narayanganj,Narayanganj,1.18,Snacks|Curry|Rice Dishes|Bangladeshi|Asian,0.0,0,50.0,0.0,35.0,23.6334749,90.4952979,32.mokbul plaza. new Court side. Narayanganj,1400,https://foodpanda.com.bd/restaurant/seme/himaloy-chinese-and-community-center
dtbd,78936,Love Bite,,Narayanganj,Narayanganj,1.23,Snacks|Rice Dishes|Burgers|Western,1.8,42,50.0,0.0,35.0,23.61275315,90.4997967,"Love bite restaurant & cafa, Deowbog Pakka Rd",1400,https://foodpanda.com.bd/restaurant/dtbd/love-bite
ub3c,77923,Riziq,,Narayanganj,Narayanganj,1.85,Juice Corner|Snacks|Beverage|Burgers|Western|Fast Food,4.1,15,50.0,0.0,35.0,23.6403943,90.5017212,"Fakir Knitwears Ltd., Fakir Rd, 1421 Narayanganj Sadar, Narayanganj, Bangladesh",1421,https://foodpanda.com.bd/restaurant/ub3c/riziq-ub3c
m5bp,78193,Achari Bazar by Jesmee,,Narayanganj,Narayanganj,1.9,Snacks,0.0,0,50.0,0.0,35.0,23.6067064,90.4988841,"212/2, shahsuja road, paik Pooler Dhale, Beside Foodland Bakery, 1400 Narayanganj Sadar, Narayanganj, Bangladesh",1400,https://foodpanda.com.bd/restaurant/m5bp/achari-bazar-by-jesmee
sbqg,77489,Baraka Meals,,Narayanganj,Narayanganj,2.16,Snacks|Bangladeshi|Asian,0.0,0,50.0,0.0,35.0,23.604788,90.49553,"Shasuja Road, Paikpara Boro Koborsthan ( Daan DIkher Road )",207,https://foodpanda.com.bd/restaurant/sbqg/baraka-meals
mid4,32666,Mizan Halim,,Narayanganj,Narayanganj,2.37,Snacks|Chotpoti & Fuchka|Bangladeshi|Doi|Asian,4.7,64,50.0,0.0,35.0,23.64347345,90.4911452,"Upozila bank mor, sibu market, Fatullah, Narayanganj",1400,https://foodpanda.com.bd/restaurant/mid4/mizan-halim
ynts,122876,Anni's Kitchen,,Narayanganj,Narayanganj,2.4,Bangladeshi|Asian,0.0,0,50.0,0.0,35.0,23.64095205,90.48566246,"Mohila Madrasa, Kotalerbug, Fatullah, 1420 Narayanganj Sadar, Narayanganj, Bangladesh",1420,https://foodpanda.com.bd/restaurant/ynts
y5y0,78283,Mitar Rannaghor,,Narayanganj,Narayanganj,2.43,Snacks|Curry|Rice Dishes|Bangladeshi|Asian,0.0,0,50.0,0.0,35.0,23.6268796,90.4763955,"Sanaullah nurir bari, Munshiganj Hwy, Bscic, Shashongao, Fotullah, Narayanganj-1420",1420,https://foodpanda.com.bd/restaurant/y5y0/mitar-rannaghor
qwl1,77864,ML Foods & Confectionary,,Narayanganj,Narayanganj,2.51,Dessert|Fast Food,0.0,0,50.0,0.0,35.0,23.64614378,90.4965468,"Purbo Lamapara, Near Ruposhi
Garments, Shibu market, fatullah, Narayangan",1420,https://foodpanda.com.bd/restaurant/qwl1/ml-foods-and-confectionary
unqn,77623,Gol Morich,,Narayanganj,Fatullah,3.06,Snacks|Dessert|Fast Food,4.8,108,50.0,0.0,35.0,23.6555503,90.5049567,"2number modhughor nurani jame mosjid., 1400 Shiddhirganj, Narayanganj, Bangladesh",1400,https://foodpanda.com.bd/restaurant/unqn/gol-morich
tq99,76075,Shoshurbari Chinese Restaurant,,Narayanganj,Fatullah,1.31,Chicken|Meat|Chinese|Asian|Fast Food,3.8,74,50.0,0.0,25.0,23.68867558,90.51422184,"Siddhirgonj Pool, Narayangonj",1200,https://foodpanda.com.bd/restaurant/tq99/shoshurbari-chinese-restaurant
px7w,73563,Allahar Dan Biryani House - CTG Road,,Narayanganj,Fatullah,1.69,Rice Dishes,4.6,143,50.0,0.0,25.0,23.69715102,90.50915691,"Minar Mosjid Siri Bhaban, Chittagong Road, Narayanganj 1400",1430,https://foodpanda.com.bd/restaurant/px7w/allahar-dan-biryani-house-ctg-road
rzv9,71433,Mithai- Narayanganj Shanarpar,Mithai - Dhaka,Narayanganj,Fatullah,1.93,Cakes|Dessert|Doi|Fast Food,4.5,313,50.0,0.0,30.0,23.696087,90.49047715,"14, Block B, Shanarpar, Shiddhirganj, Narayanganj",1400,https://foodpanda.com.bd/restaurant/rzv9/mithai-narayanganj-shanarpar
