vendor_code,review_count,avg_rating,positive_count,sample_review_text,sample_reviewer,sample_rating
tfsc,30,3.7,54,The burger made me sick 😭 ,Monir,
pc80,16,3.51,25,Please..Dakati off koren. you are charging 60tk for a vorta and dicchen this tiny amount? same goes for tita korola and chicken.  etw taka dhore rakhsen but anount etw kom,Tahseen,
mqt9,15,3.26,18,There is no chicken in the corn soup. I gave it for a patient. And there was no chicken only the eggs and corns. You should write no chicken piece is available here. ,Shagufta,
gdzv,30,3.61,44,The wedges good as always. The packaging can be improved. Current box system makes the wedges somewhat soggy,Farhan,
vopm,30,3.53,43,motomoti 👍🏻,md,
f9xr,30,3.31,37,"It's good, but the dal could be better.",Masum,
u2qd,30,3.39,42,Be aware literally old burnt cake send korse era quality eto drop korse ekta chain restaurant er naki ei obosta kichu bolernai,Tanzina,
dz6a,30,3.3,41,"the cake was fresh and rich in chocolate, not too sweet, just the perfect amount. would recommend, way better than normal chocolate cakes",Samin,
u3ua,30,3.41,42,"Do you hate your customers? If not, then why are the slice's size so small? Like half of what it used to be. A pretty bad way to push your customers away, don't you think? ",Rafi,
j7st,15,3.34,19,Fishes were way too much fried befor cooking.,shah,
yxpt,20,2.96,23,worst shawrma I have ever had.kono mangsho nai sudhu salad r meyo diye rakhse,Tahsin,
po9m,15,4.28,32,tasty & yummy ♥️,Rupa,
kcm6,30,3.05,38,"খেতে মোটা মোটি, কিন্তু ডিগ্যারেশন সুন্দর 🌿",Md,
ciig,4,2.45,4,BUYERS BEWARE: the amount of money I paid for the Mud Cake that smells like a chemistry lab. The baking powder was so overused that it ruined the entire flavor. Save your money and order ELSEWHERE!!!!,Faisal,
u137,25,2.97,25,khubi baje kcelo ......beef deche 4pic 3rd class 😞,md,
p5br,17,2.95,21,১ পিস momo kom dewa hoise purata moida chicken ar piriman akdom e nai baje akdom ,Nurjahan,
el1j,2,1.8,1,worst,Afif,
pixy,30,3.67,57,"Good food, purely homemade ❤️",Momtazul,
q2ry,5,3.43,8,ager diner cha valo chilo na ajke valo kore diyen ghono kore,Ayesha,
u5ot,30,2.65,29,"worst quality,  service is very bad",Shad,
e45a,30,3.1,41, বিফ কাচ্ছি বইলা বিফ তেহারী ও চিকেন বিরিয়ানি mix কইরা দিছে।,Md,
innd,23,2.69,21,"Worst tasting pasta ever. They used low quality pasta,it tasted sour and it had no cheese no salt . Whoever made this pasta should stop working here. The owner should look into this matter. 23.04.2026",Aminul,
znm0,30,3.43,45,well the crust fell apart but it was good for the price.,Raicha,
zp26,25,3.32,36,packeging is too much poor.rider behaviour is bad,Shakila,
l73e,11,3.77,16,the fried rice item was one of thest of my life😍 i have ordered one more time from here. but this was thest of the best.🥰,Hasan,
nk4d,30,3.22,35,অর্ডার দিলাম ৮ পিছ ৬ পিছ পাঠালেন কেন?🤬🤬🤬,Kawsar,
auf5,2,4.33,4,Average ,Nirzona,
p55e,30,3.85,43,too good ,Prova,
x4if,30,3.49,43,"I paid for 7 pieces, they give me 5. And the taste is below average. ",Zara,
sz4j,21,2.21,17,khabar ta purai baje.. oder ki dilam r dilo.. taka marar dhandha..faul ,Joy,
w632,30,3.97,53,যারা এই মোমো কে এত্ত ভালো ভালো রেটিং দেন তারা হয়ত জীবনে ভালো মোমো খান নি। নয়ত ভিতরে সয়াবিন দেয়া মমো কেনো এত রেটিং আমার বুঝে আসে না। মাশরুম মমো তে মাশরুমের চিহ্নও ছিলো না। বার্বিকিউ তিতা হয়ে গেছিলো।,Nure,
ejx2,9,2.14,3,Un cooked fries nd bad tasting sauce,Shihab,
y87t,30,3.77,54,"Instead of family box, single box preferred. Quality and taste is good",Anup,
rh7g,1,2.33,1,"Food was horrible! The fuchka shells were old and stale, the filling was dry, the টক was average. The sweet corn tasted like they mixed sugar with water and corn starch and added it to the corn. Yuck!",A,
ou6o,30,3.25,43,all item are high class.  food is so good,Shawon,
v189,2,2.67,2,3rd class Kono test e Pai nai,Nirob,
qukh,30,3.0,35,"Quantity is very poor, tar upr meat gula kmn over fried r onnek salty, quality is terrible",Mumtaza,
oy5p,30,2.72,28,"Quantity was good,taste was good as well",Anowar,
rjss,3,4.71,7,👍,Hisham,
gn0j,19,3.37,30,Good selection in the silver box at a reasonable price. ,Rezwan,
nsgg,23,3.43,33,alhamdulillah ,Md,
s6yd,30,3.46,43,The food is simply delicious!!! My fav Chinese food in Dhaka . ,Tasleema,
ki7y,5,3.67,8,"I ordered Italian pizza, Italian Margherita pizza, and Naga pasta, but none of them tasted good.
",Chelsia,
j5aq,23,3.66,36,so so,Snigdha,
dif1,9,3.67,14,"Taste was very good, warm food, but pricey though hough according to quantity. ",Esrat,
ymcr,30,2.71,29,insane quality drop ,Maliha,
naup,30,3.99,53,খাবার ভালো ছিল।,Jufra,
omz6,30,3.64,48,bhat ta pocha shuru korsilo emon type smell chilo,Naruto,
byia,4,3.0,5,Packaging khub e kharap,Foyaz,
vlh9,2,1.0,0,ordered 4 sgwarmas . each costing 100 taka . but inside the shwarma was only a bunch of mayonnaise and cucumber along with tiny bits of chicken . Didn't taste good.,Farhana,
tcfo,5,2.69,5,বাজে বার্গার এই বার্গার খাওয়া মানে টাকা নষ্ট করা এই বার্গারের মধ্যে চিজ নাই মাংস নাই ছবিতে যা দেখাইছে পুরাই আলাদা ৪০ টাকা বাজারের কথা বলে ১০০ টাকা নিয়েছে হুদাই। কেউ নিবেন না। বাঁশি বার্গার ,no,
kgb8,28,3.11,34,অর্ডারের ২ টা পাতলা নান দেয় নাই,kabir,
nxah,1,5.0,3,perfect ,HITOMI,
jrbf,9,2.09,6,nice,MdShajdul,
qtjj,26,3.09,32,একেবারে বাঝে খাবার ছিলো এইগুলো,Abu,
dyuo,8,3.18,12,faltu rider.  ami order cancel korsi. but uni eikhane dekhaise delivery kora hoise.  vulval picture slow kore dekhaise order delivery kora hoise. ,Iffat,
yvxw,30,4.26,62,The taste was good. Perfect for 2 person. However the packaging can be improved.,Sakhawat,
nlge,30,2.32,26,They always take too much time to deliver food,Anik,
fpva,30,3.25,41,বলে দিছিলাম দুইটাই থাই পিস দিতে কিন্তু দিলো না,Asma,
h73g,30,3.22,40,Tehari ta sei moja chilo,Maliha,
ljyc,1,2.0,0,"প্রথম অর্ডার, সন্তুষ্ট হতে পারলাম না কারণ দামের তুলনায় পরিমাণ অস্বাভাবিক কম। খাবারের স্বাদ মোটামুটি।প্রতিটা খাবারে লবণ বেশি। গরুর মাংস দুই পিস এক পিস চর্বি দিয়েছে। এই দামে প্রতারণা এটা।",Rafida,
ocjq,17,3.75,26,tasty,Galib,
z09z,18,3.74,28,"একদম ফ্রেশ বাসার খাবার,,ভাতের চাল টা পারফেক্ট ",mayfkatul,
ya5c,1,4.0,2,nice,Iffat,
ntei,1,4.33,3,rice taratari ses Holo kamne??,Bijoy,
vwsg,8,2.58,6,The packaging needs to be improved—food spilled from all the boxes. The delivery person also needs to be more careful.,Riyad,
mxe4,30,4.02,45,alhamdulillah valo servis,Sayeed,
rpls,30,2.87,35,"এতো সময় লাগে। অনেক বেশি সময়, প্রতিবার। খাবার খুব ভালো কিন্তু এত সময় চাপ ",Swagoto,
c9m0,30,2.33,22,কোরিয়ান গার্লিক চিকেনটা ফালতু একটা আইটেম।বাকওয়াস 😩,Anika,
sled,9,3.0,10,"Packing is so baad, we love the food but it ends up becoming worst to eat at that time",Radhika,
rrtx,18,2.91,20,Taste was good but packaging ta aro valo korte hobe,Ridoy,
qjum,3,2.14,1,মোটামুটি চলে।তেমন আহামরি কোন টেস্ট না কাজ চালানোর জন্য ঠিকাছে। রেটিং দিব 4/10,Zasia,
fqbl,30,3.11,30,drink not packaged properly ,Zeinab,
fvla,1,3.67,1, খাবারটা মোটামুটি ভালই ছিল কিন্তু গ্রেভিটা আরেকটু  ঘন হওয়া উচিত ছিল ,Arif,
zl8d,30,3.17,36,They don’t give black mushroom in seafood fried rice they always do the same when customer order their food in online platform they don’t give black mushroom and also squid  amount is very poor,Nusrat,
xrdo,30,3.95,54,Good 1 ,Rezwan,
lxrx,17,3.6,28,"worses test,ever,the meat was test like yukkk!!!,its not haleeem its something shit!like ",Makshuda,
stbz,7,3.0,10,Meat Box Regular er jaygay Small disen,Abdur,
vzq4,1,3.0,2,good,Abdullah,
uf7b,30,3.19,41,the best...etto mojar Khabar MashaAllah..plz dore raikhen ei maan ta..Alhamdulillah ,Ayasha,
u2yf,30,3.33,34,হাফ বিরিয়ানিতে মাত্র ২ টুকরা মাংস ছিল 😡,Sanjida,
va3r,2,3.0,3,Pocha shokto pudding manush kmne dei iftarir time e ??? Business owner der to bibek thake . Allah r kache ki jobab diben ? Worst worst r jibon s o order korbo na,Nuzhat,
rgxj,30,3.03,34,It was soggy and undercooked. 😞,Saima,
lw1v,1,3.67,1,taste Average.. Dim vuna ta beshi patla na hoye ektu makho makho hole test valo hoto. ,Sheikh,
j516,16,4.24,36,fried chicken always best but burger er patty ta onek besi salty chilo echara sob thik chilo.,Sajjad,
slbo,30,2.79,32,"Excessive oily, oil from the wrap leaking everywhere, doesn’t taste good either, one if the worst i had, waste of money",Masruk,
aa6g,6,3.93,11,They should learn how to prepare juices first. Absolutely trash,Nahidul,
bv80,7,3.94,11,unader mint lemonade always best..bt jam juice oirkm valo lage nai,Tanzin,
s3dj,30,2.72,26,"গ্রিল টা একদম পুড়ে  ফেলছে,  ভালো না ",Rajib,
y74n,19,3.12,27,পঁচা-গন্ধ খিচুড়ি দিয়েছে। ছিঁ!,MD.SADEQUR,
cd4o,30,4.01,56,"best,Keep it up ",Onoshi,
pbde,24,3.47,34,love their have been ordered from the for the past year or so but recently they took so long i payed extra but my order came in an hr ghor theka restaurant is just walking distance disappointed ,Raihana,
wrkz,28,3.99,48,I always order for Chawmein / Dragon Noodles. Today I tried Chicken momo & Fries. Momo was really tasty and loved the chili oil.  Also Fries was crispy and honestly it’s good for two persons. ,FARABEE,
s2yv,18,3.1,18,quality of kababs has decreased ,Shakhi,
zoa7,30,3.18,42,"I ordered 5 burgers, among them 2 of the burger bun was too hard 😔",Rafid,
s4jr,30,2.72,30,Poor packaging. Anyone could open and eat it lol. Fish tots quantity was half the box and didn’t provide any sauce with french fries so careless behavior. The burger felt very heavy on stomach v oily,Sha,
pcwv,21,3.33,29,not worth the money. portion size not acceptable ,Najiba,
lfxp,12,3.89,17,Packaging needs improvement,Tashfin,
cpbk,22,2.4,20,"Got my order wrong, I order a 10 inch pizza and they delivered a 8 inch one",Munshi,
ebiu,6,4.29,11,great quality and value,Michael,
vloi,11,2.93,14,Delivery boy demands extra money for his father’s illness ,Sarah,
u0xt,30,3.22,37,Worst burger ever,Mahtab,
rjfi,4,3.36,7,I usually like kavazo but this time all the cakes tasted strange. Couldn’t find any strawberry compote & chocolate cake smells like soap ,Monica,
s4xc,30,3.71,45,Taste good ,Md,
xmxs,8,4.71,19,The food is very nice.,Bijon,
zngp,30,2.72,29,Love it ,Mrs,
s5pp,30,2.92,34,"Taste was good, ফুচকা quantity(6 pieces) price wise not enough.",Sumita,
se7b,30,2.24,23,Chicken fry is totally burnt ,Sayedatun,
fdg4,30,3.64,41,always good,Lipi,
wcab,18,2.91,18,So So taste,Onoshi,
oxgq,30,3.4,46,Crispy fried chicken was too oily. It wasn’t fresh. Very less amount of chicken and sausage in Chick N Sausage compared to price. Need improvement. ,Atoshi,
uk4y,20,3.93,37,Good as usual.    One suggestion ruti & omelet price should reduce around 50 taka.,Rebah,
itay,30,3.24,36,valo silo onk moja ,Mafia's,
s4gb,25,3.62,40,Menu is not updated. Gets canceled after being ordered ,Saika,
gpyi,4,1.0,0,I ordered mango milk shake and was delivered just mango juice,Ameena,
o8xo,30,3.29,44,I ordered chicken chawmin but there was barely any chicken and it had only a little sauce on them. waste of money.,Nusrat,
j57u,12,2.53,12,"meat pura silo, amount kom silo ",Nusrat,
p3qc,9,3.17,12,"The beef was well-seasoned, but the food had gone cold by the time the delivery arrived. Reasonably good fried rice, too. ",Hira,
tydb,3,1.0,0,onik bajay🤮,dilshan,
kjqe,11,2.57,11,"Wow, I had no idea cardboard with cheese could taste this amazing!!!!!!!
",Roza,
vgjy,30,3.57,43,dry old grill,Ishtiaque,
lhw6,8,3.9,14,zero taste and lots oil,Fardin,
nq23,5,3.73,7,thank you ,Mohammed,
itv4,25,3.56,41,"অনেক টেস্টি হয়েছে মিটবক্সটা,, ধন্যবাদ এরকম ভালো খাবার দেওয়ার জন্য,, ",Zara,
yri0,30,2.75,30,valo hoy nai temon,Shariar,
nxb9,30,3.29,37,খুবই ছোট সাইজের ,Afsana,
dzmu,14,3.54,24,The french tast was super cold as ice and their special sandwich is specifically delicious for dogs to eat. Super cool for insects to crawl on. ,ABU,
m5gx,7,2.29,5,So awful taste I mean my 5y/o can make better pasta. ,Onoshi,
j8ui,30,2.67,27,"lobon ta khub beshi chilo,",Ak,
m9to,4,4.2,8,Awesome,Rezwan,
hj5c,1,2.33,1,"packaged hot tea using plastic cups and cling foil. Tea didn't smell of tea but rather of melted plastic. If you are operating as a restaurant,  better invest some money on packaging!",Sifat,
pkiv,30,3.56,45,The food is frozen,Payel,
sptm,6,3.27,8,Packaging wasn’t good. It dropped half of my coffee.,Md,
t86i,30,4.29,61,very oily,Ataur,
qkwe,2,4.33,4,"দাম হিসেবে ইফতার কম্বো টা পরিমাণে স্যাটিসফায়িং ছিলনা, আর তেহরির পরিমাণ আগের তুলনায় কম ছিল!",Tana,
askx,27,3.5,37,Good as always,Sayem,
f7te,5,3.57,8,very bad. 6pcs momo were very small in size.20% ingredient.bad packaging . Bad taste. Only sauce was good.over priced.,Md,
s68v,30,3.51,43,Good 👍🏻 ,Mushfika,
n3i9,8,3.5,12,"লাউ চিংড়ি তে চিংড়ি পেলাম না। পাঙ্গাস মাছ থেকে কাচা মসলার গন্ধ যায়নি, বোধহয় তাড়াহুরো করে রানা করা, খেতে একেবারেই সুস্বাদু না।  ",Rumman,
k20q,2,1.8,1,"purchased chamcham from your shop, and unfortunately, the product did not meet expected quality standards. The chamcham had an unpleasant smell and an off taste, ",Hasan,
t8mq,30,3.96,53,good,Samius,
rd27,1,3.0,0,low quantity ,Maruf,
xrb5,11,3.3,15,Parcel are not match with order ....it's not good.,Shuvanroy,
ce6k,7,2.44,7,it was just worst. Tara eitar care o kore na I guess j manusher taka mere khache. Etto bajae khabar kemne?! abar daam rakhse 100taka,Reeti,
npsr,5,3.0,6,The food wasn't fresh. ,Faozia,
y661,30,3.14,37,The pudding was awful ,Brishti,
jfpn,30,2.56,23,There have been no egg. it's not pleasure to me. I think u changed it .. ,Mia,
zdhs,7,3.71,9,They don’t taste fresh at all! Some of the flavours were made 3-4 months ago as written on manufacturing date. ,Nibras,
jon1,15,3.97,29,"Amazing taste and flavour but the soup needs to be less oily, it was too greasy and the noodles quality needs to improve, but overall very good khao soi",Tazwar,
ia82,23,3.22,31,"Good, but appreciate more if the discount applied ",Ahliya,
gswo,30,3.31,44,"৩/৪ টুকরো মাশরুম,ছবি আর বাস্তবের মিল নেই ",Zishan,
pxxc,6,2.41,5,amar life emon kharap pizza eto low quality eto baje pizza dekhi nai,Rajib,
cmw0,2,2.33,2,I found a piece of hair in the box,Md,
s9k2,3,3.0,3,Very disgusting… there was a weird smell in the pasta,Faiyaaz,
pjmj,14,4.24,28,Top Notch !!! ,Penguin,
yaoh,30,3.64,48,Good food but like meatloaf pic e jemon ase shei rokom na so Lowkey scam lagse mane size e onk choto so not worth 60tk  taste motamoti ,Nazia,
f6py,24,3.03,28,Mediocre taste. Not worth it. Salmon and tuna were mostly bland maybe they were old and the chicken bbq was not very good and neither was the dumplings,Ismail,
t8fy,30,2.8,31,খাবার গুলো বাসি ছিল।,Salim,
zk2d,30,3.41,43,"Good but not that much good what i want, But all over it’s ok.You have to improve more.",Md,
u5sf,30,2.52,25,The worst food I have ever had…the restaurant should refund my money ,TANJIN,
k9of,30,2.56,28,চিংড়ি তে লবণ দেওয়া হয়নি,Bankim,
rpzo,9,4.08,19,Orange was better..,Taneem,
gu1e,5,3.55,7,good taste ,Md.,
nnk0,1,5.0,3,Very good food with budget price,Musaddiq,
eexu,5,3.33,6,প্যাকেজিং প্রতি যত্নবান হওয়া উচিত। খাবার এভারেজ।,Nasim,
zfg5,23,3.21,35,একটা পরোটা ২৫ টাকা করে রাখলেন সাইজ এত ছোট আর পাতলা কি আর বলব। হোটেল এর ১০ টাকার পরোটা ও আপনাদের পরোটার থেকে মোটা আর বড়। ,Farabe,
ypb5,30,3.51,41,good service ,Rumi,
z6qs,30,4.06,54,The chicken was spoiled it was smelling too bad i gut sick after one bite  the way virus are spreading they should be get sued because of this,Amena,
vmpu,30,3.46,42,Only 3 pc small chicken including bone. What kind of disgusting service is this? I want to return the food right now ,Sumaiya,
dh21,10,2.63,11,"excessively sweet.. each item..! Not edible enough.. moreover, chowmin is highly salted..!",Imrul,
a3gh,19,2.77,17,bro it's so so good I love this 😀 🙌 ,muna,
dj8p,23,3.81,39,"Me and my wife got sick after having their food, although it didn't taste bad",Ashiq,
j4w2,30,4.18,61,The wonton is amazing but everything else was so little and tasted so bad,Tahiya,
cpk8,24,3.95,44,"one of the best momos out there 
",Fatema,
csw6,10,3.15,12,"That ramen menu is a scam. 0/10, complete waste of money. One of the worst decisions I’ve made in my life. Do not recommend.",Afrha,
a9ws,20,3.64,31,Ora majhe majhe moja kore banai ar majhe majhe ekdom khawa jai ,Farzana,
m70b,30,3.17,38,"I expected much better because of other reviews, But I was disappointed. Pasta was bitter as it was Almost burnt. The lolipop had a bad smell to it ",Shariar,
hfg1,30,3.83,55,Took so much time to deliver as the product was Nehari,Syed,
kxie,30,3.29,38,"আমার কাছে খুবই বাজে লাগছে। দেখে ভেবেছিলাম যে খুব বেশি টেস্ট হবে, কিন্তু না।",Asif,
kr52,1,5.0,3,Burger ta khub valo chilo and Fresh.❤️,Sathi,
mwc0,27,2.63,21,order korechi mixed fried rice ar dise egg fried rice.. ar crispy fried chicken er bodole ki jani akta dise,Rubina,
vhow,30,2.64,24,Alu bhaji te lobon beshi.. paratha average,Fahmid,
j920,1,5.0,3,দামের তুলনায় রসমালাইটা ভাল লেগেছে। বেশি মিষ্টি না আবার কম মিষ্টিও না। ,mabubul,
fsak,2,4.0,4,রেগুলার সাইজের মিট বক্সের প্রাইস নিয়ে মিনি সাইজের মিট বক্স দিয়েছে । রাতের বেলায় বাটপারি করে । খাবারও একটু বাসি ছিল ,Afsana,
rhgb,24,2.86,20,"আমার জিবনে যতবার চুই ঝাল খেয়েছি তার মধ্যে সব থেকে জঘন্য চুইঝাল এইটা, দুইটা অর্ডার করেছিলাম আমার মনে হয় সব থেকে বড় ভুল আমার এইটা ",Arafat,
iplw,5,2.82,5,"Butter fried rice had no butter at all,so disappointing,never gonna order this again.",Pushpita,
urs5,30,2.21,23,their service was really slow,Tasmia,
jf1i,30,3.1,38,Very bad quality product.,Rezwanur,
d6k0,8,2.6,8,I didn't like it.,Bargee,
oj85,18,3.08,23,Very good ,Naim,
mzco,14,2.62,12,The pizza was cold and very less toppings,Nazmus,
s4zc,15,2.65,15,Doi Bora was not tasty. the kababs were average.,Sumu,
ntkj,7,4.89,19,excellent value for money ,Albaab,
bf9f,30,2.83,35,test good. but delivery is soo late. ,Zaba,
pnbd,1,3.67,1,"অন্থন ডেলিভারি পেয়েছি ৭ পিস, বুঝলাম না ১ পিস কোথায় মিসিং হলো!!! ",Aslam,
crjq,2,2.2,1,I ordered that but sent them another,Kamrun,
qdr0,30,2.35,21,এক নাম্বারের ফাউল এরা বাসি পচা খাবার দেয় আমি বট ভুনা নিয়েছি পুরো টক পঁচা গন্ধ সেই খাবার দিছে আমাকে টাকা দিয়ে কিনে খাবারটা পুরো টা ফেলে দিতে হয়ছে জানোয়ার ১ নং এর কেউ এদের থেকে কিচ্ছু অর্ডার করবেন না🤬?,israt,
fhd2,30,3.53,47,got bad smell from chicken ,Proma,
mfj7,22,3.95,41,khaber ar man khub valo ,Safiul,
hpuz,1,2.33,1,worst pizza compared to price.,Raiyan,
mqko,30,3.79,56,moja,Mymona,
s7zs,30,3.91,57,AMAZING! All time best burger shop. I've really lost count on how many times I've ordered from this place. Can't help myself from these burgers!,Jaida,
x0xc,22,2.73,22,Very tasty food! ,Shireen,
fktq,30,3.19,34,rong item ,Ibrahim,
dca0,30,3.91,57,10/10,Raisa,
acks,30,4.12,48,Really loved the shawarma 🤤 garlic sauce ta ekdom perfect. Totally worth the price!. And also falafel ta batter chilo bt arktu batter korla valo hoy baki all joss chilo ,Sanjida,
vyta,1,1.0,0,didn't deliver chicken chaap. whatever delivered not edible ,Mizanur,
dt7j,30,2.53,24,chicken was too dry.. will not recommend. ,Fareha,
u2ib,30,3.49,43,The rice tastes sooo good...not too spicy and not too bland. The chickens were excellent.. tender and tangy! U could have given some sweetened sides. ,Sany,
ajn9,28,2.85,29,good,Muhammad,
h19c,24,3.4,38,Worst food quality. ,Kauser,
q3wc,2,5.0,4,Food perfect,Md,
gm08,1,1.0,0,"❌️❌️❌️ কেউ এই কিচেনে অর্ডার করবেন না। সে অর্ডার নিয়ে মোবাইল আর কিচেন অফ করে রাখে। আমার টাকা মেরে দিয়েছে। 😞 মাঝখানে রাইডার ছেলেটার সময় নষ্ট করল, এই Shop এর Owner। কেউ অর্ডার করবেন না। ",Jamilur,
x60s,18,3.05,20,"কোনভাবে দায়সারা ভাবে বানায়, নিম্নমানের",Rayan,
xf94,23,3.48,35,Best burger & pop chicken highly recommend  ,Onib,
i336,1,5.0,2,Wow! Ordered for the first time. The quality and quantity were good. I would love to be your regular customer. Thanks!,Sabbir,
a9ia,3,3.0,4,"this restaurant food is so bad. rice & baji very little, totally frot",MD.,
twge,30,2.47,21,বার্গার এর বানগুলো ভালো না।আর তাছাড়া খাবার রেডি করে ডেলিভারি করতে অনেক সময় লেগেছে।খাবার একদমই ঠান্ডা ছিল।,Anrocks,
u8rq,30,3.38,39,good,Black,
awdz,30,1.82,13,"ফ্রিজের খিচুড়ি গরম করে দিছে ধুয়া ওঠা গন্ধ চিকেন কাঁচা, বেগুন ভাজি ২ পিস দেওয়ার কথা থাকলেও এক পিস দিছে, কোয়ান্টিটি মোটামুটি ঠিক আছে। রাইডারের ব্যবহার ঠিক ছিল।",Md,
z0y9,30,3.41,40,poor quality cheese and where is fking sauce??? how will eat this momo without sauce or chutny?,Tamanna,
ztoj,4,1.44,1,How come u guys sent undercooked Ruti & alu vhaji taste awful. Also dim vhaji ki baje vhabe pathaisen...disgusting ,Tasnia,
dtbd,23,2.59,25,ekhankar khabar khubi baje,Rabiul,
a7gz,19,4.45,36,delicious,Aveen,
ce9w,20,2.76,21,not good,Loba,
yqq3,11,2.73,12,"Set menu-2, Nachos, and Potato Wedges are the tastiest! 😋 Restaurant early khulle valo hoito...",Tanjida,
oj6t,20,3.68,31,গরুর মাথার মাংসও ভুড়ি নিয়েছিলাম।তবে পেয়েছি অনেক বেশি আলু।ছবিতে বা লিখায় কোথাও ছিলনা সেটা।স্বাদ খারাপ না তবে আমি চাইব দাম বাড়ায় হলেও পরিমাণ বাড়ানো হোক।আলু ছাড়া পরিমাণ ঠিক দিলে ৪স্টার দেওয়া সম্ভব। ,Saifullah,
onq7,6,2.43,5,Wrong product. Ordered Faluda and they gave me something else.,Asowad,
c8u2,20,3.08,22,দাম অনুযায়ী চিকেন গুলা ছোট দিয়েছে।কিন্তু তাদের চিকেন গুলো ফ্রেশ। এর থেকে এলাকার দামও কম প্লাস টেস্টটা ভালো হয়। ,Shoa,
kk6r,10,2.07,7,আমি অর্ডার দিয়েছি রাজকচুরি কিন্তু আমাকে ডেলিভারি করছে মিটবক্স,Nisat,
d3fm,1,2.33,1,"it’s nothing like showing in the menu, and complitly covered with chocolate and other things, also too sweet to eat. wouldn’t order again from them. ",Mizanur,
alh2,1,2.33,1,"আগে রামিন নুডলস কাকে বলে, দেখতে কেমন হয়, কিভাবে বানায়, কিভাবে সার্ভ করে শেখেন, তারপর বিক্রি করেন। যত্তসব দুই নম্বরি শুরু করেছে। জীবনে চোখে দেখেছেন রামিন নুডলস ",Afroza,
s8kx,30,2.86,32,good ,Mohammad,
acgp,10,3.29,11,"ফ্রেশ দই ইউজ করবেন। সকালে খালি পেটে এসব নাস্তা অর্ডার দেওয়ার মানেই হচ্ছে পেট টা যেহেতু ঠিক থাকে। তাই যাই দেন না কেনো, ভালো টা দেওয়ার চেষ্টা করবেন। ",Molay,
a751,30,3.41,43,Good,Muzahar,
cf65,23,2.79,24,Ordered chicken steak burger but got a different dish,Yeamin,
bsqt,30,3.17,33,onk time lagse ashte 5:30 te order disi order ashte ashte 7:15 beje gese.. waffle tao thanda Hoye gesilo.... ,Asafur,
pb2x,26,2.73,25,Not bad. tasty,Shaila,
gyyf,1,1.0,0,Late! Don’t know how to pack a wrap in foil paper :) I was eating aluminum foil paper,Saiful,
aczh,26,3.11,25,"I ordered for my director, Ma'am. she gave good compliment about the food",Abdullah,
vgv0,15,3.33,22,ordered set menu 1 and thai soup thick. Both were delicious though the amount of fried rice should be increased. ,Sadia,
qsbs,9,3.75,16,Taste are fresh and good bhorta gula khub moja,Farin,
ydgi,8,3.17,10,"Found a ""hair"" from Rustic Beef Fold! So unhygienic !!! Never ordering again !  ",Penguin,
ag1f,22,2.48,16,"The packaging quality was really poor in 260 takar kacchi, honestly unexpected at this price point.
And the food quality was very basic, have no special taste at all. Disappointed😞",Mohammad,
ds8t,30,3.24,34,"the gurda was smelly. the beef kheere kebab may be, I don’t recall, was super chewy & hard. other items were good.",Abidatus,
cz19,7,3.32,9,rotten food,A,
w55x,8,2.79,7,বিশ্বের জঘন্য খাবারের প্রতিযোগিতায় এসব খাবার নিয়ে গেলে বিজয়ী হবে। ক্রিস্পি বার্গার কি তা এই ফুড শপের মালিক কখনো খায় নি। আমি টাকা দেব যেন খেয়ে নেয়। আর স্যুপ কম্বোতে অনথন ছিল সেটা দেয় নি।চাওমিন মোটামুটি,Rumi,
rehz,3,2.25,2,"বিচ্ছিরি রকমের ঝাল আর বেস্বাদ খাবার। দেড় ঘন্টা অপেক্ষা করার পর খাবার ডেলিভারি হয়েছে। কিন্তু খাবার এর স্বাদ, মান দুটোই জঘন্য। ৭১৪ টাকায় এই খাবার!!!! ",Nishaduzzaman,
o6a5,17,4.24,34,Delicious! Really tasty! ,Amina,
ngid,1,4.0,2,"The items were tasty, but the rice quantity is very small for a set menu",Tawhid,
ape0,3,2.71,3,মাংস কাঁচা ছিল। টেষ্ট ভালো না একদম বাজে ,Sathi,
pbiy,1,2.33,1,Dam onuzai quantity ekdom kom,Food,
t4ie,30,2.5,24,gave 1 tandoori roti instead of 2 . scammer ,arafin,
hsc4,30,2.35,22,খাবার খুবই বাজে,Md,
y7kb,18,3.67,28,so little quantity. did not expect that. food was good though.,Mehedi,
u2x7,30,3.29,36,Food valo chilo but gorur mangsho te shob tel chilo. mangshoii chilo nah. taka diye kine food er moddhe mangsho pabo nah eita amr kache onekk kharap lagse. but food motamoti.,Tamanna,
km3f,1,2.33,1,the food is very very tasteless.It has made me so disappointed.The food was not even cooked properly.It tasted so bad,Saifun,
olci,30,3.32,43,The food was delicious and the service was excellent. Truly impressed!,Riaz,
sajp,30,3.74,51,the waffale is water licking taste to me and it's kind of different sweet food items. i love it always . . . but in future they must invent some more other flavors .keep it up...,Mahboob,
licl,25,4.33,56,Vegetables was good enough. but ruti basi chilo. ami 4 ta order korechilam 3ta peyechi. chicken was tasteless. Very disappointed. ,Sonali,
nxrf,9,4.18,16,decent tbh,Al,
c83p,30,3.27,42,The crust was so hard and the base dough was so chewy and hard. Very less toppings. Rarely got chicken pieces. Disappointed. ,Lisa,
nibx,8,1.95,5,the worst fuchka I have ever eaten,sharmeen,
fr4t,17,3.35,24,Nice,Laden,
daoe,5,3.0,6,good ,Arko,
u9lr,30,2.61,28,the amount of boti kabab is not enough due to price. and the salad packet was torn. not satisfied,Sumaiya,
pzil,1,5.0,2,খাবারটা অনেক সুস্বাদু ছিল। পরিমান ও অনেক বেশি ছিল। পরবর্তীতে আবার অর্ডার দিব ইনশাল্লাহ। ,Nabil,
ni2q,15,3.35,24, খুবই বাজে ছিলো খাবার।Totally disappointed ,Eyasin,
dfxd,30,3.57,39,i dont know why people are giving this a good review. ,Abdul,
z0qu,21,3.5,24,চুল পেলাম হট ডগে,Ema,
s2qm,22,3.65,35,Excellent ,Rezwan,
a82e,2,2.2,2,the Ice cream was extremely bad taste n watery ,Saira,
ed21,1,1.0,0,"Disappointed with their Service. I have ordered 1 Fuchka & 1 Chotpoti with 3 sandwiches(2 double dacker & 1 Veg)
They Have delivered only 2 normal sub sandwiches with a little piece of sausage.",Saima,
mrst,6,4.0,12,ঠান্ডা ফ্রিজের পিজ্জা দিয়েছে।খুব খারাপ।,Shuvo,
krv8,30,3.53,47,Usually they served good food but today the swarmas was very awful taste ! Most probably they used old staffs in swarma. ,Masud,
t7ws,30,3.66,49,Really very amazing 😍😍,Eshan,
bj0c,2,3.4,3,Worst food ,Rubieat,
ud0e,26,3.29,32,i didn’t get my picked up food. yet marked as picked up. total scam..lost 400tk ,Bushra,
ad8f,30,2.95,31,onk moja,Riyad,
bwm7,30,2.68,31,Tried to see if it's gem or not.I've found out that it is bad.Super dry.Even If the items cost not a lot I will surely not recommend them. ,Majeda,
azkv,30,3.38,44,Very tasty shingara and mint mayonnaise ,Farah,
np8o,30,2.73,28,best as always,Saadiq,
die6,3,1.75,1,The Pizza Bun was too much dry. Tasteless pizza ever,Tanisha,
h588,10,3.41,14,price tulonay size ta aktu Boro Korle kushi hotam,shunzida's,
v1pl,30,2.46,22,Worst taste.  Rice was too bad and fry was just worst. Waste o money . 00/10,Saraha,
s5cj,30,3.52,47,খুবই মজার ছিলো খাবার গুলো ,Daisy,
frmm,30,1.94,17,ফালতু। সময় মেইনটেইন করতে পারে না। রান্না বাজে। একটা অর্ডার করলে আরেকটা দিয়ে দেয়,MD,
cj9f,13,4.2,27,মা শা আল্লাহ। আমার মা ঠিক এভাবেই আলু ভাজি আর রুটি বানায়। ২২ পিস রুটি অর্ডার করেছি ফ্রোজেন করে খাবো বলে। কিন্তু এক বসায় ৭/৮ পিস শেষ। এত্ত ভালো খাবার আমি যাই বলব কম হবে। মন থেকে দুয়া আপনাদের জন্য। ,Nure,
l87l,3,3.44,5,Stale food. Very weird seasoning. Just avoid. ,Samdani,
npox,1,2.33,1,Worst food I ever had 🤢,Farah,
xbfi,30,3.66,44,khabar gulo khub moja ar goromo silo .  ami ai pothom setisfai  ar sob somoy jade amra airokom fresh  ar quality bojai thake jate cutumarsetisfai hobe barbarjabe.amar khub valo lagse.☺️,Sayla,
rofg,2,3.67,4,"খুবই নিম্নমানের,গোস্ট খুজেই পাওয়া যায় না ১ পিস কে ৪ পিস করে দিয়েছে,রোজার দিনে বাজে এক্সপেরিয়েন্স করলাম",M,
k1ou,7,2.25,4,"the quantity in the meatbox in the picture and the one given to me does not match, Also the cold coffee cup came in the worst condition possible ",Areeq,
l4i1,18,3.77,30,vorta gula beat,Ibna,
a7e9,10,2.39,7,Zero star dear bebosta thakle valo hoto. Burger er description er sathe kuno mil nai. Bolbe ekta dibe ar ekta. Burger er modhe pocha gondho. Pora chicken silo. Ar tong dokaner 5 takar sokto bread.Thuh,Shadman,
m7i5,30,3.37,39,"The package said it has bhuna khichuri,  with beef ang egg. but the egg was missing ",Antora,
mc96,30,2.86,32,Pizza was really bad. Worst pizza ever,Swobaat,
jqbn,25,3.6,42,Purai Faltu. Beef Turkish Burger er bun fangas dhora chilo R onek beshi mayonnaise use kore. Shingara 6ta deyar kotha thakleo 4ta dise. Ai restaurant theke jiboneo order korbo na Faul ,Noorun,
cl5c,1,1.0,0,খাবারের সাথে কোল্ড ড্রিংকস দেওয়ার কথা উল্লেখ ছিলো মেনুতে। কিন্তু দিছে পানি। হালার পুতের*******,MD,
ucqu,1,3.0,0,pizza looks very nice but taste is a little bitter. I don't know why ,Fariha,
dxml,1,1.0,0,Food quality too bad..they use old oil..bad smell coming out from food,Razia,
rchh,11,2.17,9,Rotten food,Md,
la6d,30,3.58,46,They served burned fries. Absolutely disgusting,Lita,
s4ma,30,3.33,43,Yummy,Titly,
sc1d,2,5.0,6,খাবার ভাল ছিল।,Tana,
sqak,30,1.86,14,Chicken was not fresh. It's stale,Md,
k473,2,2.67,3,"I normally order soup from here. Reasonable price and they give good amount with classy packaging. However, the broth of the soup could be a bit thick, it’s just watery.",Sreeja,
y8wm,30,3.73,53,"Daal bhorta te oneek lobon chilo, fele dite hoyechilo. Chicken ta onek moja chilo . ",Marjana,
fckc,3,3.33,4,"good nothing extra ordinary, average taste Khichuri, I thought it would be bhuna bhuna but it's wasn't ",Adhrika,
m6ju,30,4.01,60,চিকেন চাপ অনেক মজা। আমি কয়েকবার অর্ডার করেছি। ,Sristy,
rpil,25,3.95,41,Raw food,Miftahul,
okyy,6,2.71,6,পুরাই একটা বাটপারি করা হয়েছে ৪০০ টাকার হাফ হাফ বিরানি ,Motaleb,
c1ru,4,2.56,3,মালাই চপটি বেশি ভালো না মোটামুটি। ,Abdullah,
zp1j,1,5.0,3,Food was good and the bbq wing were just the best ,Bobby,
trq9,30,3.06,36,Good food,Muhammad,
l8tg,17,4.4,35,burger was yummy 👌but classic meatbox was so bad👎 ,Shima,
e9hq,30,2.43,23,khabar akdom baje..kew order korben nah...akdom thanda pizza diye gece. ar jiboneo akhan theke order korbona....,Shuma,
m0r7,17,2.64,16,Bad,Mijan,
s9af,30,2.84,31,Test was so bad,salmin,
nmat,30,2.12,23,We didn't get the food. The payment  has been paid. ,Asif,
m9bg,1,1.0,0,ফ্রড । বাজে,Shaila,
rwkw,1,3.0,1,They gave 4 piece wings instead 5 piece,Sabatun,
f0wu,5,2.6,4,"মিটবক্স বানাইতে না পারলে আবার নতুন করে শিখেন,,৩০০ টাকার মিডবক্স অথচ ভিতরে কিছুই নাই ,, পুরাটা ফ্রান্স ফ্রাই দিয়ে ভরিয়ে রাখছেন,, ",Zara,
cz22,25,2.61,23,"They served full fresh sweets, butter bun and chanachur. Their previous negative review makes me embarrassing after order. But feel happy now. Recommended. ",M.A.R.Shamsul,
n0m0,20,2.77,21,দই ফুচকা একদম ভর্তা হয়ে গেছে।,Nur,
vg5a,3,3.5,4,khubi baje 👎👎👎👎👎,Adiba,
ye0n,17,3.67,30,Fried rice with chicken is sufficient for and individual meal. It was a homemade meal so do not expect restaurant level crisp on the chicken. For the price it is good enough. The burger was bad.,Tashfeen,
zqlb,30,3.29,41,Brooo their sandwiches are too good. All the corn dogs were awesome. But I really enjoyed their BBZ sandwich and Loaded chicken sandwich. ,Mushfiqur,
mu03,2,1.0,0,"খুবই বাজে টেস্ট, লবনে পোড়া। মেনুর সাথে খাবার এ কোনো মিল ছিল না।",Fahmida,
z5ft,2,2.6,2,it's wonderfull and the meat is tender ,Jubayar,
tqou,6,3.25,10,food is ok the wait is even worse. waiting that long for the food to arrive just for it to taste that mediocre is crazy. don't waste your time.,Samin,
mvlg,30,3.0,32,এখান থেকে আর অর্ডার করব না। বাসি স্যান্ডউইচ দিছে। পারলে জরিমানা সহ আমার টাকা ফেরত দিখ,Prabir,
qclz,14,4.24,31,"Forgot paratha, and told the delivery guy to tell customer that they will compensate in next order. ",Mysha,
nvx3,30,3.53,44,"the food was really good,momos were mouth watering!! it was well cooked+not cold...but the delivery was a lil delayed.",Kazi,
yxx5,10,3.46,15,"Poriman kom cilo,",Tuhin,
vhay,30,3.81,51,perfection ,Zohra,
gml3,9,4.0,16,one of the best rice bowls I've ever had. only wish that there was a little more beef and no capsicum ,Tashfin,
q6zd,30,3.08,36,not worth it according to the price. ,muhibul,
jiep,4,3.73,7,"Really professional delivery guy,food was good.",Maliha,
irxk,26,2.97,25,Chicken mushroom pie needs more filling,Zaima,
os55,11,2.15,7,The chicken currey seem to be not fresh as well the polao was not enough for the menu price which is 170.Because of 150 tk's morog polao has enough quantity others.overall the food was not a standard.,Golam,
t3aq,30,3.08,37,wastage of money ,sougato,
ifyx,30,3.63,47,garlic sauce noshto chilo,Farjana,
uuqa,2,5.0,4,Really enjoyed the fried rice ,Musfiqur,
t6re,30,2.41,25,"কাচ্চিটা ভালো ছিলো তবে খারাপ বিষয় হলো অনেক বেশি পরিমাণে তেল দেওয়া, আর মাংস ঠিকঠাক ছিল তবে তুলনামুলক যেরকম নরম হওয়ার কথা ছিল সেই হিসেবে এতো টাও নরম ছিল না",Mohammed,
hhn5,13,3.06,14,too salty and the chili chicken taste needs to be improved ,jobayer,
ctpe,1,1.0,0,ETA ki chotpoti na mashed potato egg curry chilo bujhlam na.fuchka as same motor dana khujte hoice. Fuchkar tok just ribbish. Nuton dekhe vablam order kori bt akbar khele 2nd time kau ar order dibena ,Ruman,
d8eq,2,3.0,2,Best Chap quality in mugda✨ definitely recommended ,Moyen,
irx0,1,5.0,3,"The chicken meatball pizza was very yummy. Surely will buy it again, iA!",Parveen,
pf3m,11,2.79,10,I ordered spicy meat box. the quantity was very less which wasn’t mentioned  anywhere. the taste was also very bad and there was only sausages in the meat box ,Humaira,
svdn,30,3.76,44,They have all the cold food - beef chop and beef samucha. all the foods are directly from fridge. Also did not gave any sauce along with the savory iteams,Mrs,
tc8d,2,1.0,0,"শুধু ময়দা ( সামান্য কিছু বাটার ও ছিল )

দিয়ে ক্রিম অফ মাশরুম সুপ বানায় দিছে। নিচে ময়দা জমে ছিল ।ক্রিমের নাম গন্ধও ছিলনা। মাশরুমের পরিমাণ অত্যন্ত নগণ্য ছিল।",Mehdi,
n7a1,17,1.84,9,will order again .  ,Sayeed,
cyz4,1,1.0,0,"Akdom faltu kahbar, plz sohbai ai aikaner kahbar avboid korben. ",Fahim,
s6ty,10,3.96,19,Ordered Naga But found not a minimum spicy ,Jalilur,
soca,7,2.41,5,"atto bje pizza , ora pizza mne hoi banaite e pare nh khub bje , kno test nai , valo kore pizza hoi o nah , oder pizza khaiya amr basar prottek tah lok er pet e problem hoica , faltu test 🤮🤮🤮",Sayeda,
s685,30,2.68,27,valo silo na,Md,
coan,8,5.0,21,সুস্বাদু খাবার ❤️,Md,
hvlq,1,5.0,2,Best Fries i ever eat. ,Mai,
a38i,8,2.9,10,mixed cashew nut salad was spoiled..otherwise ok,Abdullah,
tmpf,27,4.13,53,"Fish was nice, chips were soggy.",Imtiaz,
ksp1,8,2.6,7,মাংস তো দেয় না হাড্ডি দিয়ে রাখসে রাইস এর মধ্যে ,Fatema,
c8m9,30,2.83,30,Gave me wrong items in the order. Other than that taste was good.,Adnan,
xju7,30,2.7,26,"not recomanded,,,নাগা ওভেন বেকড পাস্তা তে পানি পানি মিষ্টি সস আর চিজ নাই। তান্দুরি রাইস প্লেটার এ চিকেন এ মশলা কাঁচা, রাইস proper cooked না ",Ifshita,
i1h7,30,3.06,33,"Shob khabar moja chilo.But fuchka er tok ta jani kemon noshto noshto lagchilo,.ar Chotpoti te tok kom chilo.But Baki khabar gulo best!",Mumtahinur,
gms2,1,5.0,3,vaat dal sobji with mach peyechi aloo dal missing....,NJifa,
vqz3,30,3.52,48,ভালো ছিলো,Mehtaj,
u1zq,25,3.0,30,"the monos were rotten. the russian roll was good. samosa was alright. mushroom pie used to be more tasty, not good anymore. ",Nasheen,
qhw6,29,2.39,22,moja ,Suchona,
urgf,18,2.64,18,good rider,Nasiruddin,
dnng,2,2.2,1,দাম অনুযায়ী কোন রকম,Oni,
kr4n,30,3.37,45,Cake was misplaced and it got messed up in the box.  Should be more careful while delivering Cake or delicate things. ,Mukter,
q5i8,14,3.79,21,"Last review te mango ice cream bolsilam oita vul chilo,real mango diye korsilo.Oi vul janate arekta order dilam",Tamim,
by30,30,4.15,55,চালটা শক্ত ছিল। সেমাই খুব মজা,Zuhd,
aid3,4,1.44,1,worst tehari ever! ৫ পিস মাংসের মধ্যে ৪ পিস খাওয়ার অযোগ্য হাড্ডি। রাইসের মানও খারাপ৷ অতিরিক্ত ঝাল৷ ,Istiak,
ni9m,30,3.68,45,good,Md,
nxwu,2,4.6,5,"they’re new i guess, they are good, they delivered fresh food. but there’s room to improve, specially need to control the oil. ",Aryan,
g4av,30,3.69,51,Amazing ,Marin,
nqk3,30,2.73,31,Would recommend the plain khichuri with extra beef. The chicken jhol all over the rice just doesnt cut it for me. ,Ahmed,
e66g,16,4.29,34,প্যাকেজিং কোয়ালিটি এবং খাবার অসাধারণ ছিল।,Rohan,
yht1,25,3.69,43,Mega fries is worth it. The flavor options are amazing. I highly recommend the Hot & Spicy one. It’s spicy to the limit where it is pleasant and not overly done. The regular fries are good too,Uddin,
rqek,29,3.33,40,each and every food was awful 🤮,Kazi,
sxyb,1,5.0,3,খাবার খুবই সুস্বাদু। প্যাকেজিং ভালো ছিলো। Rcomended ❤️,Md,
yada,30,4.06,51,Best pickles,Shabnam,
hc2f,1,3.0,1,cake tasted stale n sour. not worth it,Az,
muh4,4,3.22,5,best fried rice in jatrabari Poriman oo best,Titu,
a6ej,1,1.0,0,"কেকটার দাম অনুযায়ী কোয়ালিটি ভালো না,আমার মনে হলো অনেক দিন আগের কেক ছিল,খেয়ে বেশ পেট ফোলা হয়ছে।",salma,
mnxb,30,2.43,26,good,Md,
pxom,29,4.44,61,"খাবার ভালো ছিলো কিন্তু ডেলিভারি সময় অনেক বেশি ১ ঘন্টা ৪০ মিনিট পর পাইছি,  খাবার এর কোন সমস্যা নাই,  ফুটপান্ডা মেনেজমেন্ট বাজে যা বলে সেশ করা যাবে না ",Noyon,
urip,30,2.92,29,Not tasty. ,Arman,
lawo,9,2.81,7,worst don't try,Aditta,
v624,30,3.23,38,good ,Sani,
dcgk,3,3.33,2,Buntq mota .. soft o nai temon,Mahtab,
tp1n,7,3.22,11,"আমি biriyaniwalaltd থেকে অর্ডার করা খাবারের ভিতরে একটি তেলাপোকা পেয়েছি। এটা খুবই অস্বাস্থ্যকর এবং একদমই গ্রহণযোগ্য না।

এই অভিজ্ঞতায় আমি খুব হতাশ 😔",Md,
t8hn,30,2.46,22,"Khub e baaje taste, roast er moshla puraye tita banaye felse, chicken ta onnk purano gondho ashtesilo... joghonno khabar",Maimunah,
x2ty,30,3.59,48,Food was excellent,Tanvir,
s0wl,30,3.38,40,"ok
",AKM,
uojy,30,2.89,33,Very bad pizza to much price,RĀHÅTUŁ,
cin6,14,2.39,11,পৃথিবী এর সব থিকা বাজে বিরিয়ানি।টাকা কি আর জীবন এ ফ্রী পেলেও খাবো না।,Md,
g2wl,30,2.45,22,quantity super low,tanvir,
s4lk,30,3.69,45,The fries was awful ,shahariar,
ibay,29,3.43,44,Soup was too salty. mostly soy sauce maybe,shah,
wyp7,2,3.5,2,apnara ki restaurant ahh ek rokom ranna koren ar jara online order kore tader jonno arek rokom? shob gula khabar faltu chilo,Arafath,
porp,30,3.03,33,এত বাজে তেহারী জীবনে খাইনি ,Sadia,
ulxx,2,2.2,1,Faltu khabar er akta limit ache but ey faltu khabar er kono limit nai . Worst food I ever ordered. Very very salty rice . Er theka ,Mahedi,
hbfs,24,4.41,48,Good,Radeeb,
x1af,2,2.33,2,"Didn’t follow my instructions, prawn had bad smell. Overpriced and small in size ",Lamia,
a6bt,30,1.9,12,spicy which i not preferred.  i said no chilli or spice ,Susmita,
u1sy,1,3.0,1,Seems like they have changed their chef. Food was very chilli hot and difficult to consume. ,Murad,
quc0,17,2.71,16,"The balance of spices in the soup is quite a bit off for what you'd expect from a Korean dish, the packaging is also unappetizing. The roll is was really badly packed and lost the aesthetic appeal.",Michael,
g2bc,30,2.49,25,As usual yummy but spicy ,Noel,
kyyq,30,3.4,40,both food are are meh 😑,Md,
hm77,2,3.4,3,Alhamdulillah khabar ar quality ta onek valo 😋 ei Price a Ak Box khabar joss ,Zynox,
r2ts,17,3.9,30,খুব ভালো এক কথায় অসাধারণ প্যাকেজিং খাবারের প্যাকেজিং খুবই ভালো কিন্তু আইটেম আরো বেশি হলে ভালো হতো আমি মনে করি এত কম টাকায় যে ধরনের প্যাকেজিং করে দিছে তাদের খুবই ভালো এবং প্রমোট করা উচিত,mohin,
c61p,18,3.36,26,Bad smell and taste not good. ,RAFIZ,
iadn,1,2.33,1,Very poor quality and chicken fry inside is black can’t eat,Suman,
du5z,30,3.34,44,Khub e baje food r quantity o etto kom,Rupali,
z9xj,26,2.75,24,Did not send what we ordered instead sent something cheaper. We did not get any cash back.,Novera,
fbwu,4,3.33,7,very much recommended the brownie tasted so good and rich in dark chocolate. fudgy and very good. ,Md,
zaex,5,1.73,1,Egg messing ,Manira,
en5k,1,5.0,3,umm,Lostec,
qqhd,7,2.47,6,wrong order,Ar,
aqz8,3,3.29,3,Awesoooooooome!!!,Kazi,
s9lo,30,3.0,32,"মাশাআল্লাহ
খুব ভাল।",Dr,
yrrj,30,3.91,56,best doughnuts and waffles I've tasted for a long time,Mesba,
vx39,24,2.38,20,Ordered special naga fuchka and chotpoti. There was no maga to be found. ,Qafi,
ufck,30,3.66,49,Worst Chee ,Atiqua,
t1bc,30,2.85,30,good,Nazin,
tmxh,30,4.64,74,kabab tastes good,Samia,
f13h,6,3.67,9,There is no salt on scramble eggs no pepper,Elizabeth,
wtsw,4,4.2,8,মুরগির মাংস টা এক কথায় অসাধারণ ছিলো।,Afifa,
sb01,30,3.44,43,"Thought there will be cucumber pickle slice jn the burger, not jalapeno ",Lamia,
ppms,22,3.63,34,Thei bubble tea are one of the best,Ahnaf,
wz8j,1,3.67,1,"Piyaju - 5/5 fresh and crispy. French fry - 0/5, soggy, not crispy, thrown away.",Shahriyar,
k9yn,3,3.25,5,Salt lacchi was good,tabassum,
s2ei,1,2.33,1,They did not provide cold drinks,Moury,
h69y,12,1.83,6,"It was horrible, the service was also very bad along with the food. ",Selina,
grrt,1,5.0,3,great loved it! perfect for coffee lovers ,Afsara,
oc8u,3,3.0,3,Set menu was not good. The vegetables weee stale.,Maisha,
qz10,4,3.0,4,it was soggy ,Tasnia,
iuv1,30,3.6,45,Too sweet. Filled with layers of cream and hardly any cake was found. Disappointing.,Mrittika,
jy1s,2,2.6,2,৩৫০ টাকা দিয়ে এই পিৎজা খাওয়ার কথা ভাবা ও অন্যায়।খাবার ঠান্ডা ছিল ও বাসি ১০০%।আমার অন্যায় যে আমি এখান থেকে খাবার অডার করছি।,Shahed,
tq4m,30,3.25,38,"ডিম ভুনা জঘন‌্য। তিন‌,চার দিন আগের বাসি,পচা ডিম। ",sanju,
n55o,5,4.0,10,there is no spoon. ,Akihito,
u5pa,24,3.39,36,বাসি পচা ড্রাই কালো জাম দেন কেনো আপনারা। লজ্জা করেনা মানুষকে এগুলো খাওয়ান? টাকা দিয়েইতো খাই নাকি। ভেবেছেন কাস্টমারতো সামনে নেই তাই বাসি পচা মিষ্টি ডুকিয়ে দেন অর্ডার আসলে। ,John,
s6ka,30,3.16,38,"My pizzas cane fully smushed, cheese stuck in the box everywhere ",Erika,
p4nt,30,3.81,47,"Terrible cold, not good taste ",Syed,
f6a4,4,4.09,9,Vegetables were bad. Probably a day old. Not edible ,Abdullah,
hlup,4,2.2,2,Food doesn’t match the photos. I wanted mild bulgogi they sent the spicy one. The calamari is also not that great.,Azreen,
uhno,2,3.8,3,Good ,Syed,
ei4z,30,3.13,35,Good ,Md,
xjjt,4,2.83,6,Khabar e box er r soap er smell khub e baje .,Kaji,
hybw,17,4.33,41,"Packaging was really good , the noodles is great , but the ramen felt a few more chunks of chicken could have been decent for 550 taka price tag ... anyway it was alright 👍 ",Shahbab,
qd9z,30,3.86,51,"It was good ,but told them not to make it so spicy and give less green chili but they didnt follow instruction ",Rudba,
qmef,17,3.13,23,it’s very testy,Anikaahamed,
sfnk,3,3.0,3,"ভুয়া, কেউ অর্ডার করবেন না। খুবই নিম্নমানের খাবার এদের।",Mukitur,
astx,11,2.61,9,"Breakfast combo: Tea and halua were not provided, although these items were included in the menu.",Sharmin,
uq4y,10,4.22,19,"bhai era manush na, rui mach bhorta order disi, 51 taka kore duita. tara ato olpo vorta dise ja manush 2 lokma o khaite parbena, sauce er choto koutay vorta dise. 102 taka diye eta pabo asha korinai.",Farhan,
hhln,8,2.2,5,Very bad 😞 And Disappointed food service I have ever seen,Ayon,
l8qy,30,2.95,32,"অর্ডার করেছি স্যুপ দিয়েছেন ফ্রাইড রাইস চিকেন, এটা কেমন সার্ভিস আপনাদের",HR,
u2wh,30,2.58,27,Good service as expected,jinat,
s8lk,30,1.89,15,Rat 1 ta hisebe valoi cilo..Quantity valo cilo kacchi te...kintu  mutton pis ta onk sokto r aktu coto mone hoyece...overall good,Account,
jgl7,1,3.67,1,Price too high ,Nusrat,
kpam,14,4.29,28,অতিরিক্ত লবন দেয়া। খাবার ভালো লাগেনি।,Yusuf,
ps12,3,4.0,6,খাবার অনলাইনে কিনতে নেই।টাকা দিয়ে অখাদ্য কিনছি,Zahid,
szp0,30,2.63,26,It was smelly and rotten,Farhaz,
aksf,9,3.29,12,"under cooked noodles, undercooked rice. bhat mach Moja kore khaisilam. please sell those. don't sell these two item. it ruins the expression. ",Nabila,
ae6t,4,1.5,0,বেশি ভালো ছিলো না।,Orin,
mhm0,9,3.78,16,"কিছু পজিটিভ রিভিউ ইলিশ মাছ,পাবদা মাছ ও ভাত অর্ডার করছিলাম
*পাবদা মাছ পচা ছিল 
*ইলিশ মাছের তরকারি থেকে গুনে গুনে ছয়টি চুল পাওয়া গেছে 
একেবারেই খাবার অযোগ্য ডাস্টবিনে ফেলে দেয়া হয়েছে। বাটপার সেলার🤬",Sanzidul,
voss,30,2.95,33,It maintained the standard.,Jahidur,
q8jt,30,3.14,36,"Disgusting, the butter chicken is not what they advertise. The paneer is so salty ",Samaira,
dgvw,13,3.07,14,Disappointed after receive.  The fuska is below average standard. I place order after seeing the photo but really  not upto mark,Badruduza,
a818,2,5.0,4,"recommended,  ami abaro order korbo. Taste ta unique chilo",Nargis,
o2nx,16,3.79,24,good 👍,Lana,
hwyv,1,5.0,3,"খাবারের মান অত্যন্ন ভালো ছিলো  ।  নতুন কিচেন হিসেবে আপনাদের খাবার পরিবেশন অনেক ভালো ছিলো ।  ধন্যবাদ,, ",Himika,
zoff,3,3.29,3,তান্দুরি চিকেন কাবাব টা একটু বেশি শক্ত ছিল আর বাটার নান মোটামুটি ভালো,Md,
il9f,1,5.0,2,best tasty momo and spicy tasty chicken dumplings. Ami abr order krbo ,Asif,
rvxh,7,2.89,9,faltu cuda misti pocha onek ager ektu oo vlo na,Mirza,
tjx1,16,2.58,15,"ফ্রেঞ্চ ফ্রাই, মমো এন্ড কোল্ড কফি অর্ডার করেছিলাম, কোল্ড কফি এবং মমো মোটামুটি ছিলো বাট ফ্রেঞ্চ ফ্রাই গুলো খুবই খারাপ ছিলো, আগে ভেজে রাখা আলু ডেলিভারির আগে সেকেন্ড টাইম ভেজে দেওয়ায় খুবই শক্ত ছিলো। ",Nipon,
hsry,26,3.03,30,Miso ramen is one of my favourites from house of ramen!! I love their food! ,Memaruz,
hchm,30,2.03,15,The order was very bad and it was delivered from some other shop,Helena,
w8jd,30,3.11,31,the ignored my instructions despite agreeing to pack the chicken with sauce.,M.,
u8w5,7,3.88,12,Pizzas were really so good...worth the Money ,Iffath,
qyt3,30,3.18,38,"very bad, chicken and bread quality is ver low",golam,
f77o,5,3.67,8,এই খাবারটা সত্যিই মন জয় করে নিয়েছে!,Ar,
pz6t,30,3.46,41,the strawberry juice and the sugercane juice was fully rotten. I vomitted,Mubtasim,
vreu,30,2.67,28,Thanda peyesi and amount ao kom.Disappointed.,Siddiq,
iwv0,2,5.0,5,"Highly recommended the Hena's Taste Studio! 🍽️The food was absolutely delicious, fresh, and full of flavor. Every item was perfectly prepared and delivered on time. Great taste and quality — ",Dipto,
wp29,1,4.0,2,কাপ দই কিভাবে ২০০ টাকা দাম হয়?,rimu,
u5sk,30,4.01,59,Okayish,Muttakin,
s6jr,30,2.77,30,"Masala ar amount kom silo, ",Ehsan,
co10,30,2.83,28,cold and very old food ,Harun,
woyi,1,5.0,2,the fish was fresh an crisp. love the cordon blue with mashed potato. but mozerella stick was cold and did not taste much.,Salma,
aais,30,3.85,56,"Bistromath truly goes above and beyond. When my favorite beef chowmein was temporarily unavailable, They sent a lovely note and complementary serving of beef keema noodles, this really made my day. Tq",Nazif,
wf9k,30,4.38,63,"Everything was great! Except for the beef Kabab shouldn’t be charged 50TK, its quite small. Other than that taste was amazing ",Armin,
ouin,30,2.74,26,I asked them not to put egg and onion in the chowmein. They dont follow instructions! Ridiculous! ,Syeda,
hpso,30,2.62,26,Their nachos used to be really god but my this order....their nachos tasteed really werid to me😓,Rokeya,
jz0p,2,1.0,0,Name dise ‘Bismillah’ ar customer ke dey gondho hoye jawa shaak. Toder shahosh onek beshi. Online order maney ki toder khuje pawa jabe na? ,Refayat,
osd6,3,2.71,3,"tel beye beye porse , sausage ar alu chilo beshi , olpo meat e tao abar bones paisi , poriman oo chilo kom ",Ahsan,
mmtq,30,2.09,18,Price onujay kono chicken ei chilona vai !! Ovenbaked pasta cilo but kono chesse nai Amn akta pasta payeci faltu totally ,Shaleha,
tk8o,2,3.8,3,Too salty and the chicken wrap was stale as well,Junaid,
vb9x,12,2.69,10,Packaging wasn’t good.And the rate was too high as taste.And the burger was too small. I didn’t like it.,AURA,
po9l,30,3.52,46,Good food bit too much sauce but it's fast food and it's great overall,Ariful,
mna5,1,5.0,3,Best gravy kabab in khilgaon . Specifically chicken haryali and tandoori .,Rafian,
s8vx,8,3.59,11, আগেরবারের থেকে এবারের টেস্ট ভালো লাগছে বেশি 😋,lovly,
ombs,3,2.0,2,Food Test Onk Baje vhai..🤮,Saad,
s2hl,30,3.11,31,"Super bland… sauce was filled with flour, chicken was very dry, as if aager banano chicken ketey diye dilo.. not expected this from white canary",Tasnuva,
rfjk,30,3.08,37,cold burger delivered at night,Monib,
c9pr,30,3.36,43,"very very bad,,bed rice,all is bed please close the restaurant as soon as possible",Mahmud,
kwbp,30,2.44,21,quantity was very poor acc to price. not gonna order again,Nihal,
zlna,3,2.14,1,soup was cold like cold coffee,Jannatul,
wmj1,11,4.11,22,best khichuri ever ,Apsara,
t5xw,30,3.6,47,Nasi goreng is so gooodd,nazifa,
lpb8,1,5.0,3,unexpectedly the taste is too good.. worth the price....,Lubna,
kiq1,4,3.4,6,crispy chicken ball na diye normal chicken ball dise 5 pcs 80 tk rakhse price.taste o Bhalo na.momo ta o Bhalo lageni . picture er shathe mill nei plus taste o Bhalo na.,Tethi,
tu5r,16,3.32,22,too much Chaumin  purai sada noodles chilo r meat box picchi akta box e dise tao ordhek...100tk diya khaileo pochondo hobe na 200 nise,Aysha,
mmc7,13,2.58,12,"খাবারের পরিমাণ অনেক কম ছিল দাম অনুযায়ী, প্রায় ৩০০ টাকার চাওমিন! ভেবেছিলাম দুইজন আরামসে খাওয়া যাবে, এখন দেখি একজনেরই হয় না! 🤣💔",Ammar,
t37g,3,3.5,4,"The food was terrible and cheap quality. Don’t ever suggest such a restaurant to me again. If this app can’t understand customer preferences, then it’s useless ",Abdullah,
nsoz,30,4.3,57,used to be good. now they only give expired rotten cakes every time. ,Farahi,
eszk,17,2.64,16,worst,Mahbub,
jzy0,30,3.33,42,Kacchi 2 ta order chilo 1 ta delivery krche...,Nuren,
xw3d,5,3.77,9,onk valo ranna. carry on.,Mamunur,
ij0o,30,3.58,49,"5 star dilm jeno sobai dekhe,ami almost apnder kase beg koresilam,basay mehman asse, valo diyen 2475 tk ,tk mone hoy na?er theke rastar theke valo, ami ovisap dilm apander,nosto khabar dibar jnno",tanvir,
nvlf,2,3.8,3,quantity is good but taste is average. ,Nure,
mzrg,2,4.2,3,boti kabab er jaygay chap diyechen. but taste bhalo. ,Nure,
wjxg,9,3.64,14,beef teheri te meat e chilo matro choto 4ta pcs tar modhe 2ta pura bone chilo.Morog polar was good,Sujan,
zd16,30,3.91,56,took too much time that the food losses its taste.,Zarif,
vy0g,30,3.42,46,Best piyaju ,Nadim,
j0ax,30,3.45,42,valo,Black,
m430,1,1.0,0,eto baje.thanda ekta chotpoti diye dilen.tk ta halal kore niyen bhai.eivabe protarona kora thik na.,Nigar,
rf1a,30,4.25,56,it was really good 😊,Shahin,
oeq3,23,2.58,19,varry bad rasturant খুব খারাপ ,Kawsar,
kqtx,2,3.0,3,chicken ta theke kmn jani ekta smell aschilo naan tao eto moja chilo na,Nisha,
fyln,5,3.92,10,average ,Tahmid,
s5tn,13,3.36,19,plain nan was good but garlic nun was bad the taste of this was awfull,Wasi,
sni7,5,3.62,9,"The burger was more like kebab and bun, nothing special. Taste was ok. The price is more than it should be. Had better smashed burger than this.",Shaan,
bk89,3,2.71,3,fresh and testy . ,Torsha,
hlhv,3,3.67,4,"Absolutely loved the Iced Matcha Latte. Perfectly balanced flavour smooth, creamy, and not too sweet. It was chilled just right and super refreshing.",Subbir,
ylvs,1,5.0,3,Quality fo the food was good. Tastes nice. Suggested for order. ,Sadik,
t5lu,30,2.67,25,Food it good but I got a hair so…,Mohammad,
d5bl,30,3.41,38,it was really good delicious ,Matthew,
nqaa,4,4.56,9,"2 tai moja, gorom gorom besi valo lage, sob somoi valo service dile always nibo In Sha Allah",Rowshon,
njq7,30,2.83,32,টাকার অপচয় ছাড়া আর কিছুই না। স্বাদ মোটামুটি কিন্তু চিকেন ও চিজ সিঙ্গারার মধ্যে চিকেনের চ..ও নাই আর চিজের চি..ও নাই। 😡,Shorab,
mxn6,18,3.27,26,good but not best ,Hasan,
z7w2,6,3.13,7,BEST,Aaraf,
faak,30,2.24,22,"সাব স্যান্ডউজ অর্ডার করেছিলাম দুইটা, আমাকে দিয়েছিলো একটা। তারউপর স্যান্ডউজের উপর চুল পেয়েছিলাম। খুবই বাজে অভিজ্ঞতার স্বীকার হলাম।",Abdulla,
q2su,30,2.38,23,"পুই শাক অনেক কম,বট অনেক কম,শুধু ভাত বেশি, টেস্টের দিক থেকেও খারাপ,যদিও ভাত অনেক মুটা চাল তারপরও ভাত খাওয়া যায়,রাইডার প্রথমে ভদ্র ভাবে কথা বলেনি পরে ঠিক বলছে",Md,
n1ri,6,2.86,7,quality full pizza and reasonable price. 10/9,Mohammad,
lshv,4,4.09,8,The cake was dry and bitter not worth of 500 taka,Nabiha,
q5x1,4,3.55,7,"আমার খাওয়া সবচেয়ে বাজে পিজ্জা। শক্ত লো কোয়ালিটি ক্রাস্ট, ১০"" অর্ডার দেয়া হইসিলো কিন্তু সাইজ দেখে ১০"" কোনোভাবেই মনে হয়নাই। কয়েক পিস মাংস খালি, আর পিজ্জা এর অর্ধেক - ই ক্রাস্টের লেয়ার চলে গেছে।",Mahi,
urh3,25,3.33,35,Seriously they provide the best foods with the cheapest price..Love it❤️❤️❤️,Tamim,
dtyw,1,4.33,3,fresh & homely duck bhuna could have been more reasonable still good enough ,Fabiha,
j28t,3,2.33,2,"Aweful service. I ordered beef tilli,chicken reshmi kabab and rumali roti. they didn't provide rumali roti without informing me. ",Raisur,
pa8u,30,3.45,46,pura bashi cake 4 din purano cake dise cake pura stone hoye gese ,Hamza,
qhh0,26,3.41,33,The waffles were really delicious❤️,Yeamina,
t6we,30,2.79,27,The pizza sauce was spoiled and the pizza was not even good,Sumaiya,
o6lm,10,1.96,5,Paratha quality was not up to the level ,Arafat,
u6gy,30,2.87,31,Quality of the food is really bad,Taskin,
x5kq,1,2.0,0,"They sent half portion of the order. After giving complain, they sent another half! Poor service and it was not fresh made either.",Kazi,
s3md,30,3.51,40,The food was delicious ,Ashraful,
rxdi,14,3.69,23,"“The food was really delicious! 😋 The flavor, quality, and presentation were all impressive. Everything tasted great. Would definitely love to try it again!”",Roksana,
gwmh,8,2.6,7,"I received beef ramen without beef, very disappointed   ",Kiana,
sc63,12,2.33,9,ফালতু মাংস নাই লবণ নাই একদম বাজে এটা বিরিয়ানি কাতারে পরে না। কেউ অর্ডার করবেন না। সম্পূর্ণ ঠক। ফোন দিলে বলে কমিশন দেয়ার পর কিছু থাকে না তাই এমন ভাবে দেয়। unprofessional। ,Zinat,
iqqm,3,2.0,2,"খাবারের সাধ ভাল, প্রাইজ অনুযায়ী লেগ পিস সাইজ ঠিক আছে, তবে রাইসের পরিমানটা আরেকটু দিলে ভাল হতো, প্রয়োজনে ১৩০৳ রাখুক সমস্যা নেই।আর অর্ডারের সময় আমি ওয়ানটাইম চামিচ চেয়ে ইন্সট্রাকশন ক্লিক করেছিলাম দেইনি।",Md,
q1vb,30,2.97,36,"When I first ordered, they provided me nice portions of mixed salad but then I ordered two more times but it was not as good.",Marjana,
fdwx,30,3.53,47,ভালো,MD,
u0fl,24,2.56,16,ম্যাক্সিমাম টাইম লুচি কম দেন এর আগেও কম পাইসি আজকেও ৪ টা লুচির জায়গায় ২ টা লুচি পাইসি তাছাড়া সব ঠিক আছে ,Mohammad,
q6sr,2,1.4,0,not at all tasty.. terrible shawarma,Tasneem,
f817,30,3.16,38,"সেট মেনু অর্ডার দিয়েছিলাম। থাই ফ্রাইড চিকেন ছিলো। কিন্তু চিকেন গুলো জাস্ট কাচা মাংস বেসন দিয়ে ভেজে দিছে। কোনো মশলা এমনকি লবনও নাই। রাইস, ভেজিটেবলসও টেস্টলেস একদম। এমন ফালতু খাবার কখনও খাই নাই৷",Sonia,
n78u,1,5.0,2,Good but only 4 pcs,Wesley,
onox,30,4.13,58,vat ta kacha chilo🙂,Zannatul,
hlp2,17,3.05,21,Faltuuuu thuuu,Mh,
lehw,3,2.56,2,Price onujai quantity kun kom😤,Ruhul,
ll4k,4,2.67,4,food is okay but quantity is so little than dine in,Fairuz,
s7tz,30,3.31,42,"The packaging was inadequate, causing the drinks to spill and the food to become damp.",Emadul,
d3jh,3,1.75,1,"The meatbox didn’t taste good, needs improvement.",মোহাম্মদ,
of01,9,3.56,15,Good food.,Jeff,
b1la,30,3.44,43,"Regular customer of your momos, Because the momos are fresh and tasty , hope you’ll maintain the quality ",Nowshin,
hizq,26,3.24,34,"Today, i first time ordered from this restaurant but the experience was bad. Because i ordered egg korma and plain rice. But they have given me egg bhorta insist of egg korma. Which is very bad.",Puspita,
nuhb,16,2.95,20,Worst possible way of getting people robbed ,Samsil,
k161,20,3.47,27,"Driver dropped the food, all the sauce was spilled from the box. Unacceptable disgusting service. I have waisted all my money. This was supposed to be a special dinner and a surprise for my family",Sahrear,
dbll,30,3.39,37,they used to provide bones,Rahat,
z2jg,30,3.36,42,Comforting ,Najiba,
dfwk,30,3.77,51,"Very delicious at a very affordable price, would recommend",Muhymin,
avuv,5,2.6,4,pastar modde Amar achar disen kno Bhai ,Moriom,
e2yz,30,4.21,60,burger was awful but the buffalo wings was really good,Tasnim,
s9fj,30,2.57,25,চলে,MD,
dgm2,30,4.16,59,So fresh and so good,Ryan,
hua8,10,2.55,7,আলহামদুলিল্লাহ ❤️,Taspia,
tujg,6,3.35,9,According to price taste is not upto the mark.,Diha,
gbtu,16,3.67,23,Not bad.,Maria,
i2lo,1,5.0,2,"Everything was good and the behaviour of the rider was also Well.. Thanks for the service , Just one issue was noticable.. In the app it was mentioned that we will get 6 piece lolipop but we got 5.",Tasin,
s7jh,30,3.45,42, ফ্রাইড রাইসে টমেটো সস ব্যবহার না করলে দারুণ হতো,Afsara,
injz,10,3.62,18,above Average ,M.,
opp1,30,2.47,27,very little meat in the packs. taste is okay.,Kazi,
xw0n,30,3.27,42,Quantity was too poor and didn’t match with the food description what write in menu. And i pay online to you directly but food you didn’t provide as expectation. ,Rahat,
s8eq,30,2.66,27,perfect ,Ahona,
s1id,30,2.97,37,Taste pizza ,Arin,
p186,30,3.7,48,not good just sugar ,Aysha,
tent,6,3.67,7,Price wise not worthy. ,Nusrat,
gb4t,30,2.48,21,"I orderd from Bismillah Kacchi ghor and product delivery from Bismillah biriyani house. I called them, they said It's food panda problem about the address ",kausher,
ookh,1,5.0,2,tasty,Ludmila,
r45l,28,2.48,17,doesn't taste that good. not worth the price point. the amount and the packaging is so small compared to the price. ,SALIM,
ugut,25,3.72,40,sub sandwich এর এই প্রাইস এর সাথেও এরকম খাবার যায় না। meat quantity খুবই খারাপ।,Md.,
f3j4,5,3.0,6,worst pizza ever ,Bm,
hdyj,3,4.56,7,Loved the sandwich!,Suhas,
b8fl,30,3.46,46,good taste,Afroja,
s9rc,30,2.84,29,There was a little sharp piece of a straw inside the drink,Jessika,
ih8y,13,3.11,19,good taste but one item was missing. got refund instantly though.,Prithibi,
iwqk,12,2.79,12,"বাংলাদেশের মধ্যে যদি সব থেকে নিম্ন খাবার থাকে সেটা হচ্ছে এই খাবার,,, একদম বাজে নষ্ট খাবার সবাই এই পেজের কোন খাবারকে অর্ডার করবেন না কোনদিন,,, দুইটা চিকেন বিরিয়ানি আর টিকে অর্ডার করছিলাম একদম নষ্ট,,",Nabin,
id52,30,3.19,36,The quantity of special mutton tehri can be increased a little.,Mohammad,
ap0c,8,2.78,8,didn’t get alu egg curry,Al,
u687,30,2.59,28,misti kumra bhaji was expired and badam bhorta was of poor quality.,tasbir,
r8tk,30,3.0,34,"This is the worst restaurant.. I had wait for more than 50 minutes ,I selected faster option paying extra money.But i got my food so late.Rider has no fault ,he had wait for the food.😡😡",Shahi,
jrq5,30,2.92,29,very good taste of food.,Shammy,
rhcp,10,2.83,11,ekdom bajee🤮,niaz,
tv9a,30,4.17,59,"Please seal the parcel properly. Smoothie was tasteless and mushroom was less, chicken was so so. Last time it was all good",Arnob,
ey6z,30,3.61,47,"Really expected the chicken pieces to be close to the picture, but they send me sad breast pieces which were kind of dry, other than that khichuri was fine",Naief,
uzzk,21,3.82,34,"Your food is very delicious. I order again and again, I get very good service, and I have tasted your food many times.",Elizabeth,
hthv,4,2.0,2,"WORST NACHOS OF MY LIFE, SOGGY AF",Sultana,
sjpg,11,4.17,20,এরকম ফালতু patties আমি জীবনে খাই নাই। পুরা পুরা ভিতরের জিনিস কোনরকম মাংস নাই একদমই নাই এবং শক্ত,Md.Sayeed,
qm4b,28,1.87,12,"Horrible, stale food. The pizza was clearly made from an old, rotting dough. Even the pizza was cut in to uneven pieces. Stay away like the plague!
",Ishtiaque,
u77a,3,3.22,4,তেলে ভরা একদম মজা না আপনাদের টাকা আপনারা খেলে খেতে পারেন ,Omar,
t4y0,30,3.39,38,Pretty good.,Showeb,
epqf,10,3.43,14,hidden gem of dhanmondi...my daily go to place...people should know more about this place as their service and food wins a persons heart easily,Rahanuma,
s0wg,30,3.73,54,Too over smart and does not follow instructions. Not upto the mark of professionalism. ,Samin,
u003,4,2.0,2,Worst soup & wonton ever I had . ,Sayeed,
t8v9,29,3.0,37,the matcha tasted like poop.Tastes like corola juice and very thick.It should be better next time other wise i am                                                                                       ,Al,
wcdo,1,1.0,0,I'd order regular momos 8 pieces which was 117 tk. but they gave me 6 piece which was 90 tk. I'd order 3 box. 3 ta box er moddhei 6 ta kore dise jeidike 8 ta dewar kotha chilo. total 6 ta momo kom dis,Lajim,
wu3y,2,3.33,4,According to the price they could use a little butter on bread and scrambled egg instead of oil. The fruit juice packaging was very appreciating! Loved the shahi porota as well.,Happy,
wvm4,4,5.0,9,"So delicious, and I'm going to order another one right now❤️",Anirban,
jjqb,30,3.48,47,Alhamdulillah,Masud,
wbgm,30,3.68,51,Tandul roti price onak . Ar valo na .,MUGDHO,
qpls,1,1.0,0,the meat box is totally dispointed.. chicken balls ar too much salty.. and their service is to slow😑😑😑 ,Rafi,
hilx,26,3.55,37,some chicken pieces were burnt,Halima,
v6u9,1,2.33,1,disgusting taste ,Saddam,
zvz5,1,5.0,2,Food was very fresh and Delicious.The rice was very good. Highly Recommend.,Rony,
fk7e,16,3.19,24,Worst.,Yeasar,
amq0,1,5.0,2,Awesome food ,Aman,
b321,30,3.11,35,All the foods was ice cold and the burger ban was So hard i cant even eat the food properly 🙂,Samiya,
d4bd,20,2.7,22,Too salty. 1 item given wrong.,Saihad,
v5ez,30,3.5,47,Favourite ,Samia,
vndf,30,4.4,73,Mad mango waffle is really yummy ,Nuzhat,
x3ui,16,2.47,14,not fresh,Saad,
v59e,1,2.0,0,very less quantity ,Sneha,
r3n8,17,3.76,23,Sorry to say ami amr life a etto baje rice bowl khaini r buffalo chicken test average not good but chicken wrap is too good,Payel,
p763,19,2.52,15,"The most awful Butter Chicken, like the name says, Indian style. Full of soup, one cube of chicken broken into pieces, and needed to fetch them with a filter. UNRECOMMENDED RESTAURANT",Firdous,
ehss,3,2.0,2,Just throw the money .🤑🤑,Yeasmin,
xrw0,13,2.24,9,Horrible food. Stomach got bad,safaat,
wteu,30,3.16,38,Taco was extremely good!  Anyone need to try it!,Fahmida,
s0iy,27,2.21,15,Poor food ,Masharul,
vjj5,30,3.31,37,I got 1 chicken only.,Zubaer,
pyic,30,3.41,46,very less meat ,Swara,
rcnn,28,2.24,21,This is very bad sandwich. Actually it's not sandwich... it's just two slices roasted bread with sweet sauces... it's a loss project ,Sahin,
mco9,11,3.44,13,Salmon slices are too thin & of poor quality.,Rafiuddin,
a4a6,20,3.0,22,taste valo silo,Eshita,
ypc9,1,3.0,1,did not meet expectations. not recommended ,Tarikul,
r3yu,1,3.0,1,test valo but noodles shitto beshi korse shobji noodles e shobji pai nai ,noman,
f8kg,9,3.8,14,"One of the best cake experiences I’ve had on Foodpanda!
The cake was super soft, fresh, and perfectly balanced in sweetness.
Packaging was neat and delivery was on time.
Definitely ordering again!",Moon,
ffeq,30,2.49,22,I order Nan and butter chicken and dal makhni ,Ataul,
ysod,1,3.0,1,the size of chicken piece is so small.,Tanmoy,
osdj,30,2.42,25,it was amazing amd delicious perfectly cooked ,ashish,
dno1,30,3.36,40,The Pizza wasn't good enough. You can improve ,Nabil,
l1qh,3,1.86,1,"Swiss chocolate not rcvd, only waffle rcvd that also not crispy at all, seems waffle was prepared ages back and deliver as very soft and test is not as regular used to",Mafidul,
u7xp,19,1.78,9,eder wait timing jogonnno level er kharap. Khabar er taste and Khabar akdom e low quality. food not worth money. khub e baje experience hoise onader Khabar er.,Amena,
fred,30,3.83,51,good ,Tasnim,
hgsm,30,2.9,32,অনেকদিন পরে এমন মজার আলুভর্তা পেলাম।,Progga,
pz4j,14,3.89,24,তরমুজ য়ে চিনি অনেক দিছে,Juber,
wcgi,5,3.18,5,i ordered mocha they gave iced caramel latte,Bushra,
f9nd,2,3.4,3,Not very good Not very Bad,Rafia,
x48o,30,2.61,31, Beef nori taco tA etttoooo baje chilo. Pura burnt.. onion diye bhora .. beef 1-2 keema r tukra! Waste of money! ,Sadia,
w77j,1,3.67,1,Ordered a Nutella BERRIES crepe. NO berries or fruits were given. Iced Cappuccino was average. ,Sharif,
ctrw,20,2.61,18,Order full but they gave me half ,Nibir,
sqc7,4,2.6,4,Too much rice compared to meat,Aiman,
o4qm,30,3.83,55,Always best.,Jisaimanur,
rb7r,30,2.55,22,Never gonna order again ,AKM,
vrlc,30,3.85,52,Good,Captain,
s0cw,25,2.83,27,"Thank you Imran Vai for the food, I really loved it and enjoyed the fragrance of the food. I wish I could order more and I enjoyed your food. ( - Labib Arefin) ",Labib,
sqhd,30,2.84,28,good but not value for money ,Sadman,
x1rc,30,2.76,31,Good,Jahidul,
xioq,30,3.32,41,Nice,Laden,
svom,30,2.95,32,"first time I ordered the salad, the amount was satisfactory. I loved it. but the amount kept decreasing.Today I ordered the same but the amount was so little it didn't even fill up the half of the box",MST.,
oc63,22,2.69,20,Except one all fuchka bhorta boxes were rotten and smelly.,Melani,
uxqn,1,1.0,0,Most disgusting. Scam.,Sakib,
qr7f,10,2.19,7,"too much mayo, the fries were salty, chicken wasnt seasoned properly.",Abrar,
xykb,30,3.47,42,হালিমটা অসাধারণ ছিল ,Julekha,
pso3,2,1.0,0,apnara nijera khan esob chessy pasta bole sudhu shiddho pasta diya rakhsen momor name atar dola diye dise kew kinben na ekhan theke ,Mahia,
so79,30,2.63,24,"ordered lollipop got something else, over fried French fries, worse ever mom's er theke roadside momos o valo",Suzana,
z8oj,3,1.5,1,khub e baje chilo dim vuna na dia dim vaja dise.vortao vlo na. kew niben na:;),Xuchona,
moxt,30,2.84,27,"Its good, why you discontinued this item? ",Irfat,
dy7q,12,2.79,12,motka meat box er quantity onk kom...  aro besi expect korsilm  burger was good,Jannatus,
boy5,2,3.0,3,Should provide a chutney or dip with paratha and dosa,Nawshiba,
qtvr,4,2.27,3,Worse meat box ever! Not RECOMMEND! Found hair too,Raihana,
f0gv,30,2.87,34,"পরিমান খুব ভালো ,,খাবার গুলো মজার ধন্যবাদ সামনে এমন পরিমাণ রাখবেন এবং এমন কোয়ালিটি রাখবেন আশা করি",zan,
rb0l,30,3.69,55,I found this juice corner randomly and honestly this is the best thing that happened.. ,Antara,
zq0v,30,3.11,35,This experience has made me decide not to order again,sm,
c55f,30,3.03,37,এই হোটেল খাবার খুব বাজে. আমি গতকাল রাত ১০ টা  সময় খাবার অর্ডার করি কম্বো বি প্যাকেজ ২০৬ টাকা ৩ টা অর্ডার করি বাসি তেহারি সাথে হালকা গাজর মিক্স করে গরম করে দিছে আর মুরগী মাংস পূরা বাজে অর্ডার করবেন না,Kamrul,
y4fh,30,2.85,27,bad meat box I ever order..😑,Ashiful,
yw73,1,3.67,1,"i ordered 1 set of roti and alu vaji, 1 sajbi and 1 extra roti. but they didn't have that alu vaji set available, which was updated so late. then i got 1 vaji and one single roti. 3 star for taste. ",Bristi,
ak4k,4,2.25,2,"Food was not that tasty . Fuchka ta onk tor chilo khawa jai ni . Ekdom valo na, taka noshto holo . Noodles Tao not that tasty today . It should be more tasty . Shbr tok jinish valo lage na .",Afsara,
n3fm,30,3.45,40,"Food was pretty good,the burger buns were great. But the wings were cold and did not taste like peri peri ,but they were good nonetheless. ",Mahia,
kvli,30,3.51,48,ঠিক ঠাক কিন্তু নামের সাথে খাবারের গুনগত মান এলাইন  করেনি। আচার পাইনি।,MD.,
t1ez,30,2.84,28,"beef chaap khichuri, khub khub khub Valo lagse, Alhamdulillah ",Rafat,
dbbo,2,5.0,4,"lots of toppings,  good taste",Jarin,
i8wp,4,5.0,11,wow,sapon,
p11p,30,3.4,42,wrong order delivered.  they gave plain nun,Sumaia,
fmgj,12,2.47,11,dont order.  food ingredient quality really bad,Dewan,
lrim,1,2.33,1,didnt get any kind of salad .. and there was no gravy with polaw rice and roast,Tasdid,
o5r8,7,3.21,10,Not given the mayo i orderd,Monwar,
p7ek,12,4.5,28,always best jokhon ei khai tokhon ei onk besi moja lage,Suraiyah,
apmv,4,3.22,5,খুব খারাপ টেস্ট। ,Arafat,
wc0k,5,1.92,3,The food test was very bad.,Md,
avrd,28,3.06,31,tea missing in breakfast but item says including tea,Tanzirul,
hfbr,30,4.35,50,rice smells old and not buttery.,Farhan,
p8x8,30,4.14,59,"the taste wasn't that good, very average. ",Tahsina,
jsta,30,3.0,30,i found a hair in my rice ,Tawhid,
haye,2,5.0,4,beef ta best chilo.  quantity o vlo chilo,kayes,
s3ak,23,2.81,18,Forgot to give straw with cold chiller,fahmuda,
xen9,7,2.38,5,rice ta aro cook korte hobe ekdom e boil hoy nai chal chal lagse khete,Jannatul,
d0fw,30,3.27,39,"Bad food, don't order",Akib,
uagz,1,4.33,3,সব গুলো খাবারই ভালো ছিল।,Nahiyan,
nxv6,5,3.29,7,Crab was not fresh.,Israfil,
l3po,6,4.41,16,Always love your food,Avirupa,
ksjr,17,2.47,12,poor quality ,Serapis,
dtc3,30,2.84,30,একেবারেই বাজে টেস্ট ছি: আমার বউ খেয়ে অসুস্থ হয়ে গেছে। আপনাদের নামে ভোক্তা অধিকারে মামলা দেয়া দরকার। ,Rizvi,
kmts,30,3.97,49,"8/10, beef was a little overcooked taste 9/10. good sauce. but sauce needs more texture",Shadman,
fqsq,15,3.45,25,Foods were tasty and packaging was extremely good.,Shabnam,
rmlv,2,3.0,3,Ruti ta ektu beshi hard other wise everything good,Rakin,
dgyl,1,1.0,0,"It turned out to be a huge disappointment. The rice was overly oily and lacked the rich aroma a good kacchi should have. The mutton pieces were tough, chewy, and seemed undercooked in some parts",Tanjim,
v0zm,29,3.55,46,not good ,Shakil,
act6,1,5.0,3,Sob er poriman baraite hobe,S,
pfk6,1,5.0,3,Koel Curry – A Flavor Explosion in Every Bite ,Tanvir,
n5sq,30,3.03,36,tok ar poriman kom chilo. overall good ,Samina,
eg9y,12,2.7,11,Very poor packaging…food is look like hotel food …very bad quality & experience ,MD,
n3b7,30,1.78,10,good test,Fatema,
th69,1,1.0,0,Horrible pizza,Sahil,
rk3e,30,3.87,56,moja chilo,Tabassum,
s3bt,9,2.57,7,Impossible amount of salt on the soup. Wonton was nice tho,Sarina,
ioqr,30,3.79,46,they dont deliver on time. but thats not the main issue. main issue is they give wrong information regarding the delivery. absolute chaos. ,Farhad,
s1cf,30,3.69,47,I placed an order.The cake was given two days ago and it wasn't fresh.,Maria,
bsfh,2,3.0,3,i clearly wrote no nuts.do they even check the order properly????,Fahmida,
vtwe,5,3.57,6,Shawarma Bhalo Chilo kintu Momota kemon jeno Tok tok chilo and halka smell chilo bhetorer chicken ta. ,Alif,
an6q,30,3.43,42,worst pasta ever. no salt here,eifty,
nt30,22,3.76,39,Gravy chicken momo oshadharon khaite.,Zisan,
q3zy,4,1.73,2,বাজে জুস পরিমাণে কম দেয় বক্সের ভিতরে তারপরে হচ্ছে অর্ডার একটা দিলে পাঠায় আর একটা তারপরে হচ্ছে মধ্যে কোন বরফ না কিছু না ঠান্ডা পানি না নরম পানি দিয়ে বানাতে খুবই,Maimon,
v0qe,30,3.22,33,Good quality,Sahinur,
jee5,11,3.67,18,"Don't match picture, pasta sweet like dessert",Azizul,
qdt7,3,2.71,3,I ordered Dab Chingri ( 500Tk). They sent two small pieces of unknown fish with a  note that Chingri is not available. ordered beef  (tk 352) but received 3 pieces of bones and some greasy fat. ,Sheher,
e9ri,30,3.43,43,Doner tastes good here but highly overpriced ,Barrister,
b13m,22,2.82,24,"It was a nice deal, i wish the pizza was a bit less sweet and more spicy on side",Sumaiya,
ft5k,30,2.32,21,ফুড রেডি করে দিতে অনেক সময় নেয়।রাইস এর কোয়ানটিটি কম খাবার এ লবন বেশি। ,Farjana,
nx0t,30,2.73,31,pizza te pepperoni chilo na ,Shirin,
kdop,30,2.67,22,Healthy Food. Good taste.,Muhammad,
xy3i,12,2.0,6,this most wrost i am sick now plz everyone be careful this restaurant is a mess and unhygienic ,sanjid,
o092,27,3.29,35,very bad taste.. and too much expensive compare to quality and quantity... ,Tanvir,
ugrg,4,3.67,8,Taste is good. But offline theke online e dam too much high. ,Muhammad,
fw78,10,2.93,12,dry,Rokhsana,
qrac,6,3.0,8,The portion was not even one person serving  size.,Nabiha,
w176,27,3.61,43,tasty but not loaded with chicken,Hafsa,
wf55,30,3.87,47,tandoori chicken wasn’t good. other than that everything was ok,Anika,
mj31,30,2.2,19,quantity and quality wasn't upto the mark with price point with the comparison of similar type of restaurants. won't order again or recommend. ,Gloria,
oyjb,24,3.24,30,all items were very good. ,Sohag,
ql01,1,5.0,2,Loved the beef pastrami sandwich. ,Yamen,
ub3c,8,3.0,9,"very poor service, I ordered 2 of their large classic meatboxes but the quantity was very small. They should name it potato box because I only got a few pieces of meat.",Adia,
ipay,3,3.75,4,Good,Arup,
i9nl,30,2.05,18,They took forever to prepare and then pack was drenched in complete oil. The food was oily af with burnt particles all over. Worst experience ever. 😤😤,Oheduzzaman,
fsle,1,5.0,3,"ঘরোয়া খাবার, বেশ ভালো।",Noor-E-Mehrab,
ohts,2,3.5,2,"Very bad quality of rice, smelled really bad",Erfan,
c376,30,3.96,53,"fahimmuchi here, outstanding as always, oh yes I've been collecting those couple like things y'all attach on the package!",Salman,
t8ay,30,2.86,32,They gave me rotten food,Sanchary,
osay,24,2.23,17,The meat box potatos are awful. ,Qurratul,
k5g4,5,1.55,0,so bad I can't even imagine how bad it was there was literally nothing tasty in the fuchka all salt and mushy taste. don't recommend to anyone if you wanna don't waste time,Shakina,
nt6m,26,3.03,30,Waldorf Salad does not have nuts!!! Please look up the recipe if you dont know what goes in a certain salad. ,Rayat,
ft2t,8,3.32,11,Item missing ,Rezwan,
jrqc,8,3.57,11,the cream inside they use is horrible…weird smell and chorbi chorbi taste…make the size smaller and use good quality ingredients,Sayma,
waif,1,5.0,2,"খাবারের মান এবং প্যাকেজিং দুটোই ভালো ছিল। স্বাদটাও আলহামদুলিল্লাহ। কিন্তু অত্যন্ত পরিতাপের সাথে জানাচ্ছি, ডিম ভর্তার সাথে বিশাল একটা চুল পাওয়া গিয়েছে। এ ব্যাপারে সতর্ক থাকা প্রয়োজন।",Saddam,
rdpj,1,1.0,0,চারটা  বক্সের ভিতরে প্রথম দুইটা বক্স খোলা অবস্থায় ছিল টেপ লাগানো ছিল না এবং যে খাবারগুলো পাঠানো হয়েছে সবগুলো খাবারই বাসি ছিল গন্ধ করছিল বাধ্য হয়ে ফেলে দিতে হয়েছে ,ishrat,
s1xg,1,2.0,0,"সীফুড সালাদ অর্ডার করছিলাম, মজা না, অযথা দাম বেশি।",Sourav,
g2pt,30,2.79,30,Very good service. ,Baniah,
ep4m,2,2.67,3,avrage ,shihab,
yem3,1,1.0,0,"বাল বানায় সালারা,বাসায় এসে খাইয়া জাইস পাস্তা।This fruad does not even deserve rating.তোদের পাস্তা তোদের মুখে এসে মারব। ",Swopnil,
ehf3,30,3.46,38,"Quality, Quantity দুইটাই আগের তুলনায় নিচে নেমে গেছে",Asaa,
s2zn,30,3.58,49,"Takeout used to be great, but today I was disappointed after having their Moddox. The patty was very flat tasted, dry and the burger lacked sauce. A tiny pack of tasteless sauce wasn't sufficient. ",Shaikh,
tr0z,26,2.94,29,Bad food ,Suddho,
h3ec,19,3.31,25,excellent halim,Nafisa,
dbzq,7,4.43,12,Smallest portion. Eta pasta chilo naki onno kichu bhai. Nastiest I have ever tried. 2 tukra chicken er slice and upore dudh dhele dise. Cheese mone hoy chine na. Samne paile etar owner ke khawaitam.,Ahnaf,
t6fs,30,3.03,32,the pasta had 2 little tiny pic of Chicken and the rice was flavourless and the chowmien was good overall decent ,Tahasin,
uc2a,30,3.73,48,পুরা বাজে ছিল আমি দুইটা পিজ্জা অর্ডার করছিল দুইটা মধ্যে একটা টেস্ট মোটামুটি ভালো ছিল আরেকটা পুরা বাজে ছিল দুইটা মধ্যে একটা তো পুড়েই ফেলছে আরেকটা মোটামুটি হালকা পুরা ছিল এদের কাছ থেকে নিবেন না,মাহাবুব,
eb6r,30,3.61,47,"The portion of chicken inside the box was very minimal—mostly it was just rice, which felt disappointing given the price I paid.",Saddam,
s3cs,1,4.0,2,costwise it was amazing ❤️,Maria,
x0t0,23,4.04,38,good,Mehtaj,
wkzb,30,2.92,34,ভালো ছিল ১০/৮ পাবার মত ,Md,
awhg,30,3.21,34,Awful ,Ariful,
u0te,13,2.14,9,Didn’t received the delivery ,Md,
u7mk,30,3.03,34,What is this again? food was good noon time. now it's bad again. 👎 ,Sumit,
hail,9,3.36,12,Taste is good but as for the price it is very less quantity.,Mahfuzur,
horx,5,2.82,5,thanks for offering such a refreshing drink in this scorching heat!,Faizah,
iyw1,2,2.67,2,taste was good but the quantity of chicken was very less ,Farhan,
lu08,3,5.0,7,Alhamdulillah food is good and tasty. ,Dilshad,
oj4f,3,4.5,6,Garlic nan ta moja na. Kabab average ,Mohammad,
gkv9,14,3.22,18,They change their restaurant name..that's way can't to locate their.Their oven is too much dirty,Ismail,
tz9l,30,3.19,32,packaging is not good enough,atikur,
fmrd,30,3.15,38,বিস্কিট একদম খারাপ ছিলো। নরম এবং খেতে খারাপ লেগেছে। কলোজাম টার ভিতরে ময়দার গোটার মতো একটা দলা ছিলো। এককথায় খুব খারাপ লেগেছে।,shomaya,
b5ez,6,2.07,3,nachos amount is not satisfactory ,Nafiul,
fft0,17,2.38,13,"ordered thick thai soup. they used too much tomatoe souce or tomatoes whatever, the taste of the soup was too tomato flavory.",Nafija,
owr2,21,3.26,25,They taste good and portions are big given the price.,Sadia,
f7k8,14,2.39,12,"চিকেন ভালো দেয় নাই, সালাদ দেয়া হয় নাই ",Dr,
gz10,4,3.22,5,flavour was tooo bad ,Rubiya,
jr7z,10,2.68,9,the pack was opened. not closed properly.,Gayan,
w1v1,15,3.65,22,"Quality of Chicken Samosa's ingredient is not good as before. Shingara & Samosa were too much fried. For better, it should be fried in medium heat. ",N,
eq4i,30,2.89,32,পরোটা দেয় নাই। বাটপার শালারা।,Sheikh,
wajl,7,3.25,9,Faltu.. unethical… guys they sent rotten food..,tahmina,
bars,4,4.2,8,"বাক্সে কোন উৎপাদন বা মেয়াদের উল্লেখ নেই, রসমালাই এর দুধ টক হয়ে গিয়েছে, মিস্টিও তাজা নেই। নিম্ন মানের খাবার অনলাইনে গছিয়ে দিয়েছে।",tahnan,
c8uw,30,2.89,30,Worst vegetable!! Old black veggies ,Jhope,
bncm,18,2.61,16,It’s okay nothing special ,Abdullah,
dnfz,30,3.3,42,worst one,amit,
s7hi,27,3.32,36,best corn on the cob! ,Jafnun,
s7ff,26,3.92,45,😍😍😍😍 fantabulous food ,Azwad,
to0y,9,4.36,21,Good food,Razu,
y555,30,3.53,44,Um valoi lagse amr theke ,TAM,
v6xs,30,4.11,53,Pasta was too sweet,Zaima,
hyku,30,3.85,60,Loved the filling and how soft it was. Wish the size was bigger though ,Zaima,
svac,30,3.78,55,🌨️🌧️☔,Nuhash,
fdul,1,5.0,2,Lucky crab so good,Jahidul,
y6wf,30,3.41,45,alhamdulillah  ,SIAM,
t5yw,1,5.0,3,Excellent 👍,Ahmmed,
ghvg,1,3.0,0,"Few pieces of chicken in one of the swarma was undercooked.. and salt was slightly on the higher side.. please keep in mind the salt and spice levels should be optimum, otherwise so so.",Maliat,
d71c,30,4.23,51,according to rice the curry was too less.. and for the wings it's not good at all... did not like any of the food.. need to improve quality..,Mehjabin,
x3df,30,3.03,34,too salty to eat. Very dissapointed,Ahmed,
xwnp,5,1.86,3,"এইরকম জঘন্য ফ্রাইড রাইস আমার জীবনে আমি খাই নাই। যেই সালাদ ওরা দিয়েছে সেইটা র্দুর্গন্ধে ভরা, ফ্রাইড রাইস দুই চার নেলা নিয়ে ফেলে দিতে হইছে। এখান থেকে কিছু অর্ডার দেওয়া আর টাকা পানিতে ফেলে দেওয়া একই কথা।",Ajoy,
vnwp,8,4.64,20,Thanks a lot for the complementary malai jorda..Food was delicious. 👍👍,Nusrat,
ufp4,13,3.67,20,love a vanilla cake done right!,ABDUL,
kacq,30,3.49,45,masallah khabar onak moja hoisa,Shohan,
nepw,12,3.64,20,worse ,Hibban,
m3gy,30,2.71,28,Food quality and taste is very low. ,Tania,
b4q9,2,3.0,1,Average taste,Mahedi,
an97,1,2.33,1,"vater poriman onk chilo, but gorur gos a lobon deynai🤮🤮tengra mach order chilo, peyechi chingri r alu vorta,fast order chilo but baje oviggota",marufa,
unqn,30,3.34,42,rice er fry tay lobon chilo onk,Shahana,
tybh,30,3.0,35,"I ordered 2 completely different meatboxes that felt like the exact same, even though there was about a 100 taka difference between the two. Meatbox sizes have also decreased it seems. Not what it was",Farhan,
xapv,1,1.0,0,খাবার প্যাকেট বের করে ছিল ও খাবার অনেক কম ছিল,SOJIB,
qird,29,2.92,36,"Half box o salad nai, mane 300taka diye eta ki dilo? Faizlami ekta",Bla,
t6bg,24,2.85,24,Nan kom dise mayonnaise o dey nai ,Fahim,
akfo,30,3.82,50,Good ,Rawfun,
sn8n,19,3.29,23,not that good really..,Nafiz,
vg3s,3,2.43,1,খুবই বাজে আটার দলা মোমো কিভাবে হয় 😔,Sharmistha,
np8p,1,2.0,0,The thing is that the food packaging is very bad. and we had to wait a long time. and the delivery boy was very late.,Siam,
tofh,30,3.05,38,kahbr a kiso ghondho chilo test o tmn Pai nai .. emn ta Hobe janle order kortm nh jai hok . next time hoyto r o Valo kiso pabo .. ,Nilo,
xckb,4,1.89,1,"wedges মনে হলো গতকালের টা আবার ভেজে দিয়েছে, আর বার্গারের পেটি ছিলো ঠান্ডা। কম্বো তে পেপসি ছিলো, প্যাকেট করার সময় পেপসি দেয়নি। চেক করার পরে দিয়েছে ",Md,
u0pq,30,2.67,29,Very bad experience and taste like pup,Mostofa,
z52v,8,3.1,9,The potatoes thing tasted better at dining,Md,
u4uq,10,3.59,17,waflle ta shob somoy e khai onek Moja Lage ar shawarma tao Moja Lage but sauce ar chicken er poriman onk kom chilo tarpor special chicken roll tao Moja chicken keema thake onek,Ta,
oz4a,3,1.86,1,price beshi silo quantity onek kom silo onek.,Juhafa,
pu8m,2,2.6,1,Normal packaging and bad test. Total loss of money.,Didar,
trk5,10,2.25,8,"If the items are not available that should not be in the list,remove immediately from order page, we ordered food for having it not for fun and the way is serving with poly pack which is unhealthy! ",Tariqul,
ds3b,30,3.91,58,Not good,Siam,
gumq,1,2.0,0," 2 ta fried rice order korsii apnara akta teo chicken fry den nai.taste was ok.but aivbe thokano thik na … 2 ta platter a 2 ta kore 4 ta fried chicken chilo jokhon order korsi ,  R onk wait krsi .",Amaya,
ps7w,30,3.99,51,The amount is less than regular ,Sonia,
vyn7,10,3.16,13,💓💓,382-Monjurul,
b37l,30,2.73,26,Quantity eto kom ar daam beshi,Md,
yu73,30,2.77,28,same pizzas,Bhat,
p7xg,1,5.0,3,"ঘরোয়া খাবার ❤️ গরম গরম ছিলো পরিমাণেও অনেক, ভালো লাগলো❤️",Badhon,
wiq0,27,2.91,29,too pricy,Marouf,
ns1q,12,1.84,5,"Pasta ta onek baje chilo, maximum tuku khetei pari ni falanu geche, ar shawrma teo Kemon ekta baje smell chilo, overall onek baje",Lutfur,
tqrg,5,3.5,8,Chicken are very small and get bad smell from chicken .All are very  dirty food ,Afrajur,
iuka,8,2.89,9,very poor. ,Mehedi,
t37j,23,4.0,43,It’s ws delicious 😋 ,MD,
bmlt,29,2.5,24,Worst pizza!,Adeeba,
a9ah,6,2.14,2,the worst reatuarant ever their food is very little I ordered a chola bhatura and spice dosa they mixed both and gave so little and took 270tk from me I will never eat again fro here,Ferdous,
rnpl,11,3.07,13,keep it up,deediya,
nko9,30,3.97,54,"Perfect, however try to deduce burger price. ",Armaan,
nu78,1,5.0,3,The food was excellent. Good packaging and quality. ,Zarin,
d32b,12,2.53,13,"বাজে খাবার।রাতে,সকালের  বাসি খাবার দিয়েছে। ",Sajeeb,
mvd8,25,3.42,36,"This chowmein is so bad. I don't know why, but it's so much better when I dine in.",Tanjiha,
eri7,30,2.82,34,"scam, they didn't provide the drink, a d the meat is super tiny, don't recommend ",Faysal,
vmcp,1,1.0,0,No bbq in the naga bbq chicken ricebowl. It was straight up naga which wasnt tasty at all it burns,Ashfaque,
s1md,30,3.11,29,Excess sugar  ! I told them to give less sugar ,Nuzhat,
l7ak,3,4.14,5,it was tasty ,Nourin,
xnbn,1,2.33,1,Disgusting food and waste of money ,Sadia,
nazg,1,3.67,1,Chicken moglai have no chicken even egg was little bit only in middle ,Farzana,
fvc8,3,2.25,2,chicken curry is very bad. Also dal vorta smells very bad. not eatable. Very bad. total waste of money. need to order again somewhere else. very bad very very bad quality.,Ejaz,
m4a4,30,3.37,39,"Very good, homely food. They should not drop the standards",Darras,
ei7o,3,4.14,5,"Great food.Thank You, Dora's Kitchen.",Shabab,
i7ge,30,3.36,42,Best momo,Tandra,
vy0s,30,3.0,34,Eto baje ghondo wala morog polao diche amr 400+taka e nosto faltu khabar,Raisa,
eka1,1,2.0,0,"Calamari rings were terrible, only crust no calamari. The seafood pizza hardly had any seafood as was mentioned n it had too much green chillies. ",Mona,
qpg8,15,3.54,25,Food was terrible in fact I am feeling sick now,Nabila,
fmfa,5,2.83,6,Price beshi,Sharjina,
redk,7,1.94,2,So bad juice waste of money just water no papaya flavour tasteless do not order from here i suggest yall,Sadia,
jskm,4,3.0,6,They sent noodles and an egg with water and calling it ramen. Absolutely worst...,Zahir,
o9li,30,2.92,32,Chicken bhuna er price diye rakhsen 276. likha 2 pieces of chicken and I only got one. You do know that most restaurants provide 2 pieces of chicken for half the price right? ,Raihan,
juf5,5,4.45,9,Very Fresh Food and Taste was also Amazing. Highly recommended to try.,Rubayet,
d3eu,30,3.16,38,food quality has degraded a lot. mutton pieces in mutton chop was smelly and not edible,Fauzia,
fobt,30,3.88,47,"This was the worst waffle I have ever tasted, with low-quality wax-like chocolate sauce that made the taste even worse. The owner and the maker should learn how to prepare a waffle first. Sad. ",azmaine,
u813,30,3.08,34,"প্রথমবারের মতো ট্রাই করেছিলাম,বেশ ভালোই",Dare,
ana0,9,3.23,14,এটা অরুচিকর ছিলো। কাচ্চির নেম পাজরের হাড়। চিকেন বিরিয়ানির অর্ডার ছিলো ডিম্ সহ। ডেলিভারি দিন ছাড়া। এতই বেমজা ছিলো সেটা রেস্টুরেন্টে থাকলে দেখাতে পারতাম। টোটালি দুপুরের খাবারটা খেতে পরলোনা। ,Zein,
xu7e,9,2.83,10,frenchfries onek beshi oily and literally tastes joghonno,Fatin,
fpkg,6,3.78,13,With this price very good amount with good taste,Tasnia,
cnrn,1,1.0,0,awful taste 🤮,Wahida,
s2de,30,2.41,26,quality kharap hoye geche,Dulal,
c2he,30,2.18,17,  khub baje  khbr...    order korchi  gril diea dise chap  baki  nan ruti porotha  akdom bashi chelo shahi porotha  theke  baje smell astechelo  pura e   faltu ,MD,
larb,4,1.8,2,Worst food,Khaled,
tirk,21,3.26,26,তারা আমাকে জ্বলে যাওয়া ফুচকা দিয়েছে। তেঁতুল পানি ও দেই নাই ঠিকমতো।,Rownita,
f7qi,3,5.0,6,Food is as expected good. ,Imran,
e23t,3,3.29,5,FOOD was good,Nasifa,
iae9,20,1.96,10,ordered pudding they sent firni,Nazmus,
p168,1,5.0,3,The fuchka's was crispy and the ghumni was very yummy and spicy. ,Manha,
t65i,1,1.0,0,"Franch Fry was over fry and very oilly.  it's totally dam , I think it was cooked before.Sandwich 50/50",Shawon,
r2ew,30,3.69,51,Good Food & Good quality.Service is also Good.. ,Nill,
p8xn,20,3.2,27,back dated products ,Fuad,
av23,30,2.92,32,etto jhal kno bhai. and too oily. ,Fahim,
cwyw,16,3.05,17,The chocolate tea cake is a must try! 100 out of 10!! Sooo good. ,Nazmin,
zzfh,11,1.88,5,It was really bad . Khichuri was definitely not fresh . It became very dry.,fair,
ndok,30,2.89,31,Good at all.,M,
z2a5,30,2.47,22,the bun was very dry,Tazim,
s6nl,5,3.4,6,the sandwich is hard and feels frozen,Arjon,
qfzz,13,2.82,15,delivery time sms me 1 item stock out. poor service cooper ,Nizam,
s4zq,8,3.45,14,tasty,nusrat,
cj62,30,2.24,22,"Small fish was stale,  bad odor ",Nusrat,
b3ql,9,2.22,6,"Very bad , it's only potatoes, no meat or chicken inside in the meatBox . It's much better to not eat than to order it.",Md,
s0sg,30,2.78,31,the rice was completely decomposed with bad smell. Totally disappointed. Seems like collected from dustbin.,Jarrin,
yaib,30,3.27,37,খাবারে মসলার পরিমাণ একটু বেশি। ,parvez,
qpc9,1,5.0,3,"darun , abbr order dibo onk moja",Md,
ryuw,1,5.0,3,best🥰...i'm happy 🥰🥰🥰❤️‍🩹❤️‍🩹,Eramin,
jtf1,7,1.82,2,worst food is not acceptable,Jolly,
p3ea,30,2.07,18,Order korechi beef khichuri but peyechi mutton khichuri. Also mutton er piece e kono meat e chilo na r meat er piece ta dekhe  mone hochchilo polao er mutton er piece diyeche.  ,Abrar,
uf7i,30,3.77,53,good food but states similar to frozen parathas,faysal,
l6dh,7,4.41,15,"what is wrong with this food etoh oily, arektu hoiley America invade korto Amar bashai. Served me 2 burnt leather pieces of chicken. the veggies were not good. the beef sizzling 🤢 beef jerky 🤮",Shorif,
qvua,10,4.36,18,"জঘন্য, ডাল ভর্তায় তেল দেয়নি আর পানি দিয়ে ভরা, রসুন ভর্তার রসুনের খোসা ছাড়ানো হয়নি, চিংড়ি ভর্তায় লবন বেশি। আর ডাল কোনো লেভেলের না। ভাত অনেক মোটা আর ঠান্ডা।",Ar,
jzmv,20,3.72,37,Average,Taniza,
eqjc,1,3.0,1,There was no tok given for the fuchka but overall the taste was great ,Ashmila,
sdjt,28,2.38,19,"Fish Tampura was oily.
",Alamgir,
jnle,30,3.24,39,Strawberry coconut milk was really good around it's price range. ,Nowrin,
jofo,12,3.21,14,overall good...at this price,Nasif,
us0f,30,2.97,34,pocha khabar kn dilen??,Sinthi,
t6po,30,3.26,37,So good!,Nisha,
y3oc,3,2.43,1,Order disi ki asse onno kisu. .. ekkebare baje ..,noel,
vpop,5,2.14,4,worst place ever! never order from here we gave around 350 tk for the kabab and chaap and the quantity was so small like u would be speechless after seeing it! This shyt is pure bullshyt.,Nazeef,
hlwc,4,3.36,7,Bhalo chilo,Zeneea,
vhhn,12,3.38,19,Good,Morshed,
m4w1,11,3.62,20,vlo chilo,Nur,
ra0q,7,3.1,11,Ekdom e moja Nh atto lobon Ekdom e khete pari ni,Ishrat,
ywrv,20,4.02,42,not that much good,Najmul,
x574,1,1.0,0,green sauce ta bashi gondho. momos gula thanda chilo. r momos er filling khubi baje chilo. gondho chilo,Mysha,
uvvi,15,3.35,20,"Awful food! Chicken - Shiddho hoy nay. Vuna khichuri - Jhorjhora chilo na, vorta type lagse. Vegun - vaja order disi kintu pathaise Vorta. Morich Vorta - Green chilli dey nay shukna morich er dise.",Farzana,
t8pn,30,2.67,33,The worst doi fuchka I ever had,অরনী,
fhhx,4,3.8,6,pizza er bread e nonstick pan er kalo prolep ta uthe ashche... Taste average momo only 5 pcs which is over prized.,Mohima,
gsvn,3,3.67,4,"The cholar dal with khashir kolija only has dal in it, even local hotel give more kolija for a less price. Labh korba bhalo kintu manush thokanor ki dorkar. The lal atar ruti was good. ",Fire,
uhup,18,3.27,18,"as the crust was thin, it got chewy. not soft. not crispy",Israt,
a7yo,30,3.05,35,এগুলা দুই নাম্বারি ব্যবসা বাদ দেন.... আমি অর্ডার করছি চিংড়ি ভুনা আর আপনারা কাঁচা পেঁয়াজ আর অল্প কিছু চিংড়ি দিয়ে পাঠায় দিছেন... ফাজলামোর একটা লিমিট থাকে,Ayon,
qvr1,30,4.49,68,"thank you for the gifts, food was fresh and tasty",M,
y7oq,11,4.03,22,500 takar meatbox e eto kom meat thakte pare eta gboneo bhabinai. Ami ei taka diye onno jaygay 2 ta meatbox paitam and double mangsho paitam. Waste of money. ,Ayman,
styd,30,2.18,18,"এই অশিক্ষিতের বাচ্চা শান্তির ছেলে টাকা দিয়া খাবার আইনা যদি খাবার উপযুক্ত না হয় এটা কেন দিবি, ব্যবসাটা কি একদিন কইরা শেষ করে দিবি আরেক বার অর্ডার করার তো কোন জায়গা রাখস না শালা মূর্খ ।👋",Rakibul,
d12c,18,2.14,11,Faltu,MD,
gpzh,30,2.61,21,খাবার এর মান ভালো না। আমার ছোট বোনের জন্যে অর্ডার দিছিলাম ও খাইতে পারে নায়। বাসি একটা ফ্লেভার আসছে। আল্লাহ মাফ করুক ফুড পয়জনিং না হইলেই হইলো আল্লাহ আপনাদের হেদায়েত করুক এই খাবার কাউকে রিকমন্ডেড করব না,Tamim,
jtmw,19,3.33,25,Nice taste!,Muhammad,
kj9m,30,3.83,55,"Probably my last order from you guy the quality degraded- chicken curry was kept in freezer or something the aloo became flakey & the chicken was watery, not freshly cooked. Items thakena then cancel ",Priyanka,
chwo,30,3.54,46,Best shingaras in Dhaka. ,Fareeha,
iq4j,30,3.4,46,nice food,ABIR,
mpz9,30,2.57,22,4tar combo order diyesi kintu 3ta diyese. ar kokhono order dibona ekhane...... foodpanday help nilam bollo refund dibe tao dilona,Raihan,
o1bt,30,3.54,45,Ordered bhaji but they gave me mixed shabjj,Tabassum,
ywuh,2,3.0,3,মোটামুটি ভালো লেগেছ ❤️,Md.,
g7k5,30,1.9,12,কি দরকার ভাই ৪৯ টাকা ডিসকাউন্ট দিয়ে যদি তা খাওয়ার যোগ্যই না হয় টাকা বাড়িয়ে নেন তা তো অবশ্যই উন্নত করবেন,Nadiya,
iy2u,15,2.82,13,Delivery went late. It wasn’t bad. I feel they could use better packaging for pizza. It got some smell though. Overall good ❤️,Farhan,
gfdn,30,2.55,25,size choto,Rahat,
nqqh,2,5.0,4,Hygienic and delicious food.,Tonmoy,
c2lq,8,1.76,3,kire bhai gondho utha  khabar sell koris..taka tai mati,ajmine,
hcfh,30,3.26,32,The burger was cold. Not at all juicy. And tasted stale. Worst. ,Asad,
zohc,30,3.4,40,mota moti khabar valoi ,RS,
h625,14,1.85,6,Taste chii ecche baje khabar ar pai nai,Rahat,
oesp,9,3.4,10,In simple words.....Spectacular.....simple food....yet the quality is pretty amazing.....I ordered the soup momo......food was served hot,Tonmay,
s5hq,30,3.41,43,the tase is blunt and smelly this time. It's very disappointed for me. Cause I tased few times earlier and those are good ,Moon,
yckz,27,3.14,34,Good packaging ,Tahsinul,
ahk8,7,2.5,4,"Quantity is so so much low. 10 gram vorta and 20 gram vuri. Vortai emon jhal je kheye oggan hoie jaoa lagbe. 200 takar gorur bot 20 gram dise matro, r vortar size o besh kharap. Don't waste money",Ali,
d4g5,1,3.0,1,Portion was very small and food quality not good,Wali,
yxgi,30,3.27,40,"Pretty good, nice size and crispy. Would recommend 🫶🏻",Samia,
s9iw,7,3.27,7,awful experience I used to order same famous pasta they gave me a diff thing oily and tasted disgusting I wish I could give them 0 star,MD,
q1bj,10,3.67,16,Ready tasty,Jahir,
i4ey,1,2.0,0,"মোটামুটি, তবে চকলেট এর তুলনায় দাম অনেক বেশি",NAHID,
f03s,19,3.0,21,delivered full smashed  cake ,Saraf,
goe0,8,3.53,13,Khabar vlo kintu packaging baje waffle nosto hoise,Abu,
vei7,30,3.51,43,The lasagna was stale and smelled like it was going off. Its not worth paying this amount for something if it's going to be stale,swanee,
u5sa,30,2.7,31,Food was not good. Found hair in my food,Rifa,
nvyh,11,4.23,22,"The patty of one burger was burnt but otherwise the taste was great. please maintain the quality , it is unacceptable. ",Afri,
q9zr,4,4.0,9,One of the best seafood Soup...there was enough seafood and the raste was too good 👌 ,Tasnia,
pu6n,2,1.0,0,vegetable was raw and chicken curry was very awful.,Mohammad,
mewc,30,3.31,38,"Giving it a 1 star because inside their signature chuck box, it was half empty. They gave me a small bread instead. That was very unprofessional. ",Marzan,
nck3,2,3.4,3,Espresso cafe mocha my fav,Kaniz,
u2qo,30,3.21,36,Kacchi was good but too much oily and they left no meat on the leg roast it was almost like a piece of bone overall taste was good but there was no chunk of meat at all.,Farjana,
kdzg,30,3.79,45,vorta order chilo.Shutki vorta eto kom!  60tk er vorta but onek kom jekhane alu vorta 30tk but box ta full chilo ar shutki vorta eto kom diyeche! apnader khabar onek moja but shutki vorta kom diyen na,Ishrat,
zmhw,1,5.0,2,onek valo food,Md,
yger,18,4.16,31,Not worth the price,Shaikh,
upz7,1,2.33,1,very bad the meet box had no chicken cubes just sausage and few meet ball filled with raw french fries. burgar had little to no meat,Nasrin,
waua,30,3.65,48,Good ,▓▒▒░░░�,
e0ed,21,3.67,35,fresh na bashi gondo r taste emon ken,Rowshon,
s9lp,14,3.92,27,I found a fly stuck in the egg & mayo sandwich. I couldn't even think that a brand like Tabaq won't follow basic hygiene rule. This level of unhygienic food practices should be taken to accountability,Md,
m0cd,14,3.26,21,apnadar khabarkhub baje thn Ami mint lemonade order disi oitao apnara amk Dan nai ulta tk kaita nesan thik e ato baje apnadar service bolar bahira weast of money apnara lemoned deta parban na bola hoy,Mahfuza,
oo81,30,3.16,38,Food quantity is good. chicken was also good.,Wasif,
hpds,10,2.12,5,"Photo er sathe khabar er kono mil nai , capri photo te leg pices dilo sinar 1 piece/ but moja silo. Frends fry khub baje fele dewa lagse alu kacha kacha, ",Arif,
niyj,3,2.14,1,very less quantity and little amount of chicken though pretty tasty,Ifra,
p7f7,15,3.86,24,Not Bad,Mr.,
ybxi,2,1.8,1,"Tehari 5/10, Morog polao 2/10. Morog polao er shather deya shiddho dim ta pocha chilo. dim er baje gondhe obostha kharap hoye gese.",Israt,
aang,6,3.62,9,Poor quantity. ,Nafisa,
g3hv,21,2.4,16,"khub baje ami sponge roshogolla order korsi pura ice hoye ase onek din tarmane freezer a rekhe deoya chilo ,kew order korben na fresh khabar na onader",Iftakhairul,
awgw,1,1.0,0,Needs improvement and overpriced ,Tasnemia,
psy8,30,3.87,49,Got the medium classic meatbox. Great tasty food for good value 10/10 recommend ,Nailah,
sb8t,30,3.81,54,kichuta kacha chilo. age o onek bar try kora hoise. kokhono emn hoy nai.,mysha,
q3xn,23,2.46,16,আসসালামু আলাইকুম ভাই আপনাদের খাবার কোয়ালিটি খুবই বাজে মানে মন থার্ডক্লাস খাবার আর জীবনে মানুষকে দিবেন না ভাই আপনাদের তো চাইছি আমি বিফ খিচুড়ি আপনারা দিছেন চিকেন খিচুড়ি মানে খুবই ফালতু ভাই,Mahmudullah,
jlgz,7,3.88,12,Singara layers inside the dough is little thing and not easy it’s like the rubber,Nuzhat,
a9hc,30,3.22,38,Average ,Shopon,
fe5s,3,2.14,1,"praw toast was too salty, the Momo's were just ok ok not something special or good",Humaira,
oyt1,30,2.49,26,chawming r momo order diyechilam...khubi baje taste.. ,Samia,
s1aq,26,3.38,34,Yummy,Jisaimanur,
kxdd,30,2.97,30,Tasteless food.,Rehana,
czjg,1,5.0,3,সুন্দর এবং অনেক ভালো ছিল। ,Jamal,
gfi3,30,2.73,27,The taste wasn’t that much good..,Sabrina,
fjqc,30,3.78,49,"The food was tasty, it would have been better if the quantity was a little better, I can't get enough of this delicious food, I hope you will understand my cost from the next time.",Rimon,
mt9m,9,4.85,25,Chicken dumpling in soup's quantity was okay according to price. The dumpling tasted good but the broth was too salty. Packaging was done very safely.,Shahriar,
fvv4,5,2.38,5,Baje,Farhan,
lxth,30,4.36,61,"look into the patties before you bite, it releases pure juice. the rest is up to you all to decide. i love menjar BD, period. yeah the chickens might have tasted better if it was live, but the 🍔🤤",JAHEEN,
m5na,19,3.62,27,oneek vhalo chilo pasta basto. love it brother 🤏😘,Md,
n4kd,16,3.38,22,"packaging were to poor , indrani item er sob cream pore gese ",Shammy,
rt4w,30,3.59,43,momo গুলো খুবি মজার ছিলো কিন্তু বার্গার টা নষ্ট একদমি পঁচা গন্ধ দয়া করে কেউ এনাদের থেকে বার্গার নিবেন মা😡,Sabbir,
mgqy,1,5.0,2,"The nimki was crispy, well-seasoned, and clearly made fresh. Packaging was neat and delivery was on time. Will definitely order again.",Appurbo,
pal1,5,3.93,11,ekdoom baje khabar keu niben na nachos etota bajee quality quantity ekdoom khrap salara butpari kortese sob,Rezaul,
ulcq,11,4.7,25,rice need improve..  meat was enough ,Sifat,
nbb0,1,5.0,2,very tasty and quality full burger.taste is very good.অল্প টাকায় তৃপ্তি করে খাওয়ার মত একটি বার্গার। সব কিছু ছিল পারফেক্ট। higly recommend ,nusrat,
jst4,26,2.97,25,কেক ভেঙে চুরমার ,Akram,
dral,4,2.11,3,"Awful taste, don’t recommend ",Nazib,
vjrj,30,3.6,47,excellent,Zereen,
dgfc,6,3.0,8,they just sent daal.i had to finish lunch just with daal. so unprofessional ,Nayeefa,
b2e9,2,3.8,3,Bhalo chilo Kalke,Rafee,
ei3m,10,2.04,7,"লাচ্ছা পরোটা কি জীবনেও করছেন, বানাইতে না পারলে আগে সেফের কোর্স করেন তার পর সেল করতে আসেন লাচ্ছা পরোটা তো দেননি উপর থেকে পরোটার নামে আটার খামি দিয়ে রাখছেন। আমার বাচ্চা অসুস্থ হয়ে গেছে এই খাবার খেয়ে। ",Mhrine,
fx0b,30,4.26,58,wow ,Md,
oqtm,30,2.89,29,very salty ramen.Not worthy for its price.All together food quality poor. ,Laboni,
z6d6,30,3.58,45,"average,expensive",Chad,
tk7z,30,3.34,37,size of chicken was small for the 334tk price....total loss,Istiak,
b1rd,3,2.25,2,"৪ প্যাকেট অর্ডার করেছিলাম। সবগুলে প্যাকেটে মাত্র ৪ টুকরা ছোট ছোট মাংস ছিল, বাকি ৩ টুকরা হাড্ডি। আমরা তৃপ্তি নিয়ে খেতে পারিনি। ",Sufia,
ecdi,1,5.0,2,the thai fried chicken was exquisite ,Abrar,
pa4t,1,2.0,0,i found hair in food ,sharmin,
ljpo,6,3.46,7,please ban this shop. Non of the food was eatable. Halal business koren please. food   sell korar age kheye dekben ki dicchen. poccha macher vorta and 3/4 gun lobon diye cook Kore Khabar kew dei na.,Tarikuzzaman,
l7bw,5,3.36,7,মনে হয়েছে খাবারটা বেশ পুরনো। Not worth it at all.,Farhan,
k47m,30,2.54,28,"কয়টা হাড় আর এক পিস চিকেন দিছে।১৭০ টাকাই নষ্ট ।এর আগেও ৪ ,৫ বার নিছি,যথেষ্ট চিকেন থাকে।এই খাবার কোন বিবেকে দিল আমি বুঝলাম না।",Lily,
z9pt,2,5.0,5,initially the price seems high but the baked pasta was in adequate amount compared to all the nearby restaurants. It was proper seasoned and well cooked and taste 👍 good,Dia,
g286,30,2.46,26,"They’ve served cold , tasteless chicken biriyani. Never gonna order again ",Suhana,
isrq,1,2.33,1,Momo was very bad. Full of raw onions. very bad.,Nayeematul,
sg8w,10,3.61,15,"Clever, but obedient, the delivery correspondence you have send now. Thank you. But asked a bit amount than the official Bkash cash out charge. I had to reject. And let him understood.",Ashraful,
qzxr,15,3.15,21,beef alu curry order korechilam. beef vuna diechen keno? apni majhe majhei egulo koren. ami ki apnar choice onujayi khabo???,Auri,
jul8,30,3.05,37,Good Food 😊,Md.,
v841,29,3.68,49,Rabri was excellent.,Md.,
efel,16,3.67,27,Cream of chicken soup was an absolute deal breaker! worst flavour ever,Zahidul,
fnbs,30,3.32,41,Not timely delivered,Nawshaba,
dluc,10,2.04,3,খুবই plain টেস্ট ছিল। ড্রিংকস গুলা পানি পানি ছিল। ফরমোসা কফি টা ভালো লাগেনি। প্লাস পরিমাণেও কম দিয়েছে। এদের স্মুদি আগেও অনেকবার খেয়েছি। এই প্রথম পিকআপ ডিসকাউন্ট এ অর্ডার করি।খুবই বাজে এক্সপেরিয়েন্স,Meherun,
qo31,18,3.91,32,meatbox kub e baje jei price Worth it nah taste o Valo nah ,siam,
j1jc,12,3.59,18,picture er sathe pizzar kono mil nai. নরমাল দোকানে রুটির উপর মসলা এবং মেয়োনিজ দিয়ে যেভাবে পিজা বিক্রি করে সেই পিজা দিয়েছে। পিজার ভিতর পুরোটাই কাঁচা পেঁপে দিয়ে ভরা । পাস্তাটা ভালো।রেকমেন্ডেট। ,RK,
x8em,30,2.35,22,too much sauce and no franch fries.,Ashraf,
hfeb,4,5.0,11,Everything was exellent.. i m ur regular customer..my familly members r big fan of u..services are pretty good❤️,Shafi,
scsy,1,5.0,3,Excellent!,Dilruba,
tkya,30,3.03,36,Awesome ,Dipa,
wqr5,18,3.4,25,yammy fresh and tasty food 100% recommended  THIS resturent ,Afzal,
y7m0,30,4.34,59,আলহামদুলিল্লাহ খাবার ভালো ছিল। ,Mahid,
yccn,2,5.0,5,One of the best burgers in the town!!! Also the fries were really crispy. dips were also great! overall 5 out of 5!!,Tanvir,
j3ek,30,2.66,27,Testing salt dile Polao/ khichuri vallagena ,Rokaiya,
n7z4,3,2.71,3,nice food,Fatema,
rar1,4,3.55,7,"Didn’t meet my expectations. Should be more fresh, I felt bitter test on a fruit, I couldn’t identify which one. ",Nusrat,
rvow,30,2.63,25,valo na ,jasi,
qwjr,30,4.04,55,There was only one bora.. 180 takay one bora is not fair though description mentioned 2.,Shanaz,
tkw5,30,3.69,45,"ইলিশের লেজ ভর্তায় পেয়াজ,ধনে পাতা,সরিষার তেল ছাড়া কিছু পাইনি।বুঝতেও পারিনি কিসের ভর্তা!বাকি দুইটা ভালো ছিল।",Aporna,
s3ap,10,3.24,13,Such bad food quality and taste ,dewan,
pqy9,4,1.6,1,Avocado denni and Motei valo na apnader salad mone hoche Chanachur makha kachi ,Farhana,
d8yj,5,3.46,7,I ordered two brown bread but they gave me two white sourdough bread instead :( I don't mind the sourdough one but I wish they had informed about this change. ,Nishat,
hdab,3,2.14,1,pizza khubi baje chilo,Tahmed,
t503,6,4.0,14,340 tk দিয়ে জীবনের সব চেয়ে জঘন্য ফ্রেঞ্চ ফ্রাই খাইলাম । ধন্যবাদ আপনাদের ,Joy,
pz4d,30,3.6,45,খাবারের মান দিনে দিনে খারাপ হচ্ছে - প্রথম যেবার খাবার নেই সেবার এতো ভালোলেগেছিলো যে নিজেই কয়েকজন কে পেজের নাম উল্লেখ করেছিলাম।,Makhduma,
p8o5,30,3.05,36,Eder service valo nah,Rezaul,
l23n,1,5.0,3,same Ghore ar ranna Chaile sobai netay paren.🤤🤤🤤,Ayat,
zlhp,22,3.33,33,Soup ar Colour Akdom Baje....Salt  to Jibon o dai nai....Patla Soup,shakil,
aszk,30,3.2,32,"Very small of vegetable given, price is way too much compared to quantity ",Anwar,
umsh,9,2.57,6,bad refrigeration and bad test ,Abdullah,
yivr,1,3.67,1,Shutki was worse,Hard,
ph4b,2,4.5,4,"the Oreo bar was good , packaging was average,the inner cream was thin not dense",Shahad,
mo3s,30,3.58,42,"it's nice but more chicken should be added and the sauce was amazing,just given cold in very low amount",Nashmia,
lnwc,15,2.53,11,food was way too much bad and cold. ,Snata,
byw5,1,5.0,2,best momo I have ever try . very tasty thank you for serving a fresh food.,Qais_,
uoe7,30,2.42,22,pasta with cheese even though I didn't order baked pasta. sauce was not pasta arabbiata sauce  but more like tomato ketchup,mahbub,
seng,26,3.92,51,আপনাদের খাবারের মান অনেক ভালো। তবে প্যাকেজিংটা একটু নজর দিবেন। পাতলা পলিথিনে এতো গরম খাবার দেয়া স্বাস্থ্যকর না। প্লাস্টিক গলে খাবারে চলে যায়।,Abdullah,
c0f3,30,2.87,34,আমার জীবনে খাওয়া সেরা বাজে খাবার,Toha,
eypt,6,1.71,2,packaging was too bad. Tok was missing & taste was not so good.,Afia,
klz8,2,4.67,6,wings not spicy but test is ok,Afroza,
jkoo,30,2.82,29,It was pretty average.. most probably not going to order again..,Faria,
z51f,1,5.0,3,ফিশ টেস্ট অনেক মজা ।স্পাইস একদম পারফেক্ট ।ফিশ সাইজ অনেক বড় ।আর খিচুড়ি টা একদম দেশী ভাবে রান্না করা ।,Mcdonald,
xnq4,30,3.22,38,"best in budget
",Tj,
yc84,11,2.8,10,ami sick ar amar onek boba drink khaite mon chaise nd order disi expectation rekhe onk..but onek baje ekta drink...also boba peal gula haat diye dhorle golejayy moydar moto,Afroja,
scbb,16,3.29,22,they chaet me. I ordered something they send me something else. ,Sabrina,
s9it,30,3.41,43,Good food,Nazifa,
jczg,30,3.67,50,Proportions were small. Other than that these were absolutely bussin’,Uddin,
d4g6,7,3.0,7,"আমার স্পেশাল মিটবক্সে মাত্র ৩/৪ পিস মিট  ছিল, কোনো ফ্রেঞ্চ ফ্রাইস ছিল না৷ ইনাফ সসেসজ ছিল৷ কয়েকপিস মিটবল ছিল।  ওভারঅল কোয়ান্টিটি অনেক কম ছিল। টেস্ট গুড৷ ",Narmin,
wt7k,15,3.44,19,soup failed to impress but the crab was good. ,Zaed,
pzgr,8,1.95,3,They gave me wrong order .,Arifeen,
xl6d,1,5.0,3,Awesome flavor and aroma. Luchinis soft and perfect size. Thanks ,Shafi,
bni7,30,3.4,42,worst vegetables ,tanha,
asyt,1,2.33,1,hardly 5-6 smallest size of meat,Jasmin,
cgem,30,3.83,48,"French fries, mixed vegetables and Begun vorta was delicious and recommended. Never order chingri vorta, it was full on dirts and sand! Alu vorta, Daal vorta is not recommended as these arw not tasty.",Faruque,
t1xy,30,2.47,26,not bad,rahmuna,
feeo,8,3.42,10,"etto moshla diben na. sauce diye misty hoye jay purata.. loitta fry te prochur lobon. etaa jehetu samudrik mach, alada kore ar lobon add korben na marination er somoy. ",Nure,
vei4,2,3.0,3,food is good but delivery time was lot more than expected ,Niamun,
zc8i,1,2.33,1,missing items ,Reaz,
mv6e,30,4.05,58,good,Sohel,
pjax,7,5.0,18,Wow! What a drink. ,Ziaur,
hevp,30,3.08,37,Worst one.Recomanded everyone not to buy food from here.,shahinoor,
s2cm,2,3.5,2,All was good,About,
a5ww,12,2.63,11,The sub was tasty but size was too small.,Sadia,
mm4y,30,2.26,21,"The morog polao was great 10/10 , but the fried tice Quantity was aloot less and there was no chicken here lol ",Faisal,
jqo5,30,3.97,54,very good taste ,Md,
whua,30,2.97,35,it wast good but price wise chicken enough na,Fabiha,
q7d9,2,3.4,3,মোটামুটি ভালোই ❤️❤️❤️,bd,
ccej,30,4.1,51,Tuna sandwich was like maybe 1-2 tiny bits of tuna…total ripoff ,Kazi,
hshv,11,3.0,13,Very poor quantity of the food ,Anha,
p4j2,30,4.42,56,Ekdom perfect crispy chilo. Gorom o peyechi ektu. Filling enough chilo. Satisfied my expectations bola jay. Kharap na bhaloi. I would like to rate it 10/10 based on everything. ,Tonu,
m4hh,12,2.27,9,"আমি ফ্রাইডে উইংস অর্ডার করেছিলাম, কিন্তু তারা আমাকে বুকের হাড্ডি, খাঁচা পিটের হাড্ডি দিয়ে দিয়েছে। আর টেস্টও তেমন ভালো ছিল না। ৩পিস শুধু উইন্স ছিলো বাকি সব উলটা পালটা হাড্ডি ছিলো। ",Tahsina,
kmfy,6,2.75,7,Best momo🫶🏻💝.... wedges ta arekta better kora drkr,Rafiya,
mcxz,3,2.75,2,so bad pizza not fresh,Sabbir,
gye2,30,2.95,35,very bad,Shamsur,
h8my,8,3.19,11,"good portions, decent chicken. delivered fresh food p late, thanks ",Ishan,
rhso,1,1.0,0,I ordered Begun bhorta and they gave me alu bhorta ,Joana,
y9yv,9,3.45,10,leg piece bolay iccha kore onno piece beshi dise,Jannatul,
hggj,14,3.74,23,hot food in poly = microplastic bomb. it also tempers the taste a bit.,Md.,
od0i,2,2.6,2,Good,Mirza,
v1lb,8,2.3,6,They don’t listen to instructions. Beet with carrot juice isn’t healthy or good for your health. The watermelon juice isn’t healthy either as I said to send natural one without sugar. ,Sreeja,
u7lw,30,3.75,50,loved everything,Rafi,
zwrs,28,2.94,27,could've been a little spicier ,Zawwad,
wjze,30,2.92,33,"sauce pizza te vore gese packet chire! size ulta palta, how irresponsibility! ",SZ,
qvt3,25,3.55,36,"it is totally worth it.

",Noor,
o993,11,2.85,10,"৪০ টাকা পিস ভাপা পিঠা, অনেক ছোট size, মিষ্টি নামে মাত্র। নারকেল নাই।",Araf,
s6dm,30,3.5,46,No sugar dite bolsi but sugar e vorpur silo ,Nashid,
p96k,3,2.25,2,khub e joghonni khabar.wastage of money,Noman,
l6iw,30,3.23,43,"The whole pasta was a thick dough. sticked one with another. So irritating while I was having the pasta, taste was average,  packaging also average.  It doesn’t worth BDT 720",Alvee,
bir9,2,1.5,0,not worth,badhon,
e3pa,30,3.78,52,The food had too much oil and did not meet quality expectations.,Habib,
x6at,30,2.8,28,Ordered beef tehari. Love their consistency!,Imran,
uwtn,30,3.11,31,They should provide tissue & sauce at least but didn’t get it . ,Sohel,
zgqg,4,4.09,9,the fries was soggy and chowmein was a bit sweet. otherwise it was good,Hridom,
jbl1,3,2.14,1,Absolutely horrible meatbox. Pure waste of money and just causes disrespect to taste bud.,Abidul,
s40q,19,2.91,21,Excellent food ,sobuj,
s5fd,12,2.94,15,the quantity was reduced by half! I left so many positive reviews even yesterday. what happened to the rest of the ice cream?? shame on you coffee world,Dilruba,
m2rd,30,2.69,26,মুরগী তরকারি তে পশমএ ভরা ছিলো।,মোহাম্মদ,
yhqq,16,3.33,21,Cake was very hard and it wasn’t that good either like as mentioned plus they didn't customize as my preferences. O out of 100 /10/5. Wasted effort and money. ,Abul,
ansu,6,3.62,9,So fast and good behavior dalivery service.,Sultana,
cxyh,2,1.8,1,Worst taste!,Shobuj,
ga7u,30,3.38,38,I don’t like it..rice is too much dry… at least they can add vegetable..really bad ,Shahida,
rbse,30,3.49,43,Very untasty,Mithila,
krm1,30,3.0,32,Love the chicken reshmi kebab. Highly recommended ,Sunny,
c4kf,30,3.33,44,It was a good deal,Sehela,
pr6c,13,1.94,7,বাজে ফুড।স্বাদ নেই।চামচ দেয়নি।চিকেন অনেক।বাসি।সস্তা পলিথিন আর প্লাস্টিকের সস্তা বাটিতে খাবার দিছে।একটুও স্বাদ নাই।  টাকাটাই অপচয় হইলো। গুলশানেও এই সব রেস্তোরাঁ থাকে হাস্যকর। ,twitter,
ky9u,30,3.57,45,Best,Samia,
ls2j,30,3.53,47,"**** Ar theke faltu khabar ar hote pare na, chingri mach ar vorta r jaigai alu r vorta dise, egg curry r jaigai egg fry dise... Ai haram business r koto din korbe... akebar e faltu******",Estiak,
eg5m,16,2.57,14,"ভাতটা একদম ই ঠান্ডা। পলিথিনে কি কেউ ভাত দেয়? মনে হচ্ছে সন্ধ্যার ভাত দিয়ে দেয়া হয়েছে। আর বাকি গুলো ছিল ডিম ভর্তা যা একটা আস্ত ডিমের ও না, চিংড়ি ভুনা কষানো ভালো হয়নি মশলার গন্ধ। ",Rejoana,
pmoy,4,1.8,2,"Worst food ever i eat , chicken chap not clean. Don’t eat anyone this worst food",MD,
g0fs,15,3.14,18,"They didn’t give me the wings included in one combo. Also, I ordered 5 combos, so I should have received 5 soft drinks, but I only got 4!",Nadia,
jgex,1,1.67,0,Waste time,Shakib,
pp3p,2,3.0,2,Prottekta item e porimane khubi kom chilo. And jhaal chilo,Ishrat,
j0u1,30,2.79,28,they gave me plain fries instead of messy fries. and their crispy chicken burger is tottaly tasteless,Junayed,
z54x,1,2.33,0,Average ,Nafis,
nz09,16,2.62,14,image er sathe mil nei.  🙄🙄🙄. bad experienced ,sabber,
xvtd,30,2.24,19,"নান্না বিরিয়ানির প্যাকেটে খাবার পাঠাইছে। অতি জঘন্যমানহীন খাবার, ছবির সাথে কোন মিল নাই। একটাঅতিছোট টুকরা গরুর চাপ!! শাহী মোরগ পোলাওয়ে ছোট মুরগির পিস সাথে ছবির মত কিছু নাই। পরিষ্কার প্রতারনা🤬🤬🤬👎",Rafida,
ousx,30,3.08,39,"The Tehari taste is disappointing, and the beef is very hard. The beef quantity is also very less. Spending 300+ on this beef Tehari feels like a complete waste of money.",Nawshin,
odcf,3,2.33,3,টাকা পুরাটা জলে তার মধ্যে একটা মিটবাক্স তো দেই নাই,Rabul,
u4cw,30,2.92,32,Average test ! ,MRS.JEON,
m45h,2,1.8,1,Not Recommended . Price onujayee faluda thik chilo na....Ingredients chilo na bollei chole ,HasSan,
fs6a,2,4.6,5,মাংস সিদ্ধ হয় নাই,Omar,
crd8,4,3.0,3,quantity too low quality averages ,Nafisa,
niz4,3,1.86,1,"I regret ordering at Chatni Restaurant today for lunch. I ordered 4 chicken khichuri, they took extra time which was okay but finally they delivered 4 chicken biriyani!!!!! Worst experience…",Mustafiz,
oqdi,30,2.86,29,dumpling soup was veryyyy disappointing. jjajangmyeon is okay but has too much oil in it,sadiya,
vgi9,2,5.0,6,Best Lassi in old Dhaka ,Alvee,
zmik,30,2.76,26,Love it ,Nazia,
s3qa,30,2.77,32,Too much burned . No juicy tender at all . .Very poor quality ,Fahima,
c8kf,2,2.0,0,Not satisfied with their food quality ,Taposi,
fb3p,1,5.0,2,very tasty food 🤩,Arvina,
s6ek,26,3.29,29,Bad food quality.,Tajbid,
s4so,5,3.17,6,Absolutely awesome ,Dr.,
u31p,12,2.93,12,"Ordered cream of mushroom soup, got 1/3rd portion of the bowl for 450tk. very very disappointing.",marium,
mi0f,2,5.0,5,"khabar onek moja chilo. Ar price onujayi quantity and packaging o vlo lagche. in future abar order korbo, inshallah! thanks. ",Mahjabin,
ma6y,30,3.6,47,I reordered Achari chicken Khichuri but it was too dry & had less  achar than my previous order. ,Dr,
zig8,6,4.53,15,Vaiya khabar Alhamdulillah  valo chilo,S.S.,
u1k8,30,2.86,30,food was bad smell and old . couldnt eat . need to complain,Sultan,
ixh7,2,3.0,2,"bad food,small portion",Tashruf,
q23o,30,3.0,28,"Low quantity, almost no eggs. ",Afsana,
djtz,5,2.5,4,normal akta pulao hole.. khub flavorful chilo just wow 🥰,Sharli,
yzpq,4,2.8,4,size is not accurate.To small then ordered size.,Ibrahim,
mde7,2,4.0,4,"Just wow!

",Jannatul,
hhbd,30,3.43,41,I don't think I got fresh burger. it was cold and hard.,Saira,
m4lp,9,3.7,15,ordered Burger bun sent butter bun,Azma,
qhza,30,3.41,43,Best burger in town,Saoda,
seb3,30,2.78,23,Taste is basically good but gets a bit spoiled due to very poor packaging.,Nazneen,
jmlz,5,4.29,12,"the bubble was cheap like taste,bubble was hard inside very cheap ",tasnim,
bpk1,30,2.43,24,খাবার আমি পাই নাই? ,Nurnobi,
s0hh,22,2.85,24,packaging was unique ,Li,
vxg4,30,2.58,29,"There are two mosquitoes trapped under the plastic seal inside both of these yogurts. They sent old, stale, spoiled yogurt.",Engr,
vx2t,18,2.54,12,Not received ,Mashiur,
mw8b,30,3.23,39,kakra ta test aktuo valo na...atar dam rakse 323tk....puro jolei tk ta...4-5 pis silo.. test o valo na... ami vabsi kakra dam jehetu beshi tahole mone hoy kakrar size o boro hobe... akdomi na soto ,Rima,
h4ac,30,3.72,42,Besttttttt,anika,
dccz,30,3.47,42,Package needs to improve ,Nasrin,
g1sm,6,2.08,3,Fresh food,Blue,
rjjn,30,3.39,42,Tasty chilo pizza... Burger bun ta valo lageni fresh chilo but taste ta pochondo hoyni ,Sunjima,
va80,30,3.17,35,Awesome chicken,Ayat,
ddxm,30,2.58,28,"কেউ অর্ডার করবেন না এতো বাজে খাবার,, ডেলিভারি মান ভালো না অনেক দেরি করছে, নুডলস এর মধ্যে মাংস ভালো না ",Shakila,
bgat,30,2.34,17,"vat er chal diye beef tehari ranna korechhe...worst beef tehari i have ever had...na kono flavour,  na kono smell...full niyechhilam...pura takatai noshto",Aurin,
i6ws,1,2.0,0,"Compared to the price, the food is below average! It’s too expensive ",Umaira,
twni,30,3.79,47,Pizza is not up to mark,Sanaul,
w1oe,30,3.38,41,disgusting shakes... ugly tests!!!,S.M.,
dgtk,30,2.62,22,The beef on khishuri was rotten. So rotten that it smelled really bad . I’m disappointed. ,Mehedi,
s5nf,30,3.25,38,too pricey ,mahbub,
jkxu,3,3.29,4,Too good breakfast,Zainah,
moa4,7,3.53,11,"Good quality, the bun was super soft, beef was properly seasoned and juicy. ",Tausif,
ho5q,30,3.82,53,ভালো বলা যায় ,Mainul,
v16i,30,2.94,30,🤮🤮🤮,Arif,
jri1,10,2.77,8,"1st of all the pizza was cold. When I take a bite, It feels like It was made 3 days ago. the bread of pizza was very bad and they provide one mayonnaise and one ketchup with 12inch pizza.",Shanjida,
qqrr,30,3.13,39,worst chicken fry i have ever eaten,Ibrahim,
idsk,10,2.44,9,Extremely disappointed. What they show in the picture is totally misleading. What was delivered looked like Sushi from a random street-side stall. Strongly recommending everyone not to order from here,Fardeen,
exdu,9,2.64,8,packaging khub baje.,Zannatul,
pst1,30,3.25,35,Faltu,Tayeb,
a2sm,9,2.09,5,Delivered the one wrong item ,Rubama,
j928,30,3.53,40,Oto bhalo lage nai,Nazia,
jka7,30,3.07,42,bad 😡😡🤬🤬,Md,
w8ja,30,3.51,41,Thank you for giving the requested piece! ,Rahul,
q54s,30,3.08,39,"The crispy chicken burger patty had very little chicken inside, only coverings. Very very bad.     The beef burger tasted decent, but was very small. Tiny burger. Overall: Disappointing ",Farhan,
lpkw,30,3.03,32,Very bad. Ordered half chicken grill and they sent quarter grill only. They have have messed up my orders before as well,Syful,
hx9b,30,3.56,43,খাবার ভালো ছিল কিন্তু দিতে অনেক দেরি করেছে,Saeeda,
ocrj,8,2.68,8,"motamoti valoi silo but, bbq Sauce or soya sauce jeita use korse setar jonno tok lagsilo",Anika,
gctj,5,4.38,11,Joss Joss Momo's 😭,Jannatul,
feu0,4,2.75,2,momo felt as if I was chewing on rubber!,Faizah,
d28r,2,3.4,3,Not tasty at all. Sugar syrup diye veja r cream o thikmoto deya nai . Akdom valo lageni ,Nahar,
s4bt,30,2.8,28,"খাবার ঠান্ডা ছিল,  টেস্ট এভারেজ! ",Md,
zmcp,30,3.81,55,Taste is not up to mark,Md.,
rb3q,1,2.0,0,worst fuchka ever🤢🤢🤢🤢,Zakir,
h7b7,7,2.07,3,"Amount too little, no spices at all!! Very disappointing!! Etto kom amount diye scam korar dorkar chilo na tbh!!",Sidratul,
bcer,6,3.12,9,1pcs fry chicken price bese mone hoice,Jhuma,
t5jc,30,3.21,35,"Worst food ever!! BAN this restaurant immediately. Age janle order kortam na, amr sob taka panite gelo😒😡",Zannatul,
z3f5,7,2.71,6,Wings ekdum ei bhalo chilo nah.,Suraiya,
xhxa,30,2.89,31,Tania’s Kitchen serves very good food.,Fariha,
vh95,30,3.14,36,Always the best ,Mobashir,
h6dp,30,2.16,21,চোরের দল। খাবার কম দিয়ে। আবার খারাপ খাবার দিয়ে ব্যাবসা শুরু করছে। ফকিন্নি,Md.,
dhv9,30,3.52,50,very bad Their food,Rabbi,
dzx0,7,3.25,8,bhuna kichuri te Bhat er kichuri dise and mangsho Kono mote ran er ek tujra dise ar moshlar rannar kotha na bollei hoi ,Saima,
h1qh,4,4.0,6,Chicken pasta ta dam onujay onk valo cilo chowmin tao onk valo chilo,MD,
plki,12,2.64,11,quantity is lesser then the committed ,Sajjad,
s2tw,30,3.89,53,Good food,Razu,
n5sf,30,3.47,38,"no cutlery, despite i requested",Akihito,
gmvf,30,3.12,40,fully damaged cake i want to money back,Pushon,
tjpy,2,1.0,0,food is not tasty at all,Billir,
h6fh,1,4.33,3,আরো ভালো করে পরিস্কার করা দরকার ছিলো খাবার। Good ,Syed,
jkk8,30,3.52,43,Chicken er 6ta pc chilo khubi small r smell tao valo chilona... Amito pray order kri moja lage but disappointed holam ajk,Sunjima,
n8xk,8,4.1,16,poka chilo 😑,Mumtahina,
r26z,30,2.04,14,No meat zero flavour 👎,Ayesha,
d39q,4,3.0,4,Disappointing. Not worthy the price!,Nowrin,
xbj9,13,2.29,9,disappointed,Omar,
s6so,30,2.78,28,"no toppings, no sauce ",Nabila,
haz7,30,3.52,48,পচা খাবার দিয়েছে. একদমই khawa যাচ্ছে না,Nadiya,
fz5i,30,3.23,40,Faltu,AKM,
z2bj,16,2.33,11,"chicken roast ekdm e mone hoi ni kheye, just 1pc chicken silo kono gravy silo na, vorta guli valo silo rice ta flavourfull silo na.",Eshita,
uptm,30,2.86,28,"কতো দিন আগের বাসি খাবার দিছে কে জানে, খাবার গরম থাকতে বোঝা যায় নাই, ২ ঘন্টা রেখে দেওয়ার পরে মেক্সিক্যান রাইস নষ্ট হয়ে গেছে, রাইস থেকে গন্ধ বের হচ্ছিলো। ফালতু কোথাগার",Afrin,
v0js,30,2.07,13,এখান থেকে কেউ খাবার অর্ডার করেন না এদের খাবারের কোন ঠিক নেই এখানে আমি অর্ডার করেছিলাম চিকেন খিচুড়ি উইথ ঝাল ফ্রাই আর চিকেন তেহেরি তো তারা শুধু খিচুড়ি দিয়েছে তাও কোন চিকেন ছিল না এর ভিতরে,Partho,
ym9p,4,4.2,8,Worstt food ever . They literally give me just french fries . There is nothing at all ,Meharun,
s0pc,10,2.33,5,eto bichri pizza Ami jiboneo khainai🤢beef Tate kmn Ekta smell ashtesilo r crust eto mota but sauce kom.. cheese kom overall khaite pocha prochondo..cheese sticks tao baje khete ,Afia,
pfb1,7,3.59,9,মোটামুটি চলে,Urmee,
lpyg,30,2.89,26,poor quantity man. disappointed.,sharmine,
at2g,30,2.84,32,Pizza was good but pasta is total trash like they dipped it in water ,Rohan,
vg13,30,3.77,51,QUANTITY WAS SO SMALL,Jaima,
ej7d,8,2.0,5,The chicken was burnt and tasted horrible ! Even the rice tasted bad ,Aiman,
v3q8,1,1.0,0,"Pretty bad chicken,  coffee given without straw ",Adib,
t75v,30,3.92,55,everything is so salty that we can't eat !,Rumpa,
b6jt,4,4.0,6,good job,Aysha,
f25q,2,4.6,5,faluda as usual too good the milkshake is so satisfying ,Ridwana,
vok3,30,3.03,32,khub ei baqwas chilo tader set menu r chicken ta onk beshi shokto silo like koekdin ager! not goona recommended  to any one. amar tk pura jole giyeche!,Sayma,
il4r,1,3.0,0,A bit overpriced a salad dressing would have also been nice to have but was missing. ,Saira,
yjwi,30,2.95,34,According to the amount of food the prize is much higher.,Ariful,
c972,28,3.64,42,Hazelnut tasted too sweet. Packaging for a takeaway drink is too poor.,Ishrat,
ypm5,30,2.97,37,I ordered plain rice and they give me fried rice and there was no egg and vegetable in my packet. it was just red fried rice with chicken and salad . Totally disgusting platter it was. Bad experience,Md.,
fa00,5,2.67,5,Dal dilen naki hath dhoya pani!! chicken curry er kotha bad e dilam. not recommend this restaurant.,Raazu,
ymbq,30,3.81,47,"This is the worst food I’ve ever eaten, I, ordered chotpoti, doi fuchka, drinks, and potato chips OMG disgusting. Little better was Jhalmuri.",Saoda,
u3qe,25,3.24,36,"khub valo chilo, thanks mithai💕",soniya,
dtyx,1,2.33,1,পঁচা sticky baje vapa pitha! কত দিন আগের Allah e janen,Mrs,
rn45,30,3.39,42,খাবার এর মান ভালো তবে পরিমাণ খুবই কম ,md.,
itkg,30,3.17,35,dry kabab and shrimp is so tiny.,Maimun,
d29u,4,3.44,5,"the volcano beef was really really good, though I would definitely prefer ordering again if the size improves a bit for the price im paying",Sultana,
v7em,30,4.3,64,কোয়ালিটি আর কোয়ান্টিটি দুইটাই বেস্ট। ধন্যবাদ ঘরের স্বাদ দেয়ার জন্য।,Wahida,
ne0t,9,3.17,13,Noshto chilo sandwich ,somik,
r3z2,1,5.0,3,বরফ টা মিস ছিল ভাই,Suranjit,
hmcu,3,3.0,3,"delicious, best firni in town !",simran,
sbic,14,3.06,17,খাবারে চুল দিয়ে ভরা। ৪ টা চুল পাওয়ার পর খাবার খেতে আর রুচি হলো না ,Noshin,
s7sk,30,3.23,36,good food and on time delivery ,Sarower,
n0zu,30,2.69,23,test was good ,Tania,
a9kd,30,2.17,17,chicken chili onion was rotten,Basudeb,
jgrz,30,2.48,26,"Ordered khichuri and tehari, they sent EXPIRED tehari and EXPIRED morog polao not even khichuri",kabbo,
s5ug,24,2.8,23,"Rice tasted wired, no coconut milk syrup .poor quality ",Nowrin,
jsm5,30,3.24,41,Quality & quantity khub baje ager theke,Jannatul,
a3w2,30,3.96,51,good,Anika,
s7cc,7,2.47,7,Very worst plain naan ever.....Chicken Steak is very small & hard,MD,
dkbz,30,1.71,11,একদম ফালতু। কপি জুস বার এইটা। এই জিনিস খাওয়ার থেকে না খাওয়াই ভালো। ,P,
dnmp,30,3.88,51,best chilo ,Arman,
m66w,29,2.38,26,not fresh,Akm,
hf7j,10,3.81,17,taste is good but need more dips 😋,Ariza,
lbqv,30,3.19,39,taste different but overpriced ,Sharmin,
ceyj,6,2.6,5,staff was rude,Farhana,
zk88,19,2.59,19,found cockroaches nymph in coffee 😤,Ranjan,
wbfh,17,3.44,25,"The food was really bad after he ate the food My stomach felt really bad, and the taste of the food was also not really good. I think the oil was really old in which the chicken with fried.",omar,
f818,30,2.94,30,it wasn't tandoori this is the taste of a chicken chap disappointed ,Sayeda,
lgrj,10,3.67,19,French Fries was super well fried.  hope to order you again.,joynob,
mkof,6,2.2,4,"why are they still on the food panda app they provided food that was probably in their fridge and they provided that with a little bit of microwave, now me and my wife is suffering from stomach ache",Sayed,
u3xt,2,1.4,0,"Many pins are used in food packaging and this can be dangerous.
",Naimul,
vsx6,30,4.3,64,Valo  ✅ ,Chisty,
oid3,30,3.75,43,"Tenders were delicious as always. Toast was good and fries portion was amazing. However, the wrap was lacking. It's mostly coleslaw and the packaging could be improved. The wrap is pretty big.",Ibrahim,
finj,1,2.33,1,"Both items are fake, Turkish chicken salad is just regular salad with raw chicken, and diet soup is we found in futpath soup cart ,  this is the 1st and last time I order from here, negative star -⭐",Md,
h6wf,30,3.55,44,"ami order korsi 5ta lau chingri, 2ta dal, 1ta roshun vorta paisi 4ta lau chingri, 1ta mach, 2ta vaat, 1 roshun vorta , packaging e poly dise age box use korto, quantity o kom, very bad",Nowrin,
fkfi,14,3.22,16,chicken er c o pai nai... daam onujayi ekdm e faltu chilo..polau ta ektu bhalo chilo,Saif,
g1sl,30,2.12,16,এতো দামি খাবারে এতো বড় বড় হাড়! টেস্টটাও খুব একটা ভালো না।,Saimum,
o8k3,1,5.0,2,the test was good,Jahidul,
vhzq,10,1.64,2,apnara mia faltu chitar ekabare 2 bar order disi kachi na dia tehari disen ...keo kinben na ekhan theke,sefath,
lnba,18,2.91,20,"Faltu Restaurant, ami grill r porota order disi, era grill nai dekhaia khali porota pathaisey. Order cancel er o kono option dei nai. Third class service.",Tafsir,
voaf,12,4.19,26,আমি জানিনা কোন লবন্গ লতিকা পিঠা ঝাল হয়? এটা কোনো পিঠা? লবন্গ লতিকা লিখে ভিতরে চিকেন দিয়ে পুরি বানাইয়ে দিসে। আর দুধ পুলি নাকি পানি পুলি আল্লাহ ভালো জানেন। পানির মত ঢলঢলে আর কোনো মিষ্টিই নেই। খুব খারাপ।,Nayeematul,
jah4,2,1.5,0,"Worst food ever, soup was so salty that we couldn't eat but the price is sky high. Noodles were too much oily and not even tasty.",Seyama,
fsma,2,1.0,0,"২ ঘন্টা অপেক্ষা করার পর খাওয়া পাইছি, এবং চিকেন খিচুরি নষ্ট/পচা ছিলো ",Rashedul,
ejhq,30,3.03,35,"dear, how many times have to inform. please pack food preperly. chicken chicken no gravy at all. all curry/gravy has spilled. ",Ariful,
yo5g,30,4.03,57,So tasty but please tell delivery men to carry the boxes more carefully because when I opened it it was dripping all over.,Nayima,
paf2,30,2.97,32,worst ever wrap I have ever experienced. the wrap was totally broken! there is no similarity as well with the name and the taste and quantity ,zami,
z4er,30,3.95,54,So fresh and good taste ,আসিফ,
sgj1,12,3.14,12,Overall quality was decent but there was no mozzarella cheese which I added! ,Saif,
u3ax,27,3.46,39,Best at the Joynal Market. ,Nishat,
kkqd,4,2.75,2,Too tasty but quantity isn't well,Fariha,
pukl,30,3.3,40,Ordered fries but didn’t receive ,poop,
mu70,30,3.58,45,The food was healthy.,Mahjaben,
ze1s,13,4.14,22,Spicy beef pepperoni pizza (named diavala classica) has amazing Juicy  flavour  crispy pizza. hello pizza   lovers  don’t  forget to order  a pizza from leto Gulshan. if you love pizzas.,Abid,
lw4t,30,4.83,78,i was hoping for a jhor jhore khichuri although it tastes like home and quantity of kichuri rice so huge but they should improve the packaging ,MD,
wjlt,30,2.92,33,undercooked Chicken and tasteless pasta,Shitol,
br6f,30,2.68,25,Kacha patishapta dilo,Ashiana,
c1kd,5,2.85,7,telapia chaisi disen onno fish,Shaheen,
lyan,4,2.09,2,cake bhorta kore dise eta kmn kotha,Shanti,
wf16,5,4.33,10,"এটা,কোনো মিট বক্স হলো যতো সব ফালতু জিনিস  এতো লবন মনে হচ্ছে বিষ  ভাই চাইলে ও ভালো কিছু বলতে পারতেছি না৷ এসব বিক্রি করা বন্ধ করুন🙏  আলু আর লবনই ছিলো বেশি তারপর কোনো সস ঐ দেওয়া হয়,নাই৷ ভাই আমি কি শত্রু",Miraz,
cijh,30,4.44,66,"Quantity was amazing, but too salty. Please improve it, rest is well. ",Farhan,
unvg,2,5.0,4, highly rated; people like the meat quality and Turkish-style presentation.,Apu,
o9sf,2,1.0,0,khub e baje cake ,maria,
fmux,30,3.75,54,the sandwich wasn't good . it was dry not upto the mark ,Tuba,
n7y3,30,3.1,40,kono salad den nai khabar mone hocche sada polaw ar upor choto choto mangso chitano,Suma,
culb,2,4.0,4,taste,Mukhmina,
t9uv,6,2.07,3,todays chicken is fried more than one times and burnt it .taste is disgusting..never expect from such things..,Ifteakharus,
mid4,16,3.98,32,egg fuchka ta onk moja chilo 😋,Sohel,
s9nr,9,2.39,7,"Food was tasty but it lacked authenticity because the texture of the chips and nachos was hard and color was too yellow. Also, there were no beans and jalapenos. ",Nashrah,
fvhe,4,4.56,7,very good taste...,Moshiur,
ki33,8,2.26,5,"Not Greek salad - too much capsicum, no feta. Bland fruit salad. Star only to comment.",Naeema,
gobn,8,2.79,6,puzza was cold when it was delivered. The cheese tasted bad also. Need improvement. ,Arif,
arx5,9,2.36,7,chicken fry mone holo poca murgi diye banaice very bad🤢🤮  felai dici,mahe,
hcbr,1,5.0,3,really surprised super food super free delivery 💙,Md,
eax5,23,4.21,46,fantasticc seafood pastaaa,Shishimaru,
t9ih,11,3.74,18,"Their bread is good and we regularly buy it, but when ordered online they often provide old bread. I got 2 days old bread which expires 2 days later. Very disappointing service. ",Mayesha,
hgu8,4,3.2,6,not good ,Masbahul,
x05n,6,4.29,12,salt kom. add more salt next time ,Zarif,
ik62,1,5.0,3,one of the best mutton biriyani,Taskeen,
pknm,4,5.0,11,"handi biriyani just wow, just become a fan of it, morog polao is also nice n fresh ",Maimuna,
hcnd,11,3.57,18,The egg potch that we saw in the photo was not provided. The noodles also didn’t taste good. In short the delivered food didn’t match the photo and description of the ordered food,Nafiz,
kvhk,9,3.24,9,js igloo in a cup...,Zohra,
paky,30,3.39,44,"Taste was good, but the quantity wasn’t worth 400 TK at all. You can easily get enough Tehari for one person at 200-250 TK. Very disappointing. Order only if you want to waste money.",Habib,
o7n1,2,5.0,6,All Time favorite ❤️❤️❤️❤️❤️❤️❤️❤️❤️❤️❤️❤️❤️❤️❤️❤️❤️❤️❤️❤️,Md.,
tcwq,3,2.0,2,It was not a cheesecake,Alice,
azuy,4,3.2,6,"Tacos ta besi moja lagse. sub sandwich ta ager moto taste nai, chicken er poriman kom lagse r onk besi sause diye dubano silo. ",নুসরাত,
y5ch,30,3.32,40,Food was really tasty everything was top notch but the quantity wasn't upto the price either reduce price or increase the amount of the food ,Ariyan,
mvz1,30,2.15,17,"Chickens were refried, felt rubbery.",Shahriar,
jcfa,30,3.08,35,I ordered  1 lal vuna & 1 kala vuna but give me 2 lal vuna. Food quality  is so so.,DrAbdur,
ljal,1,2.33,1,"we found hair & other objects inside the Samosa which was really unexpected. Also the cutlet is different than appearing in the photos, found a lot of vegetables inside cutlet instead of chicken. ",Sabbir,
bp6r,25,3.1,28,pizza baze wak 🤮🤮.. wings was good,Ferdousi,
j6rf,30,3.68,49,good,Mithun,
qgvf,30,3.36,46,"they improved my favourite drinks even more,the mulberry was delicious and the milk extra creamy with no extra ice to dilute the drink,highly recommend the mulberry and strawberry vibes drink ",Lisan,
gx68,8,3.89,14,"চেয়েছিলাম মোরগ পোলাও , পেয়েছি চিকেন কোরমা পোলাও। আগে একবার খেয়েছি মোরগ পোলাও ভাল ছিল,  কোরমা পোলাওটা খুব বাজে ",Iqram,
dy3f,4,3.0,5,Food quality is worst,Hanif,
iq75,30,3.66,47,"Quality drop korse, etodin kacha golla kheyesi onek moja chilo, ajker order ta ekdom faltu, kharap porse",Sadia,
krv0,14,3.19,17,"The food was good and the portion was sufficient. Thank you.""",Ridoy,
vpbn,30,3.43,45,Excellent 👌 . Super delicious 😋 . Highly recommended ❤️,Hossain,
kczk,17,3.18,21,koreana pizzar bread ta onk sokto silo. keno jeno mone hoy offer e jei khabar gula den apnara seta ager diner khabar den .jehetu fastfood taile gorom kore dile buja muskil. ,Anamika,
rr74,23,3.44,32,I liked there Chicken Fry but meat box was full of Potatos.,Sadia,
l2wo,26,3.32,37,The taste was disappointing ,Binti,
lpr8,5,3.31,7,খাবারগুলো খুবই মানসম্মত ছিল এবং টেস্টটি এ পর্যন্ত দুইবার অর্ডার করেছি দুইবারই ভালো পেয়েছি কিন্তু প্যাকেজিং টা একটু উন্নত করলে ভালো হতো।,Harun,
ar6y,27,1.98,13,not useful ,jafrin,
vccs,7,1.94,3,poor food ,Md,
igyx,15,2.0,8,Beef got burnt and rice was not too fresh ,Farin,
k7ax,30,2.97,33,Taste was best ,Iftekhar,
s4uo,30,3.22,39,very slow delivery after paying priority fee,Urmi,
zsk7,30,2.65,28,very bad food,আরেফিন,
vy7z,30,3.58,45,Good ,Santa,
ptwo,30,3.67,48,Fried rice ta balo chelo na & chicken wings ta oh ❌,Arko,
su0r,6,2.2,5,i order lau chingri but they gave me mix veg. i ordered roti they gave me paratha.and egg bhorta is very horrible ...no masala only boiled egg smashed with onion. and quantity is veryyyyy lessssss,Sonam,
bkqq,6,3.62,10,thik rat 11 tar age ami knock kori tomay........,AB,
kqat,14,3.54,21,Most of the coffee fell...packing is not upto the standard. ,Fyrooz,
ckct,5,2.45,3,"but it wasn't a urgent delivery, took usual time",Fahim,
hved,3,3.0,2,quality of bread is bad. ,Raiyan,
jgvw,30,2.65,33,Chicken Butter Fried Rice had hair inside it,Shagufta,
lgjy,3,4.5,6,I've had their sausage crust pizza uncountable times and it's a great alternative to Golden Surprise of pizza hut. In short from packaging to food taste it's worth every single penny. 10/10 ❤️,Marzia,
clml,30,2.65,29,good,sumon,
hnny,5,3.15,7,Joghonno jinish 150 tk waste,Tamzid,
ke7p,5,2.85,6, onk moja ,lee,
x4io,8,3.7,12,alhamdulillah taste onak Valo and quantity o Valo but Apu aktu gravy ba jhol ta r aktu besi dile Valo Hoi aktu Kom hoye jai quantity onujai thank you for good food...,Nupur,
zwwu,30,3.49,49,ভালো ছিলো ,Apon,
ic53,26,3.97,49,Too salty but good amount of seafood ,Marzia,
mgt1,30,2.89,33,"The meat was chewy hard to breakdown very tough, the quality is degraded not ordering again ",Saif,
i0bb,6,3.38,10,🫩. Food was good. They took a lot preparing time. Chicken Rice Master was actually good. jhakanaka sauce dile r o bhalo lagto. 🫠,Arup,
jidr,13,2.68,13,"the coleslaw test was good but the portion size needs to be better, it was like 2 full tablespoon at max",Babu,
s8mp,30,3.16,36,The food was very good.  It was pretty warm still when it arrived.  It was packaged nicely so that the bread didn’t get soggy on the bruschetta.  ,Merindy,
q55x,18,1.9,8,very bad.... there is very small amount of meat,arif,
i7uc,30,3.47,42,very tasty and alot of meat,Masuma,
o1cp,4,2.6,4,Curd was expired & very bad smell.,Monir,
s9zb,30,2.56,26,"It was just the worst. I have had this before but now there was no cream cheese, nothing just water and Oreo biscuit. 330 taka totally wasted. It was just disgusting.",Nafisa,
eczz,30,3.94,59,Bhalo overall. onk khaisi apnader khawa. good! ,Nabila,
bc3n,1,5.0,3,Extraordinary flavour and the amount is fulfilling. Would like to order again soon🤤😋,Tohfa,
afqs,5,1.55,1,After eating we had severe food poisoning,Tahmeed,
gs3j,30,2.55,24,It tasted good but it was dry. Add more sauce base or cheese please,Ariyeta,
br3x,1,5.0,3,fresh and delicious ,Dona,
sxmo,30,3.35,41,1pc chicken was not well cooked also the garlic sauce I ordered was smelling bad.,Rézøwäñ,
x3cv,5,2.71,6,worst khichuri. had food poisoning ,Rubayet,
sv48,1,4.33,3,price onujeye khabarer taste o quantity bhalo cilo...,Rafsan,
g244,30,3.79,47,Rice is smelly and bad ,maria,
r1b5,9,2.91,9,"Letka khichuri was too overpricd.only koykta alu r mishti kumrar 2kra diye banano normal khichuri eto price kivabe hoy!dscrption e murgi o mentioned chilo, but there was no murgi.taste was avrg though",MoniSha,
lm5j,30,3.75,48,Wirthless food. ,Atiqur,
nuze,21,3.6,34,Took long enough to deliver. Food was cold and tasteless. Momo was broken. Not worthy of money at all. ,Mehnaz,
r7q1,27,3.95,43,thanks for delivering at this time of the morning ,Rokeya,
yylg,5,3.36,5,pizza was nothing near to the picture shown here. It's regular subpar pizza ruti. ,Maksudur,
gpxs,8,2.58,7,good,SinThya,
s2ib,30,3.9,50,aloo burger mojai lagse,samayra,
hzyz,8,2.8,7,it was watery.. too much syrup ,Taieba,
wvka,10,2.58,8,"খুবই বাজে , 80tk te eto kharap khabar kokhonoi expect kori ni",Sams,
s76a,20,2.29,16,Chick n tender basi chilo ,Tanzina,
k6v1,2,3.4,3,200tkr meat box shudhu alu diye vore rakhse🤣,Mezbah,
v4bo,3,4.14,5,"This was my second order, and the quality was maintained at the same high standard.",Sakib,
fnyg,8,3.0,6,"Size , shape & colour of the sweets doesn't match with given picture ",Major,
wdyv,1,4.0,2,Pretty decent! ,Shoumic,
g5fh,9,2.73,10,too hot,IFTEKHER,
sn1q,6,3.71,11,"i will always order from them, too good,  perfectly seasoned ",Erica,
oeuj,30,2.08,19,আমার জীবনের এত বাজে খাবার আমি জীবনে খাইনি কেউ দয়া করে এইখান থেকে কেউ খাবার কিনে খাবেন না তাহলে কিন্তু টাকা সময় দুইটাই যাবে একদম বাজে খাবার,Sobuj,
s7zv,30,2.64,24,Cold and less meat … dissapointing….,Rozina,
ppt9,4,3.0,4,Very bad quality,Shariful,
xoy3,6,3.71,9,Tasty food or nice packaging ❤️,Fahad,
x1iy,23,2.33,14,food was too dry n not hot served,Umme,
d03v,5,2.45,4,The picture is misleading. the beef pieces are very very small and quantity of beef is way too less,Antar,
bxoa,27,4.65,63,niceee....,Omit,
wcyt,30,4.04,52,food taste was amazing 👌,Mahedi,
qcrl,30,3.61,42,Superb! All the items were tasty. ,Md.,
rx3h,13,2.42,11,creamy chicken shawarma is good,Nafim,
jofm,4,3.0,5,Amar life a ame etoh pocha cake kokhono khai nai.. mone hochche 1997 year er cake khelam etoh baje .. 😖🤮 cream cheese o dey ni.. so deceiving!! ,Maliha,
xlu5,12,3.27,16,Tulba was not good,MIRZA,
dfwh,3,3.5,4,They serve frozen food🤢. Do not buy. Food has no seasonings. Worst meal ever!,Mr.,
lh6c,30,3.22,38,বাসি পাস্তা ছিলো। ,Mahin,
ck9f,30,3.32,43,food was good,Md.,
w3iq,30,3.42,41,I didn’t receive anything ,Aisha,
vn5s,16,3.7,29,I asked for 30% sugar like I always do but this time they made it so sweet I couldn’t have it. ,Aminah,
s4ve,30,2.85,35,"quality of taste has dropped way too much, at least for the kacchi. morog polao was average. really disappointing to see one of my go-to places to fall this low.",Ridita,
kgwp,30,3.6,44,Loved the chicken mushroom puff and the margherita pizza was so so,Ishika,
g6hb,30,3.24,39,মোহাম্মদ নাবিনা,Rasheda,
scxp,18,1.95,8,What the actuall f??? 460 takay etuku mangsho ?? and daal eto patla keno?? description e to dry likha chilo scamming korar jayga pan na ?? ,Maisha,
r4jo,6,3.71,11,enough for two people. very tasty,Mahira,
i36o,2,1.8,1,Platter was incomplete . Fruits and jilapi was missing ,Farjana,
hyiw,28,3.2,33,The food seemed stale — it tasted like it had been served from the previous day.,Yuki,
s4fm,30,3.54,42,chicken shashlik beshi moja na..r chicken fry bhalo chilo ,Adina,
fr2i,30,3.99,59,"I can order this all day everyday!! Love my iced latte from delifrance, it’s one of the most amazing one.",Mahin,
hrox,30,3.5,44,"The burger was soo flavourfull and tasty.According to the price the food has many facilities,Best burger ever✨",FARHAN,
z6hz,30,3.22,39,"grill was not properly prepared, just foul",Meraj,
hf06,1,5.0,3,oaaaaoooo সেই,Sheikh,
smbb,1,3.67,1,the chocolate sauce was too oily,Araf,
samk,30,2.53,21,NO good ,Arman,
gnh3,28,3.22,38,Was more at the sweeter side ,Tasnim,
kpul,13,3.12,17,Cake was fully damage 😭. Very disappointing 😕,Tasrim,
gdjb,9,3.19,12,"quantity too low, & delivery not on time ",Afsana,
uh8v,3,4.0,6,cheap price and best quality. so yummy 😋,Sabbir,
u81j,11,3.32,12,l.g.c. doner tasted way better than the honey mustard doner (HM sauce was a bit too sweet),Jaber,
uphj,30,3.93,54,everything was good. i ordered twice in a day. loved the food honestly and taste was good ,Farhan,
m19p,3,4.5,6,best peyese sob kisu❤️❤️❤️🫶,Pushpita,
u0is,11,2.36,10,"It was the worst idea. I Won't order from here. Food taste was bad. I tried lover sandwich, set menu A and fried chicken. All of them was bad. Packaging was also bad. Please don’t order from here.",sad,
olau,7,3.42,11,ঢাকার সব থেকে খারাব পিৎজা। টাকা নস্ট হইছে।,Bellal,
gyrk,7,1.62,2,can't even count right. He always scams by not giving few of the items. no one should ever order from here I'm really disappointed. you shouldn't take others money like this 🫩,Tashruf,
jhn6,30,3.08,36,"Shrim fry was over fried,chicken fry was too oily.Rice was average.",Naomi,
ujg9,4,2.82,3,Was supposed to get a soft drink didn’t get the drink disappointed other than that food is good,Farzanayasmin,
nm56,30,3.64,43,Too salty for me,Nadia,
aqsz,30,2.83,27,আমার মান এবং স্বাদ অসাধারণ। রান্নার হাত ভালো। দোয়া করি এগিয়ে যান। ,Shishir,
j6ps,2,3.4,1,mota moti balo cilo . ,Anyone,
bt1g,7,3.22,10,"Faltu service 
Baje khabar onek gondo ",MD,
i9pe,17,3.58,24,tasty & good quantity,AR,
ylx1,14,3.63,26,"Terrible latte and hot chocolate. Latte was watery, medicinal smell of fake hazelnut flavor. Chocolate was also smelly, cheap powder possibly used. However the cost of the drinks were not cheap.",Rashif,
tk3z,16,2.71,17,pizza ta onek choto chilo,Halal,
qjmn,5,4.33,10,Do better. Soup bland. Less salt overall and mayo in burger. Star for comment.,Naeema,
s6vq,5,2.27,3,Ato baje,Efty,
oo3u,22,3.75,36,"the burger was good but not worth the price! It had only one bacon!! For this price, the meat and bacon should be larger!",Abdullah,
gj4p,30,3.0,31,No burgers and naggets were found in the delivery(,Dmitry,
g2wd,30,3.66,46,Good food.,Jaya,
qnfa,30,3.14,36,Fantastic Cheesecakes. Will order again insha allah. ,Abu,
bavb,3,4.0,4,I order 5 extra  sweet chili sauce??? where is it?,Si,
amhc,2,2.2,1,Very Average ,Raihan,
qh5o,30,3.36,38,"truly disappointed with today's food! Too much oil and bad packaging, it ruined my dress!!",Aleef,
ir9v,30,4.12,60,খাবার সব সময় ভালো পেয়েছি আলহামদুলিল্লাহ৷ আজকেও রুটি আর পরোটা ভালো ছিলো। কিন্তু আলু ভাজিতে বালু বালু লেগেছে৷ বিষয়টা দেখার অনুরোধ করছি।,Ayon,
qm4j,22,2.83,24, the food was made with care and it was awsome,Shuvo,
f8io,30,2.95,28,ekta beef o cilo na tehari te.... so disappointing 😞 ,Siful,
pbiw,2,1.8,1,mughlai order korechilam .. er theke baje mughlai ami amar life e o khaini .. egg er kichui nei .. ruti er moddhe olpo kichu chicken diye nam diyeche mughlai.. so shame.. ,Murshida,
uox0,5,2.5,4,"খুবই ফালতু মাংস ছিল এই না কিছু মিট বল দুই পিস সসেজ এর সাথে আর পুরাটাই আলু মেয়োনিজ তো কোনরকম একদম বাজে, ফাইভ স্টার দিলাম যাতে আমাদের এই কমেন্টটা সবার ফাস্টে থাকে 🤬🤬",MD,
adzq,15,3.2,22,Little mess oil usage would have made it much better. ,M,
eg0l,10,3.54,16,সব কিছুর সাথে সরিষা মিক্স করে ভর্তা নষ্ট করেছে আর টাকি মাছের ভর্তায় মাছ নাই শুধু পেঁয়াজ আর সরিষা। ছবিতে ছিল ৩পিস পাবদা দিয়েছে ২পিস সেগুলো ছোট সাইজের।,Arif,
uhst,4,3.55,6,"Not value for money
",Mehedi,
vpra,2,3.0,2,Junk food please don’t buy anyone ,Masud,
jdxv,10,3.15,13,The pasta was wayyyy top spicy and the Alfredo pasta lacked salt. The corndog was tasty though.,Zakia,
j9hw,30,3.5,49,The chicken with moong dal was really delicious.,Naba,
zghx,3,3.29,3,where is bread. it's missing.,Abrar,
rqig,2,1.0,0,they provide me fish instead of chicken,Dr,
hhf8,6,2.43,5,Kothar shty kajer kono mil nai ,Wafi,
nthn,3,2.5,3,"they newly cooked and gave me the food, egg korma was just onion and egg, onion was raw. khawar moto na. dal vorta adha seddho dal, again not eatable... throwing out both",Wasif,
xp8f,1,2.33,1,Could be better.,Naeema,
v2bb,17,3.1,19,food was amazing but delivery time takes long,Nusrat,
xwai,1,5.0,2,great ,Az,
n4ui,30,4.04,58,it was delightful🤤🤤😋😋⭐💯,Tanbira,
y6zf,30,3.54,46,"0 star. Eder pervious order gulo decent lagai sub order dei. Jibone eto normal, eto baje sub khaini. 3rd class taste. Bashi, dry bun. 4 chicken cubes and barely any sauce, 1 little cheese slice.",Tafiq,
mf9a,7,3.74,13,. Kebab e Kono salt ba shothik masala amount chilona.keo ki Luchi DIYE shukna kebab khay shudhu? Salad/mayonnaise koi? At leas,Mirza,
mgmm,15,2.76,12,Probably the worst sandwich we had this year.,Shafiqul,
d7m7,19,3.82,33,"The burger tastes shit, the fries was a dump!! The pizza!!! The worst I ever had!!!",Faisal,
rq8h,30,3.99,59,"Ordered Mixed Chowmein. It was really good, quantity was enough for two people. Price onujai quantity onek chilo. ",Sabiha,
g1qg,9,2.71,9,not good,Jiniya,
nda6,30,3.52,49,very good,Towfeeq,
s0qw,30,3.08,38,They got the order wrong 😞,Labiba,
u3hn,30,3.55,44,I don't know how they make it or how they pack it. Unprofessional. It was a total mess! The whole pizzad toppings moved to only two slices and rest of the pizza was topping less. Why? Who to blame?,Ahshanul,
zsh6,8,2.43,5,average taste,Sadia,
qovf,30,3.74,46,Ordered Grilled Chicken with Rice. It was flavourful. 👌🏽,Imran,
pi92,30,4.4,51,Food was good but you didn't served sauce with wrap and not enough sauce on meatbox. That turned me off.. 💔 ,Nadia,
u6ik,30,2.67,24,too much pricy..the rice bowl was nothing but just combonation of rice and chicken nothing special. & the dumpling soup is so avg but comparing that price is skyhigh,Ibtisham,
mtfg,8,3.0,10,money value is more than taste,Nandita,
duf4,25,4.0,53,Good,Naeema,
wn7u,2,1.0,0,"overcooked tasteless chicken, wrong item of chicken given and leftover luchi hard and too small.",Ashin,
z23w,1,2.33,1,মনে রাখার জন্য রিভিউ লিখছি। যাতে আর কখনো খাবার অর্ডার না করে ফেলি ভুলে। ,Shahana,
urql,8,2.52,6,Less value for money ,Nahid,
f2cr,27,3.64,45,Mud cake tasted like simple chocolate cake with a lot of mid quality ganache! it was very good before! ,সানজানা,
lsaz,30,3.33,38,AMAZING AS USUAL,Mahamudul,
f47i,30,1.9,15,ato baje chicken Khainai. choto akta piece dise. chicken theke pora smell ashsilo. er theke 100 takar chicken bhalo worst Khaba..,Sharli,
onte,1,5.0,2," একদম ফ্রেশ, অসাধারণ স্বাদ ",Tahsan,
s2nb,30,2.92,30,Katsu & Fries very minimal sauce,Nafis,
hkbr,27,3.64,46,Good ,Nilima,
fo8z,2,4.0,4,Does not look anything like the picture!,Taneem,
wefm,5,3.83,6,"grilled likhe normal shwarma dise with full of ketchup. burger e just few pcs of chicken chilo, no patty",Md,
xq4t,30,3.08,34,"Ordered the New York hot dog. It was dry and not at all worth the price, candyfloss’s hot dog is even better.",Imran,
p6ft,3,4.0,6,worst tehari ever,Arafath,
s4ax,30,3.88,55,"Very mediocre taste for the price. The Alfredo pasta was dry, very little sauce. For a 1000tk pizza very little beef. ",Zuhaina,
o3xz,16,3.05,18,2 out of 10.test was really bad.  ,Sorna,
m0gy,5,3.77,9,stale food. never buy from this restaurant ,Samiur,
ged9,1,2.33,1,too much residue in the juice,Faria,
kjix,30,3.11,35,Full teheri order cilo but diyece half. 230 tkr order cilo kintu diyece 100 tkr poriman. kew kinben na. ,Md.,
ex8y,11,3.0,13,"এত দাম দিয়া এইগুলো মানুষ কে কাওয়ানো ঠিক না , এ ছারা 🍚 এর চাল এত মোটা , ছি ,,,,,,,,,,,,,,,,,,,, মানুষ কে খাওয়ালে ভালো টা খাওয়ান ",sheikh,
hrjt,1,5.0,2,Bhorta gula mojar kintu amount onek kom. Arektu barano jay naki dekhen. ,Refayat,
yvqq,22,2.62,19,Barrries for deaf communication.,Tonmoy,
boet,10,4.08,20,Most items were OK. Taki bhorta was good but had kata. Beef was too salty & not tasty,Mrs,
n9ch,11,4.6,28,Absolutely surprised me. I never knew it was that good ❤️🔥,Farhan,
qwjx,30,2.33,20,Dal missing,Rahat,
m183,2,5.0,6,খাবারটা অনেক সুস্বাদু ছিল ধন্যবাদ আপনাকে ,Md,
eelr,17,3.11,20,"I ordered 2 egg bhuna and just got 1, don't know where the second egg went😡",Raian,
u9zy,27,2.39,16,"Taste was not good at all. I couldn’t even finish one-third of the portion, despite being hungry.",Md.,
h0z9,2,1.0,0,"I ordered crispy cheese momo from them, It was 3rd class, there is nothing inside the momo. ",afroza,
pdph,7,3.35,8,Delicious 😋,Hossain,
dera,1,1.0,0,Worst food ever. Just wasted my money. Too much salt. I ordered octopus they gave me rice. Nonsense. Its make me angry.,Afroza,
ig49,5,3.67,6,too expensive compared to quality. this type of chicken sandwich shouldn't be sold over 50/=,Kazi,
z1mt,3,4.0,6,good,ALI,
s7vk,30,2.97,36,yummy,Sumaiya,
p3r0,30,4.14,57,"chocolate fudge cookies ta oneeeeek moja chilo even doughnut ta khub Valo legeche.....kintu chocolate mousse ta motamot legeche!!!!...... all over, I liked it.....!!!!",Ayesha,
vhhg,3,2.56,4,they gave me wrong item,Adiba,
nprz,27,3.68,41,alhamdulillah vlo cilo..,Suraiya,
jf8v,21,3.19,25,"The board was smudged with chocolate, and the writing was completely off center. Better to go to the store and order cakes, otherwise they give the most subpar product. Disappointed. ",Farhat,
ffx6,30,2.56,28,The food was very bad. It was beef chap polao but they gave pieces of beef. No aroma in rice and very bad taste from my side.  1/10 rating. ,Ahnaf,
pgy2,30,3.61,46,110 taka pizza size disgusting.,Taslima,
fz14,30,2.92,29,it was cold and dry. and no chicken only onion,Sumaiya,
cv8h,30,3.0,33,"amount of rice, vegetables and coleslaw is totally insufficient for one person.",Naziha,
f3pt,30,2.84,32,ato baje khabar akhane dekhy akta dise arek ta faltu jottoshob purai akta scam kore felse ,Shorna,
dknk,3,2.78,4,Pura joghonno khabar ami er theke baje kharap jibonao khaini meat box deyni just diye rakhse alu tao akta plane a r nachos silo joghnno ami bomi ese gese amr 400 taka jol e gese just,Arifa,
wet2,30,2.77,33,"While the portion was very generous,  the taste somehow lacked flavour.  expected a bit more punch from alfresco!",Sayeed,
j02f,30,3.48,43,Tasty and fresh😋 perfectly made!!! Loved their loaded meat box too.. Amazing❤️ ,Tabassum,
c2na,26,3.78,39,they falsly used cake image for slice cake। extremely disappointed। ,KAZI,
t5rz,30,3.79,48,It was pretty good 👍🏻 ,Faria,
ihl7,11,2.6,9,It was tasty .prize higher,atasia,
tgc6,4,2.8,4,"yum but bag packaging, my drink spilled ",Sheefta,
qn7p,2,4.0,2,কোয়ালিটি তে ঝামেলা আছে ,Rezwan,
m7ol,2,1.0,0,"Rice was cold & rotten, beef a few bone cold. Lentil was cold & disgusting in taste. Never ever will order even if starving. 
",Mohammed,
p7m6,30,3.26,38,peanut butter was so far so good,Nure,
fylf,30,2.71,26,good food,Hasrat,
z1ec,30,3.92,54,"খুবই বাজে টেস্ট,  খেতে পারলাম না,  ফেলে দিলাম ",Ashraful,
s0uc,30,3.24,39,always give the last piece of the cake!,Farhana,
ua1z,30,3.76,49,Good,Ali,
mwnu,15,3.0,15,Fish was very salty and meonise minimum needed 2 box because there was fish and fries so must needed. It was 450 tk food quantity is very low. Overall good not bad,Jannat,
qvv9,30,3.22,40,Moja always er moto but jhol kom ajk ,Sunjima,
b6x9,30,3.67,44,"It was not chewy at all,felt hollow from inside,the strawberry one felt artificial",Harun,
tdlt,9,2.56,4,dedicated ryder!,Sady,
beq5,19,4.0,35,Amazing hot biriyani with humongous portion size. Highly recommended. ,Imon,
fifz,9,1.9,4,"Not bad, meatbox e chicken beshi thakle bhalo hoto",Abdullah,
n37s,30,4.07,57,Chotpoti Khub e shokto chilo siddho kom kora hoyeche chat masala chilo na,Nuzhat,
rh6c,4,3.67,5,"Jali Kabab was delicious, well-seasoned, and perfectly cooked. Highly recommended....",Nisat,
t1zj,30,2.32,23,The borhani I ordered was literally shit. ,Akash,
apgi,30,3.91,51,Very bad taste,Tareque,
m06c,4,2.8,4,Khabar ta Thanda chilo.... tai 4 star dilam baki taste ar quantity khubi valo,Mehedi,
kt9b,30,3.47,43,"The food taste and ingredients were good. It was hot, the delivery boy was also modest. The price was ok after applying voucher. But no branding in packaging just a simple plastic bowl and no chopstic",Md,
nz6i,30,3.71,46,Best boti kabab roll in town ,Talha,
ro6t,1,1.0,0,ফুচকার টকে টমেটোর সস দেয়া হয় জানতাম না! Not recommending! ,Sumaia,
c7ke,3,3.0,3,চাপ পোলাও অর্ডার দিয়েছিলাম। এত জঘন্য খাবার। বাসি খাবার! এত ক্ষুধা নিয়ে অর্ডার দিলাম ৩ জনের আর এই অবস্থা। রিভিউ দিতে এসে দেখি চাপ পোলাও মেনু থেকেই নাই! ৪.৮ কিভাবে হয়! ,Tahjib,
b2vj,6,4.47,13,The pudding was really thick and delicious!,Jalish,
s3lj,30,3.49,47,Unhygienic.,Salman,
qbn3,30,3.42,43,price er sathy compare korly bread ta onk kom....food quantity aro baran...and packaging quality valo korun.,Shahid,
scgo,30,3.59,41,the chicken sandwich was good but bhai thai clear soup ta age o oder disi valo chilo but asker tay etto lobon disen tar oupor abr lebu mne eigula manush khaite pare? cooking mistake hole new banan.,Masum,
yrpe,30,3.46,42,"Tasty, enough chicken",Arman,
enib,5,4.08,11,সেই হইছে ,ব্যাকগ্রাউন্ড,
ik8t,7,2.75,7,ভালো না খাবার এর মান 😡😡,Ridom,
ehzf,30,2.53,20,the burger sauce was sour and the mayo as well. The bun was bad as well.,Mohammad,
je0q,30,3.75,56,love the sandwich so much but they give like 4 fries w it </3,Sarah,
vuto,30,3.33,37,it wasn't testy as last time (yesterday) ,Rim,
rbqo,3,3.57,5,not bad,Reyanus,
vopo,3,2.78,3,coffee spilled a lot. bad packaging ,Tajwaar,
cwf1,16,3.2,19,আমি আগে জানলে কখনই ফুড পান্ডায় এই অরডারটি করতাম না। কি কারনে অরডার পরিবর্তন করলেন? বুঝাল খাবার টি শেষ হয়ে গেছিল। কিন্তু তার পরিবর্তনে এই শুকনো কালো পোড়া সারা দিন রাস্তায় পরে থাকা খাবার কেনো আবার আমাকে,Sojib,
mlwi,5,3.77,9, Best momo ,kasfi,
s9eq,30,3.23,41,got 2 luchis after ordering for 3 luchis,Meshkat,
m7m7,1,5.0,2,budget friendly and quality full food,rubaiyat,
i3rh,30,2.32,23,Tasty food.Must try.,Jisaimanur,
dedh,1,4.0,2,the cinnamon is good but could be more softer ,Isaura,
idn7,1,5.0,3,good food and good quantity ,Asef,
ls9h,3,3.0,5,"একদম ফালতু, পোড়া গন্ধে মুখেও নেওয়া যায়না। আমার টকাটাই শেষ ",E-TOP,
ulta,30,3.0,34,খাবার একদম বাজে  বাসিখামুর ,Sk,
lhid,9,2.45,7,বাজে মাপের খাবারের টেস্ট -ফালতু একদম পচা শাক দিয়েছে-মাছ রান্না ১০দিন আগের-নস্ট খাবার এদের নামে কম্লেইন করা উচিত,Ahmed,
gva0,1,2.0,0,Quantity was very poor..they didn’t provide me vegetables with set menu(vegtables was included)..Taste is average ,Faisal,
l69t,3,2.5,2,worst food ever🤢🤢,Sraboni,
bway,28,3.47,36,"the picture and description did not match at all. food was not fresh, neither stale. everything lacked seasoning. not even salt was there. pure misguidance with picture and description ",Anika,
lb5h,30,2.47,25,They gave 1 salad with 2 orders of morog polao ,Ludmila,
wjd3,9,2.91,8,"lasagna tasted good, but disappointed in size. Also fries on lasagna?",Shafian,
w2ed,27,3.75,45,sadly they ran out of chocolate cake when I ordered ,Zia,
sh4w,30,3.06,34,Great,Wasefa,
juau,3,1.0,0,salty food (mung daal with egg curry) and serving of excessive sweet tea in a polythene!!! very unprofessional and may be they don't want to take the service seriously. I won't order again.,November,
aaii,9,3.26,7,"latte was good. tiramisu sucks.couldnt taste any coffee at all, whatever they used instead of ladyfingers was too sweet and wasnt soaked in coffee it was white basically.",ABDUL,
ifmg,4,3.73,7,"fries was very very soggy & sausages were taste so bad, probably they used old stored sausages. I was talking about their meatbox's. Also i ordered their fries but that was unavailable. ",shagufta,
pvov,6,3.27,8,"160 bucks subway, what do you expect, wtv it is it's eatable and nostalgic",Muhtasim,
sdrn,26,2.88,24,Average not extremely tasty,Nawshaba,
wp5f,4,3.22,5,best rosmalai in town. special shor doi khubi valo. cake may be home made great.  quality ta dhore rakhle premium level e jaben insha allah. abar order korbo.,Rezwan,
zc10,5,5.0,14,"Darun tehari. Quantity was great. Try it with chutney, awesome taste hoy. ",Shazedul,
isj3,1,4.0,2,"The taste was fine, but there was no mayonnaise at all — almost none, you could say.

",Rupa,
ossa,23,3.54,36,2টা ভাজি  ছিল কিন্তু একটি ভাজি দেওয়া হয়েছে অতি জঘন্য কাজ করেছে....,Md,
iyhb,4,2.33,3,Chotpoti r sathe tok nai fuchka nai enough poriman Thanda Chotpoti ,Nuzhat,
r8jh,30,2.89,30,Your Swwicy chicken does not taste that good anymore. It used to be very juicy and flavourfull but it has disappointed me yesterday. The chicken was very dry and the flavour was not as good as it was.,Nusrat,
km6c,2,2.0,1," Never ordering again! Horrible food! Red Curry noodles-no coconut milk, no thai flavor; Lemon herb chicken-no herbs, only bitter lime rinds; Fiery Basil Rice- no basil, no spice. Delivery took 1 hr.",Aazia,
k1l2,30,3.22,41,Good,Naeema,
on02,7,3.22,8,momo er filling e chicken nai bollei cholo...momo taste ok...but chilli oil akdm kom dise...dip chara  momo khay keu??.. poor serving... ar kkhno  nibonA,Raisa,
tjly,30,3.12,39,Food is good 👍,Shadid,
dg9e,1,5.0,3,"One of the best Latka khichuri in Dhanmondi . Fresh Home Cooked food. No extra spices, no bad feeling after having the food. There are not many places in the city who sell good tasty Latka khichuri. ",Akhtaruzzaman,
ylmb,5,3.92,9,খুব খারাপ ১৫০ টাকার জিনিস ৫০  গ্রাম ও নাই এটা লোক টকানো Very bad,Mozammel,
t0y3,2,1.8,1,Kabab er dam baran and porimane besi den. Apnader luchi te ekta smell ase. Ata / moida change koren. ,Fahad,
zuz8,30,3.38,39,I asked for regular french fries came cajun fries. I specifically mentioned no chef special saice it is there in the burger,Nujhat,
bo8t,30,3.72,48,Their food used to taste so good. I was shocked how bad it got. the khichuri tasted like plastic! but shingara was decent.,Imran,
qnqp,1,2.0,0,They take a lot of time to prepare the food,faiza,
szmi,1,5.0,3,taste onujai ptice ta ektu beshi,Tonmoy,
mvmw,30,4.01,62,"keep maintaining the quality, loved it",Mohd,
jmvv,9,3.08,14,Sushi wasn’t served as per the picture. Chicken was served as bangkok style fried chicken instead of crispy fried chicken whereas the reference picture looks crispy fried chicken. ,Shanaya,
gmyq,30,2.6,27,khub e baje chilo food ,Jarif,
cfw0,30,3.59,44,"flame grilled chicken was excellent. liver was good but more curry-like, better enjoyed with rice than bread",Tashfin,
t0va,30,2.19,17,Food was smelly and rotten,Nupur,
zdgm,30,3.13,37,"aato lobon chilo, khabar ta fele dite hoise. aato lobon keu khai, halua aato dry chilo, tasteless ",Tasnuva,
kqlv,30,3.94,56,"They sent me only patties with melted cheese between the buns — no veggies at all, unlike what was shown in the picture.",Shoyeb,
nsp1,1,2.33,1,"STAY AWAY FROM THIS RESTAURANT! I hate when bad restaurant's like this make bad food and charge premium! Sandwiches had super sharp bones, unexpected nasty surprise. Sandwiches looked pulled apart. No",Sisil,
aiup,7,2.29,5,Cooking is no tasty,MD,
kil8,21,3.54,31,Good Quality,Shaqib,
s7vr,30,3.16,40,Thai soup was good but wonton was average ,Ayesha,
jrnk,30,4.29,60,"the food was amazing!!! it full fills my cravings, full of beef 😊😊",Annu,
udd5,9,3.0,7,not good,Zunaed,
s5bo,30,3.37,43,Pizza was really good ,Tahsin,
xg4y,30,3.82,56,as always felt like home cooking and always generous with portion 😀 5 star ✨ from me . also love the doi 😁,Sirajus,
wzdz,1,3.0,1,Food was not fresh,Junaid,
bsl5,30,3.2,36,Sultan's dine sucks.,Fahim,
qz1d,6,3.53,9,Cake design was bad ,Sumaya,
s4xm,30,2.77,29,Very good.,Naeema,
hj3u,30,3.27,38,Food was really good.Everyone should try.👍,Iqbal,
n4z7,3,4.14,5,So tasty🇧🇩🇧🇩🇧🇩,Shuvendu,
e36r,30,2.64,31,খুবই বাজে চালের ভাত এবং পানি ডাল। ভর্তা কোন রকম।,Mr.,
s0c1,30,3.47,41,Burger is too mini!,Atolanto,
s3xz,30,2.67,28,I ordered grill chicken and got shawarma instead 😭 ,Gustav,
vb37,30,2.68,31,দুনিয়ার সবচেয়ে ফালতু খাবার। ,Nikolin,
xap1,2,5.0,4,I think this is the best place to get some pasta and momos if you are near Mirpur DOHS and 12.,Md,
ne2s,6,2.75,7,Khub e bajee,Tanzir,
exdj,22,3.42,31,Love it,Sasiradachaya,
lxrv,7,2.44,5,eto choto size er chicken kivbe dewa hoy? agey to atleast medium size silo! ,Raihan,
fb18,3,4.0,6,Octane,Azam,
lyd9,30,2.95,33,It was tasty,Abir,
qxr5,2,3.67,4,"Ordering this pizza for the second time and this time it was horrible and too spicy to enjoy, over burned and tasteless. ",sadia,
n73l,25,4.1,46,"তান্দুরি চিকেন ভালো ছিল , কিন্তু ভুনা খিচুড়ি একদম ঠান্ডা এবং বাজে ",Shaim,
dfwo,2,3.33,4,"khabar er taste baje, quantity prochur low. ",Sumaiya,
ez24,13,3.07,16,টেস্ট ভালো ছিল। কিন্তু মাংস খুবই কম ছিল,arafat,
pj0d,30,4.47,66,Good packaging..coffee was sooo good.,Md,
selm,19,3.76,34,ফ্রেন্স ফ্রাইটার টেষ্ট অনেক ভালো 👍,Yeasir,
s1py,8,3.32,9,taste is sooooo good.  love it,isnat,
ugsh,5,3.33,8,প্লেইন খিচুড়িতে ভাতের চাল দিয়ে ৬০ টাকা দিয়ে সেল করে! খিচুড়ি টেস্ট খুবই বাজে হলুদের স্মেল আসে খাওয়ার যোগ্য না,Supty,
k7kd,15,2.11,9,Beef was not taste ,Bashar,
hpp1,30,3.31,39,Chorchorite kachki mach khuje pawa dai. eta alur chorchori chilo. Lal skak chilo data shak er moto. Taki fish & Alu vorta was good.,Chapal,
jx00,9,2.45,7,"This item was under chicken, but I received other meat , i don’t know what was it , full of fat and uncooked meat. I had to throw it away. I am so disappointed ",Tahnia,
igjh,18,3.4,23,"Asked normal egg, even after specific selection given scrambled egg. Breads are dry.  ",Ronald,
omqk,5,3.77,9,Very bad taste,Itz,
ks42,30,3.23,37,Not Good ,Jihanur,
cgaj,30,3.77,43,শুরুর দিকে খুবই ভালো ছিল। প্যাকেজিং থেকে শুরু করে সব। এখন খুবই খারাপ ভাবে খাবার দেয়া হয়। ঝোল সব পরে যায়। আর ভাত আর মুরগি টা এখন আগের দিনের তা দেয়া হয়। মুরগি বাট ভাত ও আগের দিনের এইটা ঠিক না।,Shoukhin,
tsgu,30,3.51,46,The burger meat is fully rotten & smelly..I had to throw the whole burger.. ,Samia,
sy27,8,2.79,8,খাবারের মান একদম খারাপ খারাপ প,Rizvi,
njhq,1,1.0,0,the cake is made of dalda cream. very cheap flavour.,Moshiur,
a2dq,30,3.36,39,Oven burnt food for BDT 260+,Abdullah,
eo20,1,5.0,3,Worth every penny ,S,
qvr4,30,3.81,50,Best best 👌 ,Naf,
h7m4,3,4.11,7,Very good food,Hridoy,
ks15,19,3.33,27,meat is not plenty ,Md,
h2im,4,2.64,4,food quantity is very very low compare to price. taste is too bad. waste of money,Redwan,
v4wg,9,2.92,10,Food was not fresh. Chowmein was not tasty enough. ,Tarif,
n3fp,30,3.16,32,the doi lassi was very very good.,Russell,
biq9,30,2.9,31,"we ordered 2 americano, 1 capaccino, and 1 latte, 1 pizza and fries. The packaging was so bad that coffee was all over the packet and even the fries got soaked in coffee",Nusrat,
cnfw,24,3.78,40,ami dream cake order disilam but amake onno cake dise,Ahona,
cn8q,23,3.37,29,Below average cake for poor people,রুশো,
wwvz,9,3.57,13,খাবার প্রতিটা আইটেম খুবই বাজে ছিলো! রুই মাছের ডিম লবণের জন্য মুখেই দেওয়া যাচ্ছিল না। প্রতিটা পদের মধ্যে লবণের পরিমাণ এতই বেশি ছিল একেবারেই খাওয়ার অযোগ্য ছিল। উনাদের রিভিউ সেকশনের রিভিউগুলো পুরাই ফেইক!,Tasbiha,
apdz,2,3.0,3,grill sompurno poorer ongsho puri felice.....valo lage nai,Sazid,
cye6,6,2.33,5,"worst doughnut, it's so bad to feed people this kind of things as food, stop using harmful ingredients in your dishes, make the money halal. an edible cream/ sauce shouldn't taste and look like yours",sumaya,
ghow,24,2.87,28,rice is poor,Faria,
w5sv,18,2.12,7,"Everything was absolutely terrible. Don't buy from this sh*thole unless you want uncooked, bland food. ",Tahsin,
bzwx,2,2.2,1,Amount is very small. Food tastes garbage. Overpriced. Very low quality and quantity. Never buying from here again,Tasnia,
lwo0,16,3.0,19,Best,Suman,
wul3,2,1.0,0,ami khub high expectation nea order deachilam but khabar ar taste khubi baaze chilo. ,Nusrat,
esnf,1,4.33,3,dal er spicy ta kom din. r sob thik aasy. thanks ,Hafiz,
v84y,13,3.0,16,khub baje chilo.....chips gula onk ager chilo & thanda chilo... chicken er poriman ekdom e kom chilo..... khub e baje,MD,
drih,4,3.0,4,"They serve bad in takeaways. But when we order in restaurants, its better. Like the hunter beef literally had no beef in it. Unfortunate to see a cafes downfall like this. ",Anm,
ja2c,30,2.71,31,"ছবিতে সো করছে একরকম দিছে আরেকরকম। ছবিতে দিছে ২ টা মাটন পিস এবং আলু   কিন্তু উনারা একপিস মাটন তাও হাড্ডি সহ আর  ছোট একটাআলু , ডিম দিয়েছে। ছবির সাথে একটুও মিল নাই। খাবারের স্বাদও নরমাল।",Anik,
vypb,1,4.33,3,Quantity should be increased.... Taste is top notch but the amount is very less ,Sneha,
sf1q,2,3.0,2,Pizza ar sandwich nisilam.. Motamoti valoi chilo ,Suma,
lllq,30,4.58,58,5 star dilam so that everyone can see. Worst food I have ever had in my life. Rice jei poriman er dise mone hoy vikkha dise. Taste and quantity very bad. Er thika better kola pauruti khawa. ,Fahim,
ikmv,1,1.0,0,"no meat, oily, salty...waste of my money! 🤮🤮",shifa,
t6qy,30,3.8,51,feel to much acidity ,Mosannef,
uljs,5,3.46,7,Hope you are growing your business shortly,Md.Naim,
mgvt,11,2.93,13,Good.,REDWANNUR,
vsih,30,2.92,35,"ordered beef tehari, sent Morog polao. if it's not available they can say it,  they instead sent wrong order.",Faizur,
wse1,30,2.75,29,আমি আমার অর্ডার অনুযায়ী খাবার পাই নি। খিচুরি আর মাছ ভর্তা অর্ডার করেছিলাম কিন্তু মাছ ভর্তা মিসিং ছিলো আাবর পেমেন্টও ফুল।,Bikash,
dls3,4,2.67,5,Bad packaging almost empty glasses come when delivered,shanjid,
u9ib,30,3.27,38,It was okay. bt didn’t meet my expectations.,Inani,
v7oh,28,2.74,26,মিষ্টি নষ্ট ছিল।,shovo,
a19x,7,3.11,8,Best Sandwich at 60 Taka,Md.,
etax,22,3.25,30,Faluda not on point ,Ayesha,
hmki,20,2.31,15,So bad and too much suger,Mostofa,
cup9,30,3.05,36,মোটামোটি!,Afrin,
jc13,30,3.74,43,"Beef Tehari 2 ta full Order korechilam. Taste below average chilo, Rice enough chilo kintu beef half tehari r poriman chilo, er moddhe abr 30% fresh chorbi. Iftar e kheyechi, experience was not good!",MD,
x3wx,30,3.38,44,"All the items were soo good, nicely fried especially the chicken parcel. ",Ayu,
hoas,7,3.11,8,Yummy ,Santa,
e053,30,3.24,35,meat is not well cook,Saifuddin,
xkt6,1,1.0,0,খাবার কাচা,Imam,
kk78,30,3.45,46,"could be better, but price is reasonable, taste is not bad, but doesnt taste like authentic pizza.",tamjeed,
mga9,16,3.0,19,mota moti ,Hasmot,
s2jz,30,3.43,45,Taste was not good it has change.,Syeda,
pq8c,22,4.0,44,chicken momo 6 piece er order korsilam dise 5 piece tao vegetable momo er thkee baje kichu ar hoy na fully disappointed ,Sheikh,
bbmk,4,3.4,6,Excellent quality & taste ,Main,
yng6,7,3.35,9,Cake was crumbly and tasted ok,Abdullah,
g20i,2,1.0,0,aita. konl khichuri hoilo akdom baje sata borta dawer kth chilo kicui dai nai ,md,
s1tl,30,3.35,39,Burger was ok but the french fries was soggy😥,Moinul,
lzrv,28,4.12,52,Fresh and tastyy,Abdur,
wy73,30,3.49,48,Average. ,Md.,
rrwh,30,3.1,41,"Chicken Khichuri tasted so good, as if I had fresh, home cooked meal. Grateful to the person who prepared it 👌🏻. Plus, the delivery boy was very well- mannered and polite. 💯",Abul,
aidj,28,2.97,36,"Shahi Morog Polao
not bad akdm true shahi morog polaw eta na,, but normal morog polao theke better",tanvir,
f6i8,4,3.6,7,the restaurant was generous with their food serving and the food was tasty. A must try restaurant to order from,arifin,
ob39,28,3.99,52,খুবি বাজে খাবার। অতিরিক্ত পরিমাণে লবণ দেওয়া। ,Hasanur,
e70y,30,2.89,35,bhuna khichuri te polaw chaul na diye bhaat er chaul use kore unara and poriman e o kom,Sinha,
dvi5,2,2.0,0,The rice and vegetables were good. Chicken was below average. ,Mahedi,
xdwc,30,3.28,37,so tasty food 🤤,Mohin,
jo0o,19,4.08,38,নাচোস খুবই মজা ছিল পরিমাণে অনেক ভাল ছিল,Khadija,
rffs,1,3.67,1,ilish was too small. ,Shoheli,
okch,30,2.89,26,Too spicy. Didn’t even mention this much of spices in the details. Not at all recommended.,Iritra,
w41k,21,3.41,29,"Price, taste, and quantity-wise this pizza was a solid 8.7/10. If they had increased the cheese and increased more additional dips, plus made the crust thinner, then it would have been a solid 10. ",MD.,
ih82,16,2.95,19,Very low quantity ,Mohaimeen,
ej2i,1,2.33,1,Bhai order disi chowmein dhoray dilen normal noodles abar dilam order biryani dilen shiddho kora polao er chal er ekta boil kora chicken eita kichu hoilo emne thokayen na bhai customers der,Raian,
m1ij,30,3.0,34,local cake dise,Rahe,
ffpw,1,1.0,0,১০ মিনিটের দূরের অর্ডার। বার্গার ফ্রিজিং ঠান্ডা। মনে হইছে আগের দিনের চিকেন।,Md,
i0w0,5,3.43,8,🤢🤮🤮.. don’t order any food from there.. They will give you rotten foods. Wort food i have seen ever.,sifat,
szqc,8,2.41,6,"khubi baje khabar ,alu r chat ta purai nosto ,",Lima,
gu4a,30,3.0,37,The taste and quantity was good according to price ❤️,Sumaiya,
qchy,2,2.67,3,আমি স্পেশাল সর দই অর্ডার করেছি যেটার দাম ছিল ৪৫০ টাকা। আমাকে ৩৮০ টাকার সর দই দিয়ে দিসে ফ্রডগুলা। বাজে দোকান। অর্ডার করলে এইভাবে প্রতারিত হবেন।,Sohana,
ge20,30,2.45,25,the food quality is second to none. definitely recommend this place. the kids loved their all items except chicken burgers. as it's not good as UK standard. we will order again to try different dishes,Raha,
n2qc,30,3.08,37,"packaging bhalo cilo na, lemonade e spirit khaiteci mone hoitecilo",ariful,
txw0,13,4.0,22,"good,taste ",Sazidur,
czju,2,3.0,2,"এত বাজে মিট বক্স আমি আর খাই নাই,,,,, আর,,,quantity এত কম,,,,,, আমি বড় টা নিয়েছিলাম,,, ২৮০ টাকা দিয়ে,,, একদম ছোট টা দিছে মনে হইছে।,, খুব বাজে ",Olivea,
q3jm,30,3.45,45,Ready to cheese it up ,Kadin,
nf3q,14,3.11,14,the nachos was really bad. it had a soyabean smell. It was a waste of money,Shahriar,
jsb6,1,5.0,3,ordered their strawberry tres leches!! loved it ❤,Kabir,
h2xb,16,3.51,25,bhalo but mangse tel chik chik korte chilo,Anik,
i7em,1,1.0,0,found hair in my food and no taste,yasin,
rshm,1,4.33,3,ভালো সুন্দর পচা নয় ঠিকঠাক আছে খাওয় ডেলিভারি ম্যানকে ধন্যবাদ ☺️,SHAKEL,
u3rp,30,2.61,23,I have issued a complaint what is the update.,Jobair,
x862,30,3.54,47,yum yum ,Naila,
ozvq,28,3.97,57,the signature chicken burger was very good. fries were good too. albeit a bit on the expensive side. ,Yeasin,
x8h4,30,3.74,48,one of the best quality quantity ,Keya,
xksr,1,2.33,1,Baler restaurant. Vul order dey,Tasnimul,
i0m6,6,1.43,1,Everything's rotten.,雨,
e2gm,1,2.33,1,Bland and tasteless. Borhani was too watery ,S.M,
cgzk,20,4.17,41,Taste was terrible ,Syed,
fezi,30,2.77,29,chap polao is the best. morog polao very good. beef tehari avg.,Esmat,
tbbe,1,1.0,0,একটা চকলেট কোন কফি অর্ডার করেছিলাম। এত বাজে এক ফোটাও খাওয়া গেল না পুরোটা পানি । এবং খেতে খুবই বিচ্ছিরি। কেউ নিবেন না। 😡😡,Arushi,
vpmx,1,1.0,0,so bad.They do not even use foil paper.The pizza was so dry and cold,JOY,
r0h9,5,2.67,4,"soya sauce er colour a ready kora brown rice, cutlets er jaiga te fried chicken beche chawa sides, r crisps vegetables er jaiga te normal vegetables tao Kono rokom. joghonno kharap., Dakat er dol gulu",Saika,
iw2e,30,2.95,34,.,Md,
lho3,1,2.33,1,holud vat r haddiwala 1pis gosto aita naki abar chap bole faltu purai,Baker,
wsz1,15,3.32,21,instead of beef they gave kolija &bones,Armeen,
foou,6,2.87,7,"ভাইরেভাই, পরিমাণ দেখে মনে হচ্ছে ফ্রি তে ভিক্ষা নিলাম।তার মধ্যে দয়া করে ১ সেমি মুরগি ও দিছে🤣।প্রথমবার ফুডপান্ডায় এই লেভেলের বাটপারি।১২০ কেন, ৫০ টাকাও হবেনা এটা। প্রিন্স বার্গারে ১৫০ টাকায় এর ৩ গুন দেয়",Md,
yvj2,1,2.33,1,there was missing items. ,.,
s4jh,13,2.58,13,Onara khub e patla ekta poly te deliver koreche plastic box a then soup ta dhal te jeye soup onk gorom thaka te poly gole pura gorom soup gaye poreche and amr gaye porate onk tuku burn korecheche skin,Samia,
kdk6,3,1.57,1,নামে খিচুড়ি।  ভাতে হলুদ মাখায় দিছে। চিকেনের অবস্থাও ভালো না। হোমমেড বলে অর্ডার করলাম এর থেকে চিটাগাং রোডের ৮০ টাকার চিকেন খিচুড়ি অনেক ভালো।,Md,
kduj,1,2.33,1,dim vuna order kore chilam.bt dim pose kore vuna diche r piyaj kacha chilo.r murgi theke asta gondho aschilo.,Mousumi,
royq,2,3.8,3,"Food wise, it seems a bit more expensive than the restaurants around. And I didn't get the leg piece, I got two pieces of meat, and the oil seemed a bit too much to me. The rest is up to you.",Jahid,
dnd0,1,5.0,2,"খাবার ছিল একদম টাটকা আর সুস্বাদু, প্যাকেজিংও চমৎকার ছিল। আবারও অর্ডার করব!",Fazle,
oewu,22,3.98,41,"They should work on dipping sauce, otherwise momo was good",Afsana,
dsw1,30,3.06,28,খাবার অর্ডার দিয়েছিলাম একেক আইটেম আর ডেলিভারি দিয়েছে আরেক রকম খাবার ,Fahim,
nd3e,3,3.57,5,店舗で食べた方が断然美味しかったため(-1ポイント),Manabu,
rl5v,30,3.1,33,"Basmati Kacchi and Chicken dum Biriyani dutor taste e motamuti bhalo chilo.But dutor Rice er mddhe kono difference nei.I thought Dum biriyani & Kacchi would have a different taste. Still, Overall,Good",Meghla,
d0zu,2,2.0,0,not fresh food.,babu,
gjbr,14,4.15,25,lobon kom hoisilo,Onaiza,
u3s8,7,3.95,14,dam onujai thik ase👍,Easy,
hzb2,10,2.92,8,Not worth the price .It wasn’t tasty at all and chocolate coating was soo less .,Shamsun,
s6iv,30,3.99,58,the classic beef burger ; loved it.,Rashedul,
od8l,6,3.25,9,The salad was only okay and the wontons didn't have any cheese. ,Kirsten,
kxk1,19,3.27,27,Worst nachos ever don’t order from here,Abrarur,
ovjz,10,2.52,7,rotten chicken delivered,Mohammad,
p66p,30,3.28,43,french fries were dey and unseasoned,Rowshan,
m9gw,30,3.6,49,faltu chilo sub ta taka ta e jol a gase,Shrabonty,
eyna,2,3.67,2,খাবার মোটামুটি কিন্তু প্যাকেজিং আরো ভালো করতে হবে।,Nahiyan,
ytea,17,2.9,16,সমস্যাগুলো বাসি রুটির মত শক্ত ছিল। বাকি খাবারগুলাও খুব একটা সুস্বাদু লাগেনি আগে ভালো লাগতো যে খাবারগুলাই। সোনারগাঁয়ের জার্মান ব্রেড নকল করে বানালেও সাইজ এবং মান আগের চেয়ে বেশ ছোট হয়েছে।,Rafida,
u3sc,30,3.2,35,it was Soo good first time order,Minhazur,
rdjd,30,2.63,28,"Was this a sausage box, where is the meat?",Musabbir,
o4zy,30,3.25,33,wow,Sheikh,
os2g,15,3.05,17,honestly very disappointing. The food was terrible and overpriced. I regret wasting my money. Wouldn’t recommend. ,Antara,
vk8f,30,3.05,34,Bisri,Badsha,
lpag,1,1.0,0,"very poor burger but the price is very high so definitely it's not worth it ,২০০ টাকা অনুযায়ী বাজে,",Azwad,
klch,30,3.2,41,The food quality has significantly decreased.The chicken in nanban was burnt,anika,
fa88,30,3.58,46,"Taste was superb, authentic Mediterranean taste. Quantity wise absolute piss-poor. No value for money. If you wanna spend a bunch of money and still be hungry but fullfill your tastebud its for you.",Abidus,
xelr,30,2.48,22,good amount of meat. overall it was worth it. ,Fozla,
mjes,2,3.4,3,I didn't get the food delivered as the restaurant scammed both me and the rider. ,Sadman	,
td8d,30,3.06,32,low amount of food ,Ragib,
ze1y,4,2.6,4,Excellent In comparison to price,shafiul,
yrc1,23,2.56,19,Khichuri te holud ta r ektu kom hobe… vuna khichuri te borboti pai nai but borboti er bichi peyesi… r khichuri er chal khub mota chal… i hope apni ektu kheyal rakhben… holud r tel er bepar ta,fatema,
qys6,1,1.0,0,poor service  2 ghonta bosai rakse,Tixam,
cjv7,23,2.82,25,good ,Shimul,
d0vv,30,3.03,29,10/10 The Best Chicken in Dhaka!,Kazi,
o1vl,30,3.26,44,The food quality was very disappointing. Lal shak bhaji and alu Bhorta was extremely spicy and caused stomach burning after eating. rice was watery and poorly prepared. Kindly upgrade food quality ,Jarin,
f0jz,30,3.76,57,"Pizza was good but Garlic Mayo had weird smell and no smell of garlic at all, please check the quality of the garlic dip.",Tanvir,
rn2i,1,3.0,0,মমোর রুটি টা আরও পাতলা হলে খেতে আরও ভালো লাগতো।,Sharmin,
t5v8,30,2.55,26,সময়ের আগে পেয়ে গেছি আলহামদুলিল্লাহ,Md,
i4pg,15,3.0,19,Taste is very good ,Tonmoy,
s8tz,2,3.5,2,Good is usually good but today the chicken was extremely spicy to the point could not finish one bite properly ,Zerin,
mhp3,30,3.9,51,"The chicken wasn't cooked fully, this time",Rayan,
jfbi,12,3.6,18,sheiiii,safwan,
zbip,18,3.67,34,Taste good ,Sabah,
o2xs,30,3.5,42,good ,Abiruzzaman,
ancv,6,2.47,6,"সবকিছু ঠিকঠাক ছিল কিন্তু চিকেন শর্মা পাই নাই আমি, চিকেন শর্মার টাকাটা রিফান্ড করা হোক আমার একাউন্টে",Md,
t5tz,30,3.57,49,Not the best margherita despite adding extra cheese ,Dibarah,
oc07,30,2.88,32,not worth the money,Kaniz,
odkz,1,1.0,0,served blue chicken. ordered 12pcs and there away over 10. ,Abd,
bneh,1,1.0,0,ফুড মোটামুটি ভালো - বাট ফুডের সাথে কোন ট্রিসু - চামচ দেওয়া হয়নাই এটা কখনোই আশা করি নাই ,Molla,
zfea,30,2.79,30,"Assalamualaikum. I have odered arabian kudu chicken sandwich, and my potato wedges were missing, couldn’t complain because your app donot work properly.",Fatema,
w0qx,4,2.33,3,eta special chowmin? amr life e khawa sobceye worst chowmein...🤢🤢🤢,2672,
r5ht,20,3.37,29,Best taste,Bithi,
zjdg,25,3.41,42,100/100,Taifur,
g2es,30,2.76,28,প্যাকেজিং খুবই বাজে ঝোল বের হয়ে গেছে পলিথিন থেকে। ইলিশ রান্না খুবই বাজে। বেগুন ভাজি ২ পিস দেওয়ার কথা ছিল এক পিস দিয়েছে। করলা ভাজি ভালো। ,Hossain,
gc8c,30,2.23,20,pizza dough er ta dakhaise r dise onno ta normal pizza chicken er kono name gondho kichui nai jmn pic e dakhay ter 1 gun o dakhay na,Nur,
mak0,2,4.6,5,"nice food, thanks ",Hiru,
s9gi,30,2.53,27,GOAT,Tanveer,
ljsw,3,2.25,3,they show in photo 4 but you will get 1. and overpriced ,Alshorif,
k4fe,4,3.0,5,very poor quality ,Pranto,
r3gn,30,4.17,61,Thank you for Nice packaging from uttara to khilkhet...where is your outlet by the way? ,Liza,
s8au,30,3.27,42,এরকম পালতু মাটন জীবনেও দেখিনাই।  জাস্ট থার্ড ক্লাস।,Mohammad,
uf3u,30,3.34,38,Taro Milk Overload's taste is good.,Yadnin,
ekx5,11,3.14,17,we orderd puri.. its oily hard.. not eatable ,Nushrat,
zjqq,2,4.0,4,"ruti was not good, it was not beef vuna it's beef curry ",Murad,
eugi,30,4.05,54,Test was good,Lovely,
gbiq,3,3.44,5,Price wise it was very bad! ,Fatema,
vbk1,3,2.33,2,Don’t given Chickpea Salad. Different salad given ,Chondon,
i3un,12,2.75,12,taste valo but always box r baire jhol ber hoire thake.regular hoy eta.,Shanaya,
v0h7,1,3.0,0,"shob kichu te lobon kom. Alu bhorta aro bhorta howar dorkar chilo, alur pieces roye gese and it's too dry.",Ayesha,
aybl,26,4.64,63,Alhamdulillah jajakallah khairon unarder food er test Onek bhalo sathe beef curry ta best unara amake extra kore free te dal bhat alu bhorta gift diyeche jeta Ami order Kori nai ❤️alhamdulillah ,Mithua,
zxqw,30,2.74,26,the pizza pocket wasnt fully cooked thru and the garlic chicken bites had an overwhelming amount of seasoning ,Nasima,
crwf,2,1.0,0,Very poor and rude behaviour ,Ayad,
kicr,30,2.4,25,Eta pizza naki rubber.Chabate chabaite mukh betha hoia gesa.Rice bowl et normal rice tai curry dia dise khali. Potato Widgets to purai faltu.Khabar pura thanda. 490 taka nosto🤬🤬🤬🤬,Md.,
tkhd,29,3.66,49,the taste was amazing there was enough boba its just the price thats not matching,Arshad,
rq7u,2,1.8,1,Very much bland!khoobi bajey taste!,Sanji,
ivil,14,3.24,16,sooooo good.... yummzyy... Taro boba was soo good,Reeti,
u1qw,30,2.95,35,I ordered two mogoj fry & they delivered me two chicken chap. Very unprofessional.,Shakil,
vudf,30,3.37,38,I ordered half quarter. But the quantity they provided seemed to be less than half.,Rakib,
v3d1,30,2.01,17,"taste was good, but the beef pieces were very bad. almost all were bone.",Riad,
mbgt,29,2.75,30,joghonno,Sheikh,
ukon,30,3.05,31,Last Pizza wasn't well backed,Samiul,
rmgn,14,3.11,16,"chicken was just boiled and not well cooked. one of us could not even have it, left it. everything else was fine. Just don't rush it, take your time to cook the meat well. ",Nafi,
vkpi,30,4.1,51,"সবকিছুই ঠিক ছিল। কিন্ত দাম অনুযাই করলা ভাজি তুলনামূলক কম ছিল।,,,,,,",MD,
l8n4,30,2.79,28,Good food. ,Fazle,
lz5e,6,3.4,8,amount according to price Isn't worthy....,Faiaj,
dfzg,11,2.17,6,Its shit. Old food refried. You will fall sick.,Ishtiaq,
s1qg,9,3.48,11,good bt salt R ki jani missing cilo tmn moja lage nai.. bt overall poriman valo disen,Rowshon,
sinl,30,3.4,40,"worst pizza ever, beef ta literally mone hocchilo normal curry type ranna kore dise, r kacha morich diye ke pizza banay, disappointed this time",Sadia,
gyn1,30,2.97,34,its nice. ,Abiha,
rfaa,11,3.57,16,"baler khao suey banaise. gorur korma noodles er upor dhele dise. too bad. khao suey er K o hoinai. all the spices missing,no roasted garlic,no nuts nothing at all",Galib,
w0qa,30,2.26,22,খুব ভালো লাগলো ,Md,
foia,30,3.25,35,Chicken fry 1 piece khawar por theke ami sick feel korchi onek. ekdom kacha lagchilo moydar gondho r chicken bashi chilo,Afrin,
fv0h,5,3.46,7,Fresh Food & Fast delivery ,Blue,
pm5l,30,3.16,37,packaging is too bad...,Fhariar,
z2hb,30,2.49,22,"সেট 5 এ  চিজ ছিল না,এই রাইস ভালো করে রান্না হয় নাই সাথে চিকেনও শক্ত ছিল।আর বার্বিকিউ চিকেন,চিকেন উইংস ভালো ছিল।কিন্ত একটা সস বা মিওনিস ছিল না।",Md,
sbw9,4,2.09,2,they gave only one pic shrimp  in noodles soup.  pajgeon was full aaata. no veg ,Sadiya,
fejm,30,3.73,42,Khabar theke ekta smell pawa gese jeta pochondo plus chul pawa gese khub e baje,Nasim,
ihb9,7,3.0,10,yummy ,Md,
skif,23,2.44,20,"sub sandwich bread is so hard, not fresh",Rm,
gy3s,13,3.14,16,"সিঙ্গারা, সমুচা, বার্গার ফ্রেশ ছিলোনা। বাসি ছিলো। ",Mou,
t2ez,30,3.7,46,lovely ,Sifat,
bb95,8,2.89,8,extra naga missing. food was cold ,Roza,
z900,1,5.0,3,Overall--- GREAT !!!,Qamar,
dno4,26,2.82,27,যার ২৫০ টাকার খাবার ৪০০ টাকা দিয়ে খাওয়ার ইচ্ছা সেই অর্ডার করতে পারেন।,Sakib,
v6cw,13,3.55,18,আমার কেক ডেলিভারি করছে প্রত্যেকটা কেক ভেঙেচুরের ভিতরে নষ্ট হয়ে গেছে যেটা খাওয়ার মত নাই এটা এক্সপেক্টেড না বিষয়টা দেখার জন্য অনুরোধ করবো কেকগুলা বাচ্চা রা খায় সেটা হাইজেনিক হওয়া উচিত।,RAJIB,
uvc5,30,2.97,31,I ordered wedges but they provided something else ,Fareya,
ijdn,11,3.22,13,taste was good but salt was insufficient,Tashfin,
tjf4,30,2.97,33,মজা!  ,Hameem,
u25g,30,2.73,32,very good ,Mizanur,
t9mz,13,2.36,10,Got wrong order!Also had terrible food poisoning after having their food! Worst ever,Arabi,
el7q,30,2.43,26,"পরিমাণে কম, তেল বেশি, শসা ১টা, লেবু রস নাই🥹🥹🥹",Zunaed,
xtkc,6,1.75,3,খাবার খুব বাজ২২০০টাকার খাবার এতো খারাপ।ইলিশ গুলা একদম ছোট ছোট ৫০০দিলেও সব মিলে লস।ডাল ৯০টাকা ১০টাকাও খরচ হয়নি পানির মতো।এতো বাজে খাবার কারো সামনে দিতে পারিনি,Sauda,
n7su,30,3.81,43,Rice was very thick. Chingri was not up to the mark ,Mohammad,
lbjp,27,3.47,42,মিটবক্স এ চিকেন না ভেজে দিয়ে দিসে. এত পচা মিট বক্স কখনও খাইনি,Maisha,
evaa,1,1.0,0,Very unhygienic food. ,Jannat,
bn8h,30,4.66,70,Shob shomoy snakes er jonno first choice ,Suzanne,
fpat,16,3.63,24,Too good!!,Namera,
r60c,30,3.29,40,"katsu and fries, soup are okay but naga wings had a bad smell of meat.",Nusrat,
fpzt,26,3.3,33,They didn’t write my massage on the top of the cake. Didn’t even contact me. I’ll look onto this matter professionally.,Tanha,
preg,13,2.94,16,রুটির মতো ডোসা দিলেন কোন মচমচা না কিছু না এটা কী লুচ গার্লিক ডোসা অর্ডার করেছিলাম,Eshan,
jkd7,2,1.0,0,"খুব ই বাজে ল্যাংটা খিচুড়ি তো হয় ই নাই তার মধ্যে কাঁচা মসলার গন্ধ, আচারের তো বালাই নাই।খেতেই পারছি না একদম। টাকাটা জলে গেল একদম।এসব বাটপারী বন্ধ করেন।",Jenny,
ssn6,14,2.37,12,"didn't receive the wings, didn't receive a substitute or refund",MAJ,
el04,1,1.0,0,i ordered two mix juice and paid for it by bkash but they sent me both orange juice . That was upsetting .,Sohan,
s1uf,30,3.47,44,Fresh as always ,Jazzmin,
kpzz,9,3.27,10,"chicken er piece gulo price onuzayi onnk chhoto, ekta 4 pieces er chicken package  e duita leg piece dise! ",Maimunah,
hnhk,9,3.5,13,Delicious! It’s taste as like made in own home.,mahmud,
uele,30,3.37,39,You guys should change the packaging of sweet corn. It was good before but now you guys just wrap it with a plastic paper. for this the food gets cold quickly too.,Fariha,
z5jl,30,4.41,60,Lau was great. Murgi was average.,Shahriyar,
o8wp,6,2.73,7,"Chicken samosa needs to be improved , they were hard as a rock. ",Nadim,
brj1,26,2.48,18,Food quality was extremely poor.felt like stale food.chicken had bad smell.rice was stale and old.worst item was vegetable curry.overall very disappointing experience.,Murshed,
pzds,10,2.36,6,Why bother naming yourself the chocolate room when you're using low grade chocolates!? 🤷🏻‍♂️ 🙄 ,Adnan,
gcy3,8,3.9,12,Taste & packaging is good but overpriced. price should be reduced by 20%,Farhan,
jtxe,4,1.5,0,খাবার ঠান্ডা ছিলো,Shakhawat,
r22h,30,4.07,51,Khub valo cake,Shakila,
teeu,30,3.84,48,i often visit them physically. they provide best coffee with excellent environment ,Farah,
ahf5,4,4.56,7,It's actually really good I'd say.,Adib,
viiq,19,3.48,28,বাজে খাবার,Asad,
b41r,30,4.2,58,crispy and yum...please maintain this quality.. ❤️,Suhani,
d19v,10,2.76,9,Thik thak,Nafi,
lyfv,1,1.0,0,Khabar khub baja chilo shami ta kono dudh nai porotay kono alu nai warts,Tanjila,
olr3,6,3.67,11,হাফ কেজি মাংসে ৩০০ গ্রাম হাড্ডি। আর পঞ্চাশ একশো গ্রাম মসলা তো হবেই। সালাদ হিসেবে পাচ্ছেন বাধা কপি। মেজবানি গোস্তের মান সন্মান সব খেয়ে দিলো,Rayhan,
o3ss,26,3.69,41,Bad taste ! Almost burnt ,Syed,
crj0,1,1.0,0,"This restrurant is just worse. The beef burger was completely below average. We ordered chicken popcorn, which is worthless. Never dine or order from here.",Riaz,
qsqk,19,3.23,23,"গরম ছিলো, মজা ছিলো।  কিন্তু হাড্ডির পরিমান বেশি ছিলো",Raihan,
xa7x,2,4.33,6,খাবারের স্বাদটা একটু ব্যতিক্রম অতটা ভালো না তবে খাবারটা গরম ছিল মানকোয়ালিটির দিক দিয়ে যদি বলতে যাই তেমন বেশি একটা উন্নত না প্যাকেজিং টা ভাল ছিল নুডলস টাও ভালো তবে শার্টটা তেমন নাই,Md,
uze8,15,3.8,25,খাবারের মান অনেক ভালো। মাংস অনেক মজার ছিলো একদম টাটকা মাংস মনে হয়েছে। আর রুটিও অনেক সুন্দর ছিলো। একদম ঘরোয়া খাবার। প্যাকেজিং এ ভালো ছিলো,ShukTara,
s8ex,30,3.47,41,LOVEEE,Zohra,
e2pb,24,3.18,36,"the taste of food couldn't get any worse than this. the chicken was not fried at all, alur chop er coating deya chilo and red inside, dont know if that was blood or color. the noodles was full of oil.",Tanvir,
vbxh,1,3.0,1,false advertising on the lasagna. no basil bechamel was provided,Ian,
wsxj,30,3.52,47,"You guys should improve peyaju. In peyaju dal took all the place, i couldn’t find peyaj.",Jakia,
e208,8,3.3,11,ভালো । এই মান ধরে রাখেন। ,Mubassira,
vi0i,23,2.66,22,I love there food ❤️,Tasnim,
e658,1,3.0,0,Expectation onujayi valo lagenai... Injected chicken valo lagenai.. Arektu better kora jeto eigula... ,Sakibul,
s4vo,30,3.36,40,Sent the wrong items!,Chad,
q4ub,21,4.49,45,Peshawari Beef usually makes blunder. But this one was surprisingly good & authentic. Meat qty was sufficient & it felt while eating that the ingredients are freshly used & good quality. Thank you,Mitra,
t5in,30,3.03,34,good test and fast delivery in satisfied ,Sabila,
lvpv,25,1.97,14,"ডিম আলু ভর্তার বদলে দিয়েছে আলু ভাজি, বেগুন ভাজার বদলে দিয়েছে ডিম ভুনা, চিকেন গিলা কলিজার বদলে দিয়েছে চিকেন কারি! 🥴🥴",Sigma,
hai3,2,3.0,2,worst meatbox ever,Minhazul,
jrpa,11,2.52,9,We only liked the first bite. after that it's went down 👎. ,Kazi,
nt5v,10,3.92,17,Five star for the packaging. Pan cake with honey and chocolate was really good. But Spicy pancake could be better. Aloo paratha was average. Mixed vegetable was good too. And thanks for the gift! ,Faheem,
q24v,2,3.4,3,"প্রতিটি খাবার খুবই সুস্বাদু এবং পর্যাপ্ত পরিমাণে ছিলো। রান্নার স্বাদ খাটি চাটগাঁইয়া ঘরানার হওয়ায় ছিলো বাড়তি যোগ। ঝালটা আরেকটু বেশী হলে আরো জমতো। খাবার খেয়ে খুবই মজা পেয়েছি, আলহামদুলিল্লাহ। ",ASM,
jad1,30,4.15,53,Everything was so yummy 😋 and as a mango lover I really loved the exotic mango sensation 😋 but please provide spoon next time as you should ,RAIDA,
xqmm,30,2.75,29,"Worst and foul experience ever. When you don't have an item, let the customer know about it. After having feedback, you can allow partial order. Otherwise, you looked totally unprofessional & poor.",Mostafizur,
s5rj,15,2.5,10,taste was awful. Hair found in the food. lak of freshness. ,Ahasan,
mbsh,30,3.58,44,Size of Dumplings is getting smaller day by day ,Dareen,
avsg,7,3.94,11,Morog polawo ta valo silo but Tehari ta motamoti silo.,Putul,
zx18,30,3.42,42,Bollei parto sauce cchara meatbox. Choke korar jonno ebhabe baniyechen?,Samaron,
xxpv,30,3.52,39,Low level food quality. ,Debabrata,
ogbw,5,3.43,6,"very small portion, average taste ",Mahajabin,
fjsq,30,4.1,56,It was tasty.,Fareeha,
xkzz,3,5.0,7,"great smash burger, fries were tasty and the chicken was crispy 😋",Alif,
vyi8,30,3.35,42,"well , dim er khosa paise and oil besi noodles a",Zerin,
rth8,5,2.33,2,was not good ,Hafiz,
nkm1,1,5.0,3,"এই পাস্তা অনেক অনেক সুস্বাদু, অনেক ভালো লাগলো। বারবার অর্ডার করবো ইনশাআল্লাহ।",SAFWAN,
l03d,30,3.0,33,quality arektu barano uchit apnader...,Usha,
hlqs,30,3.03,34,একটু তৈল কম দিয়েন। যদিও মজা লাগছে। কিন্তু তেলের পরিমান অনেক বেশি।,Niloy,
qit6,2,2.6,1,লিখা ছিলো crispy chicken কিন্তু ব্রেড ক্রাম্ব দিয়ে কোড করে দিয়েছে। চিকেনের সাইজ প্রাইজ অনুযায়ী অনেক ছোট। খুবই বাজে ছিল। চিকেন চাউমিন টা তেমন ভালো লাগেনি।,Sadia,
eoo1,8,4.26,15,এভাবে অন্যের টাকা নষ্ট করবেন না। তরকারিতে লবন ঝাল কিচ্ছু হয় নি। মুখে দেয়া যাচ্ছে না।পেঁয়াজ এতো পুড়ে গেছে যে তিতা হয়ে গেছে। টমেটো কাঁচাই আছে।সম্ভবত আগের ফ্রিজিং করা খাবার গরম করে দেয়া হয়েছে। ,Labonna,
d0em,30,2.61,26,Really bad smell from chowmein,Rubab,
khw1,23,2.79,23,Bad taste ,Syed,
w8ku,19,3.29,28,nice !,Arefin,
x1d8,30,3.0,34,খুব বাজে কোয়ান্টিটি মাত্র ৪ পিস গোস তার ২ পিস হাড্ডি ,Syed,
srb1,30,3.32,43,Great Food. Pure Homemade vibes. ,Shahariar,
qcmg,3,3.0,4,"What is this shit? I ordered BBq meatbox not a chicken curry,loads of potato and no mayo or sauce..shutdown if u cant prepare proper meals",Ammar,
p69u,12,2.93,13,savage review reply dekhe order korsilam. vabsilam asholei khabar mone hoy valo. lobon dia gaira rakhsen vai. ar preparation e eto time nile to amie nije ghore banay felte partam. amare taka ferot den,Golam,
e9nr,5,3.46,9,Price wise the quantity of the food is very less. And the vegetable curry consists of oil only i didn't see any vegetable in there. ,Fabiha,
x0n2,30,2.84,28,মাল্টার শরবত আপনারা জাস্ট একটা খোলা বোতলে দিয়েছেন। এবং বোতলটা পরিষ্কারও ছিল না। চুল লেগে ছিল বোতলে। এটা দেখে তো খাওয়ার রুচিই হবে না মানুষের। ,Sumi,
s5hl,30,2.31,17,Not even a single meat piece. disappointed. ,Atif,
xy37,1,1.0,0,why you send half biriyani? I ordered full,Afroza,
sava,30,3.29,39,got a small cocroach in egg khichuri .bad service yucccc¿??,Ashraf,
m08x,14,3.4,19,boil the chicken...  nobody likes halfboiled chicken. 🤬,Razwan,
zdmn,3,4.56,7,Delicious 😋,Hossain,
kcje,1,1.0,0,ফালতু   খাবার খাইয়া  টাকা লছ কইরেন না,MD,
bavc,23,4.0,43,tasty and crispy. best waffle ,Sadia,
rjld,30,4.71,65,"আপু আপনার চিকেন টা আমার গ্রামের বাড়ির আর মা, কাকির হাতের চিকেন ভুনার কথা মনে করিয়ে দেয়। আজকে খাবার টা লেট পেয়েছি কিন্তু টেস্ট টপ নচ। গরম ছিলো।
আপু দেশি মুরগি এড করেন, আরো বেশি মজা হবে আসা করি সেটা",Fabia,
t1jv,17,3.62,28,Best Resturant In Uttara Food 5/5,Stephane,
iedk,10,3.0,11,খাবার অনেক মজা ছিল আমার বাচ্চারা এই দোকান ছাড়া অন্য দোকান থেকে  খাবার নিলে একদমই খেতে চায় না তাই বারবার আমি এই দোকানে অর্ডার করি আগে একদিন খাবারটা একটু ডিস্টার্ব ছিল আমি ম্যানেজারকে বলেছিলাম ,Md,
avx4,30,3.75,50,Mashallah khabar sotti onk onk moja khub Moja kore kheyechi tripti kore ❤️❤️❤️,Soha,
lf0e,30,3.14,36,"Food was stale .. I specifically mentioned for my kids, still they sent rotten food!! ",Nusrat,
f4hh,5,2.83,4,it tastes so bad,Tanjilur,
dx9j,2,3.0,3,"Biryani  was flavourful, thought its not bashmati rice",Sabbir,
lpke,27,2.84,28,good,Thief,
xkml,30,3.16,32,No flavor in food. Shawarma very small.,Mrs,
pujl,24,4.02,45,Good pasta. liked it. ,Tareq,
w522,1,3.0,1,took too long time to prepare the food.  quantity of beef was too little compare to the cost of Tk.500. variety of rice is not standard. ,Kabir,
